Siralim Ultimate,,Version 2.0,,"Please send any corrections and screenshots of new entries to me on Discord. EmptyPalms#9402
2.0 Creatures and Spells have been added.",
Class,Family,Creature,Trait Name,Trait Description,Material Name
Death,Abomination,Abomination Brute,Flesh Rot,"After an enemy is afflicted with either Weak or Vulnerable, this creature afflicts them with whichever of these debuffs the target doesn't already have.",Brute Stitches
Death,Abomination,Abomination Volatile,Quell,"When this creature attacks an enemy with Vulnerable, it deals 100% more damage.  If this damage exceeds 35% of the target's Current health, the target dies.",Volatile Stitches
Death,Abomination,Bile Abomination,Frailty,"When this creature attacks an enemy with Vulnerable, it deals 100% more damage, recovers health equal to 100% of the damage dealt, and removes this debuff.",Bile Stitches
Death,Abomination,Cloth Abomination,Extra Padding,"At the start of battle, this creature gains a Barrier that absorbs damage equal to 200% of its highest stat.",No Material Exists
Death,Abomination,Flesh Abomination,Wretchedness,Your creatures' attacks against enemy creatures with Vulnerable cannot be dodged and have a 50% greater chance to deal critical damage. This trait does not stack.,Flesh Stitches
Death,Abomination,Gore Abomination,Manipulate Fear,Enemy creatures with Weak have 50% less attack and cannot deal critical damage. This trait does not stack.,Gore Stitches
Death,Abomination,Ritual Abomination,Turn to Gray,"After this creature is attacked, enemies are afflicted with Vulnerable.",Ritual Stitches
Death,Abomination,Wandering Abomination,Sin and Sentence,"After this creature attacks an enemy with both Weak and Vulnerable, it has a 50% chance to kill the target.",Wandering Stitches
Rodian Master,Abomination,Mastery Trait,Master of Abominations,"If all the creatures in your party are Abominations, enemies always have Weak and Vulnerable, and take 50% more damage. This trait does not stack.",Sigil of the Abomination
Sorcery,Alemental,Grenale,Slosh,"After your creatures manually cast a spell, a random enemy is afflicted with a random debuff. This trait does not stack.",Bottle of Grenale
Chaos,Alemental,Lagergoyle,Drinking Game,"At the start of each enemy's turn, they have a 5% chance to be killed. This trait does not stack.",Bottle of Lagergoyle
Death,Alemental,Ryetrap,Alcoholism,"After an enemy is afflicted with a debuff, they have a 10% chance to be sent to the bottom of the Timeline. This trait does not stack.",Bottle of Ryetrap
Chaos,Alemental,Scotchpion,Drunken Rage,"At the start of each enemy's turn, they have a 5% chance to attack one of their allies for each debuff they have. This trait does not stack.",Bottle of Scotchpion
Life,Alemental,Spirits,Numbed Pain,"When your creatures would take damage from an attack or spell, they have a 5% chance to take 0 damage for each debuff they have. This trait does not stack.",Bottle of Spirits
Sorcery,Alemental,Vermowl,False Epiphany,Enemies' spells cost 1 more charge for every 2 debuffs they have. This trait does not stack.,Bottle of Vermowl
Nature,Alemental,Vulperry,Bob and Weave,Your creatures have an independent 25% chance to dodge for each buff the enemy has. This trait does not stack.,Bottle of Vulperry
Death,Alemental,Whiskull,Hangover,"At the start of each enemy's turn, this creature has a 35% chance to cast a random Booze Spell. This trait does not stack.",Bottle of Whiskull
Life,Alemental,Winegel,Hangover Cure,"After your creatures heal an enemy, it has a 3% chance to be killed for each debuff it has. This trait does not stack.",Bottle of Winegel
Nature,Alemental,Woodka,Drunken Brawler,"After your creatures dodge an attack, they counter-attack for 40% normal damage. This trait does not stack.",Bottle of Woodka
Rodian Master,Alemental,Mastery Trait,Master of Alementals,"At the start of battle, your Alementals gain 2 random Booze Spells for each Alemental fighting on your side. This trait does not stack.",Sigil of the Alemental
Life,Amaranth,Amaranthine,Incandescence,"At the start of battle, this creature gains Maximum health equal to 100% of its defense.",Amaranthine Splinters
Life,Amaranth,Enclave Amaranth,Memento Mori,"After this creature is attacked, the enemy takes damage equal to 75% of this creature's defense.",Enclave Splinters
Life,Amaranth,Lost Amaranth,Soulstone Splinter,"After your creatures are attacked, they gain 20% defense. This trait does not stack.",Unguided Splinters
Life,Amaranth,Nexus Amaranth,Collective Unconscious,"After your creatures gain defense, they gain an equal amount of attack. This trait does not stack.",Nexus Splinters
Life,Amaranth,Planetary Amaranth,Jailbreak,Your creatures have 50% more defense. This trait does not stack.,Planetary Splinters
Life,Amaranth,Radiant Amaranth,Crystallization,"After this creature casts a spell, your creatures gain 15% defense.",Radiant Splinters
Life,Amaranth,Solar Amaranth,Solar Flare,"After this creature is attacked while it is defending or provoking, it casts Stellar Flare.  This spell deals 50% more damage.",Solar Drink
Life,Amaranth,Stardust Amaranth,Exalted Detriment,Your creatures deal additional damage with attacks equal to 30% of their defense. This trait does not stack.,Stardust Splinters
Rodian Master,Amaranth,Mastery Trait,Master of Amaranths,"At the start of battle, your Amaranths share 15% of their Defense with each other. This trait does not stack.",Sigil of the Amaranth
Life,Amphisbaena,Amphisbaena Arbitrator,Multistrike,"Your creatures attack 1 additional time, but all their attacks deal 30% less damage. This trait does not stack.",Attorney Cord
Life,Amphisbaena,Amphisbaena Chef,Multicast,"Your creatures cast spells 1 additional time, but their spells are 30% less potent. This trait does not stack.",Chef Cord
Life,Amphisbaena,Amphisbaena Gardener,Unrealized Potential,"After your creatures gain stats, they gain these stats an additional time, but they gain 50% fewer stats. This trait does not stack.",Horticulturist Cord
Life,Amphisbaena,Amphisbaena Inspector,Unbidden Miracle,"After your creatures are healed, they are healed an additional time, but they receive 50% less healing from all sources. This trait does not stack.",Inspector Cord
Life,Amphisbaena,Amphisbaena Prospector,Careful What You Wish For,"After your creatures gain a buff, they gain an additional random buff, but their buffs only last for 1 turn. This trait does not stack.",Prospector Cord
Life,Amphisbaena,Amphisbaena Vaccinator,Grim Ailment,"After your creatures apply a debuff, they apply an additional random debuff, but their debuffs only last for 1 turn. This trait does not stack.",Vaccinator Cord
Rodian Master,Amphisbaena,Mastery Trait,Master of Amphisbaenas,"If all the creatures in your party are Amphisbaenas, their innate traits' respective effects activate 1 additional time. This trait does not stack.",Sigil of the Amphisbaena
Life,Angel,Aegis Angel,Hand of Light,This creature's attacks deal 75% more damage and grant this creature Shelled.,Aegis Claymore
Life,Angel,Angel Soulslayer,Soul to Keep,"This creature's attacks deal 75% more damage.  After this creature attacks, it gains a copy of the target's trait.",Soulslayer claymore
Life,Angel,Doomblight Angel,Scourge,This creature's attacks deal 75% more damage and afflict the target with Weak.,Doomblight Claymore
Life,Angel,Firewound Angel,Pyre,This creature's attacks deal 75% more damage and afflict the target with Burning.,Firewound Claymore
Life,Angel,Goldblight Angel,Stasis,This creature's attacks deal 75% more damage and afflict the target with Confused.,Goldblight Claymore
Life,Angel,Icewound Angel,Rime,This creature's attacks deal 75% more damage and afflict the target with Frozen.,Icewound Claymore
Life,Angel,Imperial Angel,Black Hole Halo,This creature's attacks deal 75% more damage and afflict the target with Scorned.,Imperial Claymore
Life,Angel,Thunderwound Angel,Storm of the Century,"After this creature attacks, it casts Lightning Storm.",Thunderwound Claymore
Nether Boss,Angel,Judgement and Mercy,Final Act of Hatred,"When one of your creatures dies, each of their permanent Spell Gems has a 20% chance to be cast.",Claymore of Hatred
Nether Boss,Angel,Judgement and Mercy,Final Act of Judgment,"At the start of this creature's turn, it deals damage to enemies equal to 1% of their Current Health for every 0.5% of Health this creature is missing. The damage cannot exceed 35% of each creature's Current Health.",Claymore of Judgment
Nether Boss,Angel,Judgement and Mercy,Final Act of Mercy,"At the start of this creature's turn, it kills all enemies that are below 25% Health.",Claymore of Mercy
Rodian Master,Angel,Mastery Trait,Master of Angels,Your Angels' attacks apply all the debuffs that your other Angels' innate traits apply as well.,Sigil of the Angel
Sorcery,Animation,Brain Animation,Red Tether,"After an adjacent ally attacks, this creature attacks the enemy as well.  This trait does not work with creatures that also have this trait.",Red Shackle
Sorcery,Animation,Ear Animation,Green Tether,"After an adjacent ally heals a creature, this creature is healed for the same amount and gains a Barrier that absorbs damage equal to 100% of the amount healed.  This trait does not work with creatures that also have this trait.",Green Shackle
Sorcery,Animation,Eye Animation,Yellow Tether,"After this creature deals critical damage, its adjacent allies gain 30% attack and speed.  This creature always has Savage.",Yellow Shackle
Sorcery,Animation,Feet Animation,Blue Tether,"When an adjacent creature would take attack or spell damage, or gain a buff or debuff, this creature becomes the new target instead.",Blue Shackle
Sorcery,Animation,Hand Animation,Silver Tether,"After an adjacent creature is killed, this creature gains 60% of its stats (other than health).",Silver Shackle
Sorcery,Animation,Lip Animation,Purple Tether,"After an adjacent ally casts a spell, this creature casts that spell as well.  This trait does not work with creatures that also have this trait.",Purple Shackle
Rodian Master,Animation,Mastery Trait,Master of Animations,Your Animation creatures have a 50% chance to receive all effects that require them to be adjacent to your other creatures. This trait does not stack.,Sigil of the Animation
Death,Animatus,Animatus,Brilliant Creation,"This creature has 15% more attack and intelligence for each dead creature on your side, and 15% more defense and speed for each living creature on your side.",No Material Exists
Life,Apis,Apis Adolescent,Primed And Ready,"After an enemy casts a spell on all your creatures, this creature attacks it for 300% normal damage.",Adolescent Egg
Life,Apis,Apis Charger,Threshold,"After this creature attacks, it afflicts the target with Scorned and Disarmed.",Charger Headdress
Life,Apis,Apis Defender,Vigilance,This creature intercepts enemies' attacks on its allies.,Defender Headdress
Life,Apis,Apis Endurer,Long Live,This creature takes 2% less damage from attacks for every 1% health it is missing.,Endurer Headdress
Life,Apis,Apis Guardian,Grit,"At the start of battle, this creature's attack is added to its health and defense, then its attack is set to its minimum value.",Guardian Headdress
Life,Apis,Apis Majesty,Necessitarianism,"At the start of battle, this creature gains 100% attack, intelligence, defense, and speed.  This creature deals 70% less damage.",Majesty Headdress
Life,Apis,Apis Protector,Righteous Concession,This creature and the creatures adjacent to it are resistant to debuffs.,Protector Headdress
Life,Apis,Apis Warrior,Crunch,This creature's attacks deal 75% more damage and afflict the target with Vulnerable.,Warrior Headdress
Rodian Master,Apis,Mastery Trait,Master of Apises,"At the start of battle, your Apises gain the Long Live trait.",Sigil of the Apis
Chaos,Apocalypse,Aaxer Apocalypse,Urh Harbinger,"Your creatures have 15% more attack, intelligence, defense, and speed for each turn they've taken in the current battle. This trait does not stack.",Aaxer Sinew
Chaos,Apocalypse,Agor Apocalypse,Urdox Harbinger,Your creatures deal 50% more critical damage for each turn they've taken in the current battle. This trait does not stack.,Agor Sinew
Chaos,Apocalypse,Corox Apocalypse,Culmination,Your creatures' spells deal 5% more damage for each spell all your creatures have manually cast in the current battle. This trait does not stack.,Corox Sinew
Chaos,Apocalypse,Gorum Apocalypse,Quahn Harbinger,Your creatures have a 25% chance to prevent debuffs for each turn they've taken in the current battle. This trait does not stack.,Gorum Sinew
Chaos,Apocalypse,Inox Apocalypse,Naxor Harbinger,Your creatures deal 40% more damage for each turn they've taken in the current battle. This trait does not stack.,Inox SInew
Chaos,Apocalypse,Zarox Apocalypse,Mungus Harbinger,Your creatures take 10% less damage for each turn they've taken in the current battle. This trait does not stack.,Zarox Sinew
Chaos,Apocalypse,Zzyia Apocalypse,Phase Out,Your creatures have a 5% chance (up to 50%) to avoid damage for each turn they've taken in the current battle. This trait does not stack.,Zzyia Sinew
Nether Boss,Apocalypse,Scylla and Charybdis,Gift of Charybdis,"After your creatures die, they grant 25% of their Intelligence and Defense to all your creatures. This trait does not stack.",Charybdis' Trident
Nether Boss,Apocalypse,Scylla and Charybdis,Torn Between Scylla and Charybdis,"After your creatures die, they grant a copy of their innate trait to your other creatures.",Cloud Opal
Rodian Master,Apocalypse,Mastery Trait,Master of Apocalypses,Your Apocalypses act as if they take 1 additional turn. This trait does not stack.,Sigil of the Apocalypse
Nature,Arachnalisk,Ancient Arachnalisk,Consume,"When this creature attacks an enemy with Snared, it deals 150% more damage, recovers health equal to 100% of the damage dealt, and removes this debuff.",Ancient Mandible
Nature,Arachnalisk,Canopy Arachnalisk,Here to Die,"After an enemy is afflicted with either Bleeding or Poisoned, this creature afflicts them with whichever of these debuffs the target doesn't already have.",Canopy Mandible
Nature,Arachnalisk,Creeping Arachnalisk,Hopelessness,Enemies with Snared take 50% more damage. This trait does not stack.,Creeping Mandible
Nature,Arachnalisk,Dragonlair Arachnalisk,Numbing Venom,"After an enemy takes damage from Poisoned, they have a 50% chance to be afflicted with Snared. This trait does not stack.",Dragonlair Mandible
Nature,Arachnalisk,Goliath Arachnalisk,Entrapment,"After this creature is attacked, it afflicts the enemy with Snared.",Goliath Mandible
Nature,Arachnalisk,Razorweb Arachnalisk,Jagged Edges,"At the start of each creature's turn, enemies with Snared take damage equal to 10% of this creature's speed. This trait does not stack.",Razorweb Mandible
Nature,Arachnalisk,Spitting Arachnalisk,Spit Poison,"After this creature is attacked, it afflicts enemies with Poisoned.  If enemies already have this debuff, its potency is increased by 30% instead.",Spitting Mandible
Nature,Arachnalisk,Woolly Arachnalisk,Arachnophobia,"Enemies with Snared take 100% more damage from their Poisoned debuffs.  When they break free, they take damage equal to 5 turns of their Poisoned debuffs. This trait does not stack.",Woolly Mandible
Rodian Master,Arachnalisk,Mastery Trait,Master of Arachnalisks,Enemies take 20% more damage from Poisoned for each Arachnalisk fighting on your side. This trait does not stack.,Sigil of the Arachnalisk
Nature,Arbiter,Breathing Arbiter,In Favor of Protection,"After start-of-battle effects are determined, 40% of this creature's defense is added to that of your other creatures.",Durable Scales
Nature,Arbiter,Feeling Arbiter,In Favor of Destruction,"After start-of-battle effects are determined, 40% of this creature's attack is added to that of your other creatures.",Emoting Scales
Nature,Arbiter,Final Arbiter,In Favor of All,"After start-of-battle effects are determined, this creature's lowest stat is set equal to its highest stat.",Scaly Scales
Nature,Arbiter,Living Arbiter,In Favor of Survival,"After start-of-battle effects are determined, 40% of this creature's Maximum health is added to that of your other creatures.",Vital Scales
Nature,Arbiter,Moving Arbiter,In Favor of Escape,"After start-of-battle effects are determined, 40% of this creature's speed is added to that of your other creatures.",Swift Scales
Nature,Arbiter,Thinking Arbiter,In Favor of Creation,"After start-of-battle effects are determined, 40% of this creature's intelligence is added to that of your other creatures.",Brainy Scales
Rodian Master,Arbiter,Mastery Trait,Master of Arbiters,"If all the creatures in your party are Arbiters, their innate traits are 50% more powerful. This trait does not stack.",Sigil of the Arbiter
Nature,Aspect,Aspect of Change,Call of Evolution,"After this creature dodges an attack, it casts one of its spells.  In addition, this creature has an independent 50% chance to dodge attacks.",Change Figment
Death,Aspect,Aspect of Decay,Call of the Grave,"After this creatures dodges, enemies lose 20% of their highest stat.  In addition, this creature has an independent 50% chance to dodge attacks. This trait does not stack.",Decay Figment
Nature,Aspect,Aspect of Seasons,Call of the Aspect,"This creature has an independent 12% chance to dodge attacks for each different type of Aspect fighting on your side.  When it does, your Aspects gain 20% attack, intelligence, defense, and speed.",Seasons Figment
Nature,Aspect,Aspect of Time,Call of Time,"After this creature dodges an attack, it gains a Barrier that absorbs damage equal to 50% of its speed.  In addition, this creature has an independent 50% chance to dodge attacks.",Time Figment
Nature,Aspect,Autumn Aspect,Call of the Harvest,"Your creatures always have Agile.  In addition, this creature has an independent 50% chance to dodge attacks.",Autumn Figment
Nature,Aspect,Springtime Aspect,Call of the Bloom,"After this creature dodges, your creatures recover 30% health.  In addition, this creature has an independent 50% chance to dodge attacks.",Springtime Figment
Nature,Aspect,Summer Aspect,Call of the Solstice,"After this creature dodges, it attacks the enemy.  In addition, this creature has an independent 50% chance to dodge attacks.",Summer Figment
Nature,Aspect,Winter Aspect,Call of the Tundra,"After this creature dodges, it casts Snowstorm.  In addition, this creature has an independent 50% chance to dodge attacks.",Winter Figment
Nether Boss,Aspect,Aspect of Meraxis,Crown Prince Syndrome,"After this creature dodges or deals critical damage, it defends or provokes.",Whacking Stick
Nether Boss,Aspect,Aspect of Meraxis,Never Yield,"This creature always deals critical damage. At the start of this creature's turn, it defends and then its turn ends.",Signet of Unity
Nether Boss,Aspect,Aspect of Meraxis,Stand Alone Complex,"This creature always dodges attacks. At the start of this creature's turn, it provokes and then its turn ends.",Peacebloom
Rodian Master,Aspect,Mastery Trait,Master of Aspects,"Your Aspects have another 50% independent chance to dodge attacks. In addition, your Aspects take 25% less damage from all sources. This trait does not stack.",Sigil of the Aspect
Chaos,Asura,Asura Blooddrinker,Thirst For Blood,"After your creatures deal critical damage, they recover health equal to 100% of the damage dealt. This trait does not stack.",Blooddrinker Tattoo
Chaos,Asura,Asura Bonebreaker,Ferocity,Your creatures always have Savage and have a 25% greater chance to deal critical damage. This trait does not stack.,Bonebreaker Tattoo
Chaos,Asura,Asura Fleshstomper,Marked With Blood,"After your other creatures deal critical damage with attacks, this creature attacks the target.",Fleshstomper Tattoo
Chaos,Asura,Asura Gutslasher,Sidewinder,"After this creature deals critical damage, it has a 75% chance to attack again.",Gutslasher Tattoo
Chaos,Asura,Asura Heartripper,Pummel,This creature deals 200% additional critical damage.,Heartripper Tattoo
Chaos,Asura,Asura Strangler,Lacerate,"After your creatures deal critical damage, this creature afflicts the target with Silenced and Bleeding.",Strangler Tattoo
Chaos,Asura,Zantai,Quadhits,"When this creature attacks, it attacks a total of 4 times for 30% normal damage.  It has a 10% chance to kill the target each time it deals Critical damage.",Zantai Tattoo
Rodian Master,Asura,Mastery Trait,Master of Asuras,Your Asuras' on-critical effects activate 2 additional times. This trait does not stack.,Sigil of the Asura
Sorcery,Automaton,Ancient Automaton,Momentum,"At the start of this creature's turn, it reduces the enemies' speed by 15% of this creature's speed.",Ancient Gear
Sorcery,Automaton,Arcane Automaton,Motivation,"At the start of this creature's turn, it reduces the enemies' attack by 15% of this creature's attack.",Arcane Gear
Sorcery,Automaton,Cursed Automaton,Euphoria,"At the start of this creature's turn, it reduces the enemies' intelligence by 15% of this creature's intelligence.",Cursed Gear
Sorcery,Automaton,Decrepit Automaton,Instigation,"At the start of this creature's turn, it reduces the enemies' defense by 15% of this creature's defense.",Decrepit Gear
Sorcery,Automaton,Luxury Automaton,Pandemic,"At the start of this creature's turn, it afflicts enemies with a random debuff.",Luxury Gear
Sorcery,Automaton,Siege Automaton,Battle From Within,"At the start of this creature's turn, it deals damage to enemies equal to 25% of its missing health.",Siege Gear
Sorcery,Automaton,War Automaton,Downturn,"At the start of this creature's turn, it removes 1 buff from each enemy.",War Gear
Rodian Master,Automaton,Mastery Trait,Master of Automatons,"If all the creatures in your party are Automatons, the strength of their innate traits is doubled. This trait does not stack.",Sigil of the Automaton
Chaos,Avatar,4080,Robotic Armor,"Your creatures are resistant to debuffs.  After your creatures are afflicted with a debuff, they have a 50% chance to gain Immunity. This trait does not stack.",No Material Exists
Sorcery,Avatar,Aeolian,Periphery,"Your creatures always dodge attacks and deal critical damage, but take 50% more damage. This trait does not stack.",No Material Exists
Death,Avatar,Alexandria,Boundless Creativity,"After a creature gains or loses stats, its allies gain or lose 25% of those stats as well. This trait does not stack.",No Material Exists
Nature,Avatar,Anneltha,Grandiose,"At the end of your creatures' turns, their turn counter increases by 3 additional turns.  In addition, your creatures act as if they have 3 more buffs, debuffs, and minions than they actually have. This trait does not stack.",No Material Exists
Nature,Avatar,Apocranox,Trick Shot,"After this creature attacks, it casts 3 of its equipped Arrow spells.",No Material Exists
Nature,Avatar,Ariamaki,Twilight Zone,"Enemies deal damage with attacks and spells using their lowest stat, rather than their attack or intelligence.  In addition, enemies take damage from attacks and spells based on their lowest stat, rather than defense.",No Material Exists
Sorcery,Avatar,Aurum,Pandora,"Your creatures can equip all Spell Gems, regardless of their class.  After your creatures manually cast a spell, they also cast a random spell from their Spell Gem list from each other class.",No Material Exists
Sorcery,Avatar,Azural,Wintermaul,"At the start of this creature's turn, it casts Snowstorm.  After your creatures attack a Frozen enemy, they cast Shatter on it. This trait does not stack.",No Material Exists
Chaos,Avatar,Caliban,The Nether,"At the start of your other creatures' turns, this creature performs an action depending on that creature's class.  Chaos - Attack a random enemy.  Death - Enemies are afflicted with a random debuff.  Life - Your creatures gain a random buff.  Nature - Your creatures gain 10% stats.  Sorcery - Cast one of their Spell Gems. This trait does not stack.",No Material Exists
Death,Avatar,Erebyss,Avenged Sevenfold,"After your creatures take damage from an attack or spell, they cast a Scourge spell on the enemy.  The type of Scourge spell is based on the enemy's class. This trait does not stack.",No Material Exists
Death,Avatar,Friden,The Black,"Enemies always have Poisoned, Blighted, Leeching, and Mending.",No Material Exists
Chaos,Avatar,Genaros,Surge of Vitality,"After your creatures attack or are attacked, they gain 20% Maximum health. This trait does not stack.",No Material Exists
Chaos,Avatar,Gonfurian,Eraser,"After your creatures attack, they reduce the target's Maximum health by the same amount of damage dealt. This trait does not stack.",No Material Exists
Life,Avatar,Lister,Perfect Imperfection,"Your creatures deal 40% more damage and take 10% less damage (up to 90%) for each turn they've taken in the current battle.  At the start of battle, your creatures gain the Timewalk spell. This trait does not stack.",No Material Exists
Nature,Avatar,Meraxis,Marigold,Your creatures' stats gained in battle are no longer subject to diminishing returns.,No Material Exists
Death,Avatar,Mortem,Blood Pact,Your creatures deal additional damage with attacks and spells equal to 5% of all the damage your creatures have dealt in the current battle. This trait does not stack.,No Material Exists
Life,Avatar,Muse,"Better, Faster, Stronger","Your creatures' minions perform their effects twice.  If they don't have an effect that can be repeated, they are instead 100% more powerful.  This trait does not affect Illusion or any Demon minions. This trait does not stack.",No Material Exists
Life,Avatar,Perdition,Euthanasia,"After this creature damages an enemy below 50% health, it casts Death Siphon on it.",No Material Exists
Death,Avatar,Reclusa,Speculation,"When your creatures attack or cast a spell, they have a 100% chance to do so 1 additional time.  This effect can occur repeatedly, but the chance decreases by a multiplicative 25% each time. This trait does not stack.",No Material Exists
Nature,Avatar,Regalis,Brothel,"At the start of battle, your other creatures with the same class as this creature share their innate trait with the creatures adjacent to them. This trait does not stack.",No Material Exists
Life,Avatar,Shallan,Fae Dust,Your creatures deal 5% more damage with attacks and spells and take 5% less damage for each time they've attacked or cast a spell in the current battle. This trait does not stack.,No Material Exists
Life,Avatar,Surathli,Prayer Position,"At the end of your creatures' turns, they defend.  Your creatures take 90% less damage while they're defending. This trait does not stack.",No Material Exists
Sorcery,Avatar,T'mere M'rgo,Gemcutter,Your creatures' Ultimate Spell Gems cannot be Sealed and do not consume charges.  Your creatures are immune to Silenced.,No Material Exists
Chaos,Avatar,Tartarith,The End,"At the end of each enemy's turn, this creature deals damage to it equal to 40% of this creature's highest stat. This trait does not stack.",No Material Exists
Sorcery,Avatar,Tenebris,Lingering Essence,This creature takes 18% less damage for each of its living allies.  This trait does not work if another creature has this trait.,No Material Exists
Nature,Avatar,Torun,I HATE YOU !@#$ING ALL,"AT THE END OF YOUR CREATURES' TURNS, THEY'LL SAY A LOT OF !@#$ED UP !@#$ TO THE ENEMIES.  SINCE YOUR ENEMIES HAVE THE EMOTIONAL FORTITUDE OF A PIKACHU, THEY'LL CRY LIKE A BUNCH OF !@#$%ES AND DEAL 90% LESS DAMAGE. This trait does not stack, WHATEVER THE !@#$ THAT MEANS.",No Material Exists
Chaos,Avatar,Venedon,Soul Reaver,"After this creature damages an enemy, it steals their buffs and minions and gives them its debuffs.  In addition, your creatures' buffs and minions last forever, and enemies' debuffs last forever.",No Material Exists
Death,Avatar,Vertraag,Lune,"After your creatures manually cast a spell, they also cast a random, powerful spell. This trait does not stack.",No Material Exists
Chaos,Avatar,Vulcanar,Firelord,"When your creatures attack, they deal 20% more damage for each time they've attacked in the current battle. This trait does not stack.",No Material Exists
Life,Avatar,Yseros,The Truth,"Your creatures' Artifacts' Nether Stones are 100% more powerful, and their Nether Stones' Spell Gems have a 100% chance to activate. This trait does not stack.",No Material Exists
Sorcery,Avatar,Zonte,Expanded Power,"Your creatures' damaging spells that have ""small"", ""moderate"", or ""large"" potency now have ""massive"" potency.",No Material Exists
Backer,Backer,Backer Trait,Abyss Orbs,"If an enemy has taken at least 2 turns, they are afflicted with a random debuff at the start and end of their turn. This trait does not stack.",Dark Stick
Backer,Backer,Backer Trait,Adaptive Tactics,Your creatures' attacks ignore 5% of the enemies' Defense (up to 50%) for each time a creature died in the current battle. This trait does not stack.,Weapon Kit
Backer,Backer,Backer Trait,Alchemist's Buffer,This creature takes 50% less damage from spells and 50% more damage from attacks. This creature has 50% more Intelligence and 50% less Attack.,Corruptium
Backer,Backer,Backer Trait,Anatidaephobia,All creatures' attacks make a quacking sound.,Rubber Ducky
Backer,Backer,Backer Trait,Anointed,"After this creature attacks, it gains 20% Speed.",Prismatic Feather
Backer,Backer,Backer Trait,Anti-Magic Field,Your creatures have a 35% chance to avoid debuffs. This trait does not stack.,Vexting Salt
Backer,Backer,Backer Trait,Arcane Echo,"After your creatures manually cast a spell, they cast a random spell from the same class.",Arcane Puzzle
Backer,Backer,Backer Trait,At Peace,"After your creatures are resurrected, they gain a Barrier equal to 100% of the amount of Health they resurrected with. This trait does not stack.",Angelic Tears
Backer,Backer,Backer Trait,Aura Boost,Increases the effectiveness of this creature's first Stat Slot by 400%.,Mathematics Textbook
Backer,Backer,Backer Trait,Bloodletting,"After an enemy takes damage from Bleeding, your creatures have a 35% chance to be resurrected with 50% Health. This trait does not stack.",Ruby Dagger
Backer,Backer,Backer Trait,Bonding,"After your creatures are killed, they have a 7% chance to be resurrected with 50% Health for each creature that belongs to the same class fighting on your side. This trait does not stack.",Soul Stones
Backer,Backer,Backer Trait,Boss Powers,"At the start of battle, your creatures gain 50% Maximum Health. Your creatures take 50% more damage. This trait does not stack.",Obvious Weak Spot
Backer,Backer,Backer Trait,Celestial Nexus,"While this creature has Barrier or Shelled, it takes damage from attacks and spells in place of your other creatures. This trait does not stack.",Celestial Map
Backer,Backer,Backer Trait,Chaotic Disposition,"After an enemy is afflicted with a debuff, this creature has a 10% chance to cast Debilitating Blast.",Sickly Toad's Stool
Backer,Backer,Backer Trait,Charging Rod,"After your creatures manually cast a spell, its Spell Gems have a 30% chance to gain 1 Charge. This trait does not stack.",Cold Iron Needle
Backer,Backer,Backer Trait,Consecrated Ground,This creature and its adjacent allies are immune to damage from minions and take 35% less indirect damage. This trait does not stack.,Sacred Mace
Backer,Backer,Backer Trait,Conspiracy Theory,"After you defeat a Treasure Golem, your creatures gain several bonuses for the rest of the time you're in that Realm. This trait does not stack.",Broken Thermometer
Backer,Backer,Backer Trait,Coward's Embrace,"Your creatures have a 50% independent chance to dodge, but they can't deal critical damage. This trait does not stack.",Crystallized Cowardice
Backer,Backer,Backer Trait,Dead of Winter,"After an enemy afflicts a debuff, it is afflicted with Frozen and Poisoned.",Alchemical Frost
Backer,Backer,Backer Trait,Deep Roots,"When this creature takes damage from a creature that belongs to its class, it has a 75% chance to avoid that damage.",Ancient Soulsoil
Backer,Backer,Backer Trait,Determination,"After an ally is killed, this creature gains 50% Defense.",Gold Star of Courage
Backer,Backer,Backer Trait,Dragon's Rage,"At the start of this creature's turn, it casts Fireball.",Draco Rubies
Backer,Backer,Backer Trait,Dualcast,"At the start of this creature's turn, it casts the most recent spell it cast again.",Ring of Echoes
Backer,Backer,Backer Trait,Eldritch Rune,"At the start of battle, this creature's Maximum Health is set to 50%. This creature's spells are 100% more potent.",Tome of Eldritch Knowledge
Backer,Backer,Backer Trait,Ember Soul,"While this creature has Burning, it has 75% more Attack and Speed.",Souls of the Ineffable
Backer,Backer,Backer Trait,Embiggening,This creature gains 100% more stats.,Pulsing Stone
Backer,Backer,Backer Trait,Emerald Blessings,This creature gives and receives 150% more healing.,Emerald Tide Scrap
Backer,Backer,Backer Trait,Erratic,"At the start of battle, one of your creatures is chosen to have 150% more stats (other than Health) for the rest of the battle.",Strange Smoke
Backer,Backer,Backer Trait,Excruciating Venom,"After this creature attacks an enemy with Poisoned, it gains Attack equal to 50% of the potency of this debuff.",Venomous Stinger
Backer,Backer,Backer Trait,Firedevil's Will,Your creatures are immune to Burning and enemies take 50% more damage from this debuff. This trait does not stack.,Firedevil's Tears
Backer,Backer,Backer Trait,Flash Barrier,This creature takes 90% less damage until the start of its first turn.,Barrier Parts
Backer,Backer,Backer Trait,Flower Power,"At the start of battle, your creatures gain 3 random Nature Spell Gems. This trait does not stack.",Weeds and Seeds
Backer,Backer,Backer Trait,Forced Momentum,"At the start of your creatures' turns, they have a 35% chance to gain a random trait. This trait does not stack.",Cursed Scope
Backer,Backer,Backer Trait,Frostburn,"After an enemy takes damage from Burning, it is afflicted with Frozen. This trait does not stack.",Frigid Flame
Backer,Backer,Backer Trait,Frozen Legion,"After your creatures attack an enemy with Frozen, they gain 1 stack of Zombies. This trait does not stack.",Meat Popsicle
Backer,Backer,Backer Trait,Gambler's Game,"At the start of each creature's turn, it has a 50% chance to gain a random buff. Otherwise, it gains a random trait. This trait does not stack.",Riskium
Backer,Backer,Backer Trait,Gem Leech,"After this creature attacks, it casts one of the target's Spell Gems.",Crystalline Bloodsucker
Backer,Backer,Backer Trait,Glitch In The System,"When a creature would gain a buff, it is afflicted with a random debuff instead.",Fried Circuitry
Backer,Backer,Backer Trait,Guards!,"After this creature attacks an enemy with Stone, it has a 30% chance to be killed.",Handcuffs
Backer,Backer,Backer Trait,Harbinger's Sign,"After this creature is attacked, it has a 50% chance to cast Harbinger's Curse.",Death Herald
Backer,Backer,Backer Trait,Heads or Tails,"After this creature attacks, it has a 50% chance to gain a random buff. Otherwise, it gains a random minion.",Lucky Coin
Backer,Backer,Backer Trait,Hederas's Grasp,"After this creature attacks, it afflicts the target and the creatures adjacent to the target with Snared. This creature's attacks deal 40% more damage.",Bindwood
Backer,Backer,Backer Trait,Hemophilia,Enemies' Bleeding debuffs last forever and deal 35% more damage. This trait does not stack.,Bloody Rags
Backer,Backer,Backer Trait,Hidden Potential,"At the start of this creature's second turn, it recovers 100% Health and gains 100% stats (other than Health).",Self-Help Book
Backer,Backer,Backer Trait,High Risk,Your creatures deal 40% more damage and take 10% more damage for each turn they've taken in the current battle. This trait does not stack.,Drake Scale
Backer,Backer,Backer Trait,Hive,This creature has 15% more stats (other than Health) for each other creature with this trait fighting on your side.,Hivestone
Backer,Backer,Backer Trait,Hoarding,This creature has 50% more Intelligence for each different class of Spell Gem it has equipped.,Sentimental Rock
Backer,Backer,Backer Trait,Horde Limits,"After your creatures are afflicted with a debuff, they have a 25% chance to gain Immune. This trait does not stack.",Vaccine
Backer,Backer,Backer Trait,Imposter Syndrome,"At the start of battle, this creature gains stats (other than Health) equal to 50% of your other creatures' highest stats. This creature starts battles at the bottom of the Timeline.",Shattered Mirror
Backer,Backer,Backer Trait,Improbable Catapult,"At the start of this creature's turn, enemies gain a copy of its innate trait. This trait can only activate once per side.",Trait Launcher
Backer,Backer,Backer Trait,In All Things,"At the start of this creature's turn, it gains stats equal to 20% of its highest stat.",Broken Scales
Backer,Backer,Backer Trait,Incoming Tide,"At the start of this creature's turn, it has a 50% chance to cast Submerge.",Selene's Soul
Backer,Backer,Backer Trait,Infestation,"At the start of your creatures' turns, they gain 1 to 3 stacks of Spiderlings. This trait does not stack.",Clump of Spiderlings
Backer,Backer,Backer Trait,Insight,Your creatures can target Invisible enemies.,Lens of Insight
Backer,Backer,Backer Trait,Jiggly,This creature has 50% less Defense and 100% more Speed.,Gelatin Lump
Backer,Backer,Backer Trait,Law of the Large,This creature has additional Speed equal to 30% of its Current Health.,The Tedious Device
Backer,Backer,Backer Trait,Lion's Roar,"After this creature takes damage from an enemy, it decreases the enemy's Attack and Defense by 30%.",Lion Toy
Backer,Backer,Backer Trait,Lithos Evolution,"At the start of your creatures' turns, they gain 10% Maximum Health. This trait does not stack.",Lithos Sinew
Backer,Backer,Backer Trait,Lord of Undeath,"After one of your creatures' minions go away, all your creatures gain a random minion. This trait does not stack.",Legendary Undead Fragment
Backer,Backer,Backer Trait,Love Giveth,Your creatures gain 50% more Maximum Health from stat-increasing effects. This trait does not stack.,Still-Beating Heart
Backer,Backer,Backer Trait,Mad Man,"While your creatures are below 50% Health, they have 50% more stats (other than Health). This trait does not stack.",Crazy Man's Corpse
Backer,Backer,Backer Trait,Mass Pandemic,"After an enemy takes damage from Poisoned, the potency of all enemies' Poisoned debuffs is increased by 15%. This trait does not stack.",Dice Set
Backer,Backer,Backer Trait,Mathemagic,"This creature's on-attack, on-cast, on-defend, and on-provoke effects have a 50% chance to activate 1 additional time.",Slide Rule
Backer,Backer,Backer Trait,Means to an End,"While this creature has no buffs (excluding buffs gained from Realms), it deals 125% more damage.",Empty Offering
Backer,Backer,Backer Trait,Minion Master,"At the start of this creature's turn, it gains a random minion and its current minions gain 1 stack.",Minion Master Staff
Backer,Backer,Backer Trait,Minions First,This creature has a 20% chance to take an additional turn for each minion it has. This trait can only activate once per turn.,Minion Accelerator
Backer,Backer,Backer Trait,Myosotis,This creature's attacks use Intelligence instead of Attack to determine the damage dealt.,Scorpion Grass
Backer,Backer,Backer Trait,Necromancy,"After a creature dies, your creatures gain 1 to 3 stacks of Zombies. This trait does not stack.",Jimly's Tome
Backer,Backer,Backer Trait,Never Fade,This creature and its adjacent allies are immune to Disarmed.,Broken Lantern
Backer,Backer,Backer Trait,Ninetails's Revenge,"After your creatures are attacked, they gain Attack equal to 20% of the damage received. This trait does not stack.",Fluffy Tail
Backer,Backer,Backer Trait,Ninetails's Trickery,"At the start of battle, this creature gains a copy of each enemy's first Spell Gem. This trait does not stack.",Pristine Fox Fang
Backer,Backer,Backer Trait,Pact of Strength,Your creatures deal 6% more damage for each creature of the same class fighting on your side. This trait does not stack.,Ritual Writings
Backer,Backer,Backer Trait,Panicked Overheals,"After this creature is killed, your other creatures recover 200% Health.",Scerbonium
Backer,Backer,Backer Trait,Parity,"If your creatures have cast an even number of spells, 30% of their Speed is added to their spells' potency. If your creatures have cast an odd number of spells, 30% of their Defense is added to their spells' potency. This trait does not stack.",Integerite
Backer,Backer,Backer Trait,Pedigree Safeguard,This creature intercepts attacks on allies that belong to its race.,Ancestral Shield
Backer,Backer,Backer Trait,Perfectly Balanced,"At the start of your creature' turns, their Health is set to 50%.",Battered Scales
Backer,Backer,Backer Trait,Perishing Salvo,"After this creature dies, it deals damage to enemies equal to 15% of its Intelligence multiplied by the Attack increases granted by its Artifact's Stat Slots.",Faded Garnet
Backer,Backer,Backer Trait,Plunder,"After this creature attacks, it steals an amount of the target's lowest stat equal to 50% of the damage dealt.",Pirate's Treasure
Backer,Backer,Backer Trait,Pocket Frog,"At the end of this creature's turn, one of your other creatures has a 50% chance to be sent to the top of the Timeline. This trait only activates if none of your other creatures have it.",Pocket Tadpole
Backer,Backer,Backer Trait,Power Trip,This creature has 50% more stats (other than Health) for each trait it has gained during battle.,Crown of Kings
Backer,Backer,Backer Trait,Prepared,The Timeline order is determined by your creatures' Intelligence rather than their Speed.,Mage's Playbook
Backer,Backer,Backer Trait,Providence,"While this creature has Shelled, it has 150% more Attack and Intelligence.",Blade of Divinity
Backer,Backer,Backer Trait,Rainbow Palate,This creature has 25% more stats (other than Health) for each different class of creature fighting on your side.,Prismatic Stone
Backer,Backer,Backer Trait,Rave,Your creatures deal 6% more damage for each creature of the same race fighting on your side. This trait does not stack.,Glowstick
Backer,Backer,Backer Trait,Restoration,This creature's stats are not reset after it is killed.,Rogue's Hood
Backer,Backer,Backer Trait,Rise of the Phoenix,"After your creatures with Burning are killed, they have a 35% chance to be resurrected with 20% Health. This trait does not stack.",Ash of Renewal
Backer,Backer,Backer Trait,Roll the Dice,"At the end of this creature's turn, it casts 2 of its Ethereal Spell Gems.",Die Fragments
Backer,Backer,Backer Trait,Scared Stiff,"After an enemy is afflicted with Snared or Feared, this creature afflicts them with whichever of these debuffs the target doesn't already have.",Cursed Cobweb
Backer,Backer,Backer Trait,Scheming Stance,"After this creature defends or provokes, 3 enemies are afflicted with Feared.",Scheming Shield
Backer,Backer,Backer Trait,Screech of Domination,"After this creature attacks, it gains copies of the enemy's minions.",Conch of the Siren
Backer,Backer,Backer Trait,Seed of Potentiality,"After this creature gains a stat, it gains 200% of this amount of another stat (other than Health). The stats gained from this trait do not activate effects that occur when stats are gained.",Ouroboros Key
Backer,Backer,Backer Trait,Seethe,This creature deals 15% more damage for each time it has taken damage in the current battle.,Stolen Pig
Backer,Backer,Backer Trait,Shrapnel Blast,"After an enemy takes damage at the start of its turn from Bomb, all other enemies take 50% of that damage as well. This trait does not stack.",Bomb Scraps
Backer,Backer,Backer Trait,Shattering Tackle,Your creatures' attacks ignore 2.5% of the enemies' Defense for each Yeti creature fighting on your side. This bonus is doubled if the enemy is afflicted with Frozen. This trait does not stack.,Special Snowball
Backer,Backer,Backer Trait,Single Discipline,"After this creature casts a spell, it gains 10% Intelligence for each time it was cast at the same time.",Lost Notes
Backer,Backer,Backer Trait,Snack Break,"At the start of this creature's turn, it recovers 200% Health and loses 20% Speed.",Bag of Chips
Backer,Backer,Backer Trait,Sobered Up,Your creatures can manually cast Booze Spells.,Empty Beer Mug
Backer,Backer,Backer Trait,Soul Steal,"After this creature attacks, its Spell Gem with the lowest number of remaining Charges gains 1 Charge. This creature's attacks deal 75% more damage.",Bloody Soul Crystal
Backer,Backer,Backer Trait,Spontaneous Entropy,"At the end of this creature's turn, its Ethereal Spell Gems are replaced with different ones. This creature's Ethereal Spell Gems are 50% more potent.",Essence of Entropy
Backer,Backer,Backer Trait,Squadron Leader,This creature has 20% more stats (other than Health) for each minion it has.,Tactician's Manual
Backer,Backer,Backer Trait,Superfluidity,"When your creatures automatically cast a spell, they have a 5% chance to be considered manual casts. This trait does not stack.",Lunar Dust
Backer,Backer,Backer Trait,Sustain,"After this creature deals damage, it recovers Health equal to 10% of the damage dealt.",Universal Blood
Backer,Backer,Backer Trait,Swarming Horde,Your creatures have 4% more stats (other than Health) for each creature of their same race fighting on your side. This trait does not stack.,Boon of the Swarm
Backer,Backer,Backer Trait,Swelling Ranks,"After this creature provokes, it grants copies of one of its minions to your other creatures.",Torn Flag
Backer,Backer,Backer Trait,Sword of Will,"After this creature attacks, and the damage exceeds 300% of the target's lowest stat, it is killed.",Non-Existent Blade
Backer,Backer,Backer Trait,Synthesis,"After your creatures gain a minion, they gain 30% of their highest stat. This trait does not stack.",Discarded Blood
Backer,Backer,Backer Trait,The Best Medicine,"When one of your creatures would be afflicted with a debuff, they have a 25% chance to afflict a random enemy with that debuff instead. This trait does not stack.",Caduceus Staff
Backer,Backer,Backer Trait,The King Is Dead,"After one of your creatures is healed, this creature has a 20% chance to be resurrected with 100% Health.",Rusted Crown
Backer,Backer,Backer Trait,The Shadows,"After this creature is killed for the first time in battle, it is resurrected with 100% Health and your creatures gain 25% Attack and Intelligence.",Extracted Shadow
Backer,Backer,Backer Trait,Toxic Cloud,"After an enemy attacks, each other enemy has a 35% chance to be afflicted with a random debuff. This trait does not stack.",Poisonous Gas
Backer,Backer,Backer Trait,Toxic Karma,"After this creature is attacked, the enemy is afflicted with Poisoned and Bomb.",Verdant Stone
Backer,Backer,Backer Trait,Training Matrix,"After your creatures are resurrected, they gain 25% stats. This trait does not stack.",Neural Chip
Backer,Backer,Backer Trait,Tribe Mentality,"At the start of battle, creatures adjacent to this creature change their class to match this creature's class.",Leader's Mantle
Backer,Backer,Backer Trait,True Strike,This creature's attacks ignore 25% of enemies' Defense and act as if this creature is strong against the enemy's class.,Vorpal Core
Backer,Backer,Backer Trait,Undead Legion,Your creatures can have 5 additional stacks of Zombies. This trait does not stack.,Giant Pile of Corpses
Backer,Backer,Backer Trait,Unrelenting Fury,This creature deals 150% more damage while it is below 50% Health.,Warrior's Dying Rage
Backer,Backer,Backer Trait,Unstable Existence,"After any creature takes damage from a creature and their resulting Health is below 50%, they deal damage to their allies equal to 100% of the damage taken. This trait does not stack.",Instability
Backer,Backer,Backer Trait,Usury,This creature deals 150% more damage with attacks and takes 50% more damage from attacks.,Savings Bond
Backer,Backer,Backer Trait,Vengeful Rebound,Your creatures take 75% less damage until the start of their first turn. This trait does not stack.,Glass Eye
Backer,Backer,Backer Trait,Vicious Retaliation,"After this creature dodges, it attacks the enemy. This attack deals 50% more damage if this creature is provoking.",Mysterious Scroll
Backer,Backer,Backer Trait,Why Won't You Die?,"After this creature causes 0 damage with an attack or spell, it gains 12% Attack and Intelligence. This trait does not work on damage that is completely prevented by other effects. This trait can activate a maximum of 1 time per turn.",Sharpened Knife
Backer,Backer,Backer Trait,Widdershins,Class strengths and weaknesses are reversed.,Contrary Clock
Backer,Backer,Backer Trait,Adept Wizarding,Your creatures can equip 1 additional Spell Gem and their spells are 30% more potent. This trait does not stack.,Adept's Tool Bag
Backer,Backer,Backer Trait,Controlled Chaos,"When your creatures would cast a random spell, the spell is chosen from this creature's Spell Gems.",Rigged Die
Backer,Backer,Backer Trait,Death Threats,"After your creatures provoke, 3 random enemies activate their on-dodge effects. This trait does not stack.",Horse Head in a Bed
Backer,Backer,Backer Trait,Dynamic Duos,"For each creature in your party that is a class you have exactly 2 of, those creatures deal 160% more damage. For each creature in your party that is a race you have exactly 2 of, those creatures take 80% less damage. This trait ignores other traits and perks that increase the number of creatures of a specific race or class. This trait does not stack.",Twin Gems
Backer,Backer,Backer Trait,Extradimensional Shield,This creature is immune to instant-death effects in normal battles and reflects them back on the enemy.,Manual Kinetic Splitter
Backer,Backer,Backer Trait,Focused Magicks,"Your creatures' Ethereal Spell Gems ignore 30% of enemies' Defense, plus 10% more for each creature missing from your party. This trait does not stack.",Ethereal Lens
Backer,Backer,Backer Trait,Impatience,"After all start-of-battle effects, this creature and a random enemy activate their start-of-turn and end-of-turn effects. Your creatures cannot be resurrected. This trait does not stack.",Burnt Spoon
Backer,Backer,Backer Trait,Insane Polarity,"At the start of battle, your creatures' Ethereal Spell Gems gain the first enchantment of their owner's first permanent Spell Gem.",!@#$ing Magnets
Backer,Backer,Backer Trait,Master of Time,"After this creature manually casts a single-target spell, the target's turn counter is increased by 5. This trait can only be applied to each creature once per battle.",Counterclockwise Clock
Backer,Backer,Backer Trait,Obey,"After this creature attacks or casts a spell, your creatures of the same class provoke and gain Shelled. This trait does not stack.",Forbidden Relic Shard
Backer,Backer,Backer Trait,Shield Mastery,"This creature deals additional damage with attacks and spells equal to 50% of its Defense. At the start of this creature's turn, it defends, and then its turn ends.",Gemspike Shield Fragment
Backer,Backer,Backer Trait,True Divinity,"If this creature's Relic's corresponding Avatar is in your party, the Relic's attacks and spells ignore 25% Defense and are 50% more potent. If the corresponding Godspawn is also present, this effect is doubled. This trait does not stack.",The Abraxas
Backer,Backer,Backer Trait,Vivid Nightmares,"After an enemy wakes up from Sleeping, it takes damage equal to 20% of its Maximum Health. This trait does not stack.",Nightmare Eyes
Death,Banshee,Abyss Banshee,Empowered Death Siphon,"At the start of battle, this creature gains Death Siphon.  When this creature casts this spell, it doesn't kill the target.",Abyss Doll
Death,Banshee,Anguish Banshee,Empowered Magic Missile,"At the start of battle, this creature gains Magic Missile.  When this creature casts this spell, it casts 3 additional times.",Anguish Doll
Death,Banshee,Destruction Banshee,Empowered Fireball,"At the start of battle, this creature gains Fireball.  When this creature casts this spell, it has a 90% chance to cast it 1 additional time.  This effect can occur repeatedly.",Destruction Doll
Death,Banshee,Impaler Banshee,Empowered Bone Spear,"At the start of battle, this creature gains Bone Spear.  When this creature casts this spell, it casts 1 additional time and ignores 50% of the target's defense.",Impaler Doll
Death,Banshee,Phobos Banshee,Tempest,Your creatures' single-target spells have a 35% chance to also be cast on all the target's allies. This trait does not stack.,Phobos Doll
Death,Banshee,Savage Banshee,Empowered Savage Spores,"At the start of battle, this creature gains Savage Spores.  When this creature casts this spell, it increases your creatures' defense instead of decreasing it.",Savage Doll
Death,Banshee,Styx Banshee,Empowered Chain Lightning,"At the start of battle, this creature gains Chain Lightning.  When this creature casts this spell, its damage increases by 35% rather than decreases with each bounce.",Styx Doll
Death,Banshee,Tormented Banshee,Empowered Death Blossom,"At the start of battle, this creature gains Death Blossom.  When this creature casts this spell, it deals a large amount of damage instead of a small amount of damage.",Tormented Doll
Death,Banshee,Valentine Banshee,Empowered Soul Sacrifice,"At the start of battle, this creature gains Soul Sacrifice.  When this creature casts this spell, it also affects enemies.",Valentine Doll
Nether Boss,Banshee,Vlora,Vlora's Haunting,"After this creature is moved to the top of the Timeline, your other creatures gain Invisible and Savage.",Vlora's Essence
Nether Boss,Banshee,Vlora,Vlora's Lies,"After this creature is moved to the top of the Timeline, your other creatures gain a random minion.",Vlora's Poem
Nether Boss,Banshee,Vlora,Vlora's Trick,"After this creature is moved to the top of the Timeline, enemies take damage equal to 50% of its highest stat.",Vlora's Flower
Rodian Master,Banshee,Mastery Trait,Master of Banshees,"If all the creatures in your party are Banshees, enemies always have Scorned.",Sigil of the Banshee
Sorcery,Bard,Bard Balladeer,Song of Alacrity,Your creatures' attacks deal 50% of their damage using speed instead of attack. This trait does not stack.,Balladeer Harp
Sorcery,Bard,Bard Caroller,Christmas Music Sucks,The potency of your creatures' non-damaging spells is based on their Barrier absorption instead of intelligence.,Caroller Gift
Sorcery,Bard,Bard Fool,Fable,"At the start of battle, this creature's race becomes Godspawn.  Your creatures deal 25% more damage for each Godspawn creature fighting on your side. This trait does not stack.",Fool Harp
Sorcery,Bard,Bard Jongleur,Song of Resolve,Your creatures' attacks deal 50% of their damage using defense instead of attack. This trait does not stack.,Jongleur Harp
Sorcery,Bard,Bard Minstrel,Song of Wit,Your creatures' attacks deal 50% of their damage using intelligence instead of attack. This trait does not stack.,Minstrel Harp
Sorcery,Bard,Bard Poet,Hymn of Guile,Enemies cannot gain Invisible.,Poet Harp
Sorcery,Bard,Bard Trovatore,Hymn of Panic,"At the start of battle, the Timeline is shuffled randomly.",Trovatore Harp
Sorcery,Bard,Bard Versifier,Hymn of Strength,"When your creatures lose stats, the amount lost is reduced by 50%. This trait does not stack.",Versifier Harp
Rodian Master,Bard,Mastery Trait,Master of Bards,"If all the creatures in your party are Bards, their Song traits are 100% more effective and they have an independent 50% chance to deal critical damage. This trait does not stack.",Sigil of the Bard
Chaos,Basilisk,Crashing Basilisk,Awakening,"If this creature does not take damage from attacks or spells between each of its turns, each of your creatures cast one of their Spell Gems at random.",Crashing Husk
Chaos,Basilisk,Dormant Basilisk,Here Until Forever,"If this creature does not take damage from attacks or spells between each of its turns, it recovers 100% health and gains Rebirth.",Dormant Husk
Chaos,Basilisk,Ethereal Basilisk,Sluice,"If this creature does not take damage from attacks or spells between each of its turns, it casts 3 of its Spell Gems at random.",Ethereal Husk
Chaos,Basilisk,Lurking Basilisk,Run Free,"If this creature does not take damage from attacks or spells between each of its turns, it attacks each enemy.",Lurking Husk
Chaos,Basilisk,Roaring Basilisk,No Sudden Movement,"If this creature does not take damage from attacks or spells between each of its turns, it afflicts enemies with Snared and decreases their speed by 30%.",Roaring Husk
Chaos,Basilisk,Spitting Basilisk,Heated Ichor,"If this creature does not take damage from attacks or spells between each of its turns, it deals damage to enemies equal to 50% of its Current health.",Spitting Husk
Chaos,Basilisk,Stomping Basilisk,Sap,"If this creature does not take damage from attacks or spells between each of its turns, this creature Seals all the enemies' Spell Gems.",Stomping Husk
Rodian Master,Basilisk,Mastery Trait,Master of Basilisks,"If all the creatures in your party are Basilisks, they have a 20% chance to avoid damage. In addition, their innate traits have a 25% chance to activate even if they took damage between their turns. This trait does not stack.",Sigil of the Basilisk
Life,Bat,Angel Bat,Amongst Gods,"After an ally attacks, this creature has a 20% chance to resurrect one of your creatures with 50% health. This trait does not stack.",Angel Bat Wings
Chaos,Bat,Crypt Bat,Bombardment,"After an ally attacks, this creature deals damage to the target equal to 35% of its attack.",Crypt Bat Wings
Chaos,Bat,Death Bat,Dark Passenger,"After an ally attacks, this creature has a 35% chance to cast Necrosis.",Death Bat Wings
Chaos,Bat,Mutated Crypt Bat,Cloud of Bats,"After an ally attacks, this creature has a 50% chance to attack the same target.",Mutated Crypt Bat Wings
Chaos,Bat,Mutated Pulse Bat,Screeching Barrage,"After an ally attacks, this creature deals damage to enemies equal to 25% of its speed.",Mutated Pulse Bat Wings
Chaos,Bat,Mutated Vampire Bat,Vampiric Aura,"After an ally attacks, your creatures recover health equal to 25% of the damage dealt.",Mutated Vampire Bat Wings
Chaos,Bat,Pulse Bat,Echolocation,"After an ally attacks, this creature gains 7% speed.",Pulse Bat Wings
Chaos,Bat,Slurping Bat,Sluuurp!,"After an ally attacks, this creature afflicts the enemy with a random debuff.",Slurping Bat Wings
Chaos,Bat,Vampire Bat,Blood Sucker,"After an ally attacks, this creature recovers health equal to 100% of the damage dealt.",Vampire Bat Wings
Rodian Master,Bat,Mastery Trait,Master of Bats,Your Bats have a 50% chance to attack 1 additional time. This effect can occur repeatedly. This trait does not stack.,Sigil of the Bat
Life,Beacon,Atlas Beacon,Heavy Weighs the Crown,Your Chaos creatures and Beacon creatures always have Animated Gem.,Tyrant's Lantern
Life,Beacon,Deathshead Beacon,Pendulum's Return,"Your Death creatures and Beacon creatures always have Agile.  When an enemy Death creature would afflict your creatures with a debuff, they afflict them with a buff instead.",Desecrator's Lantern
Life,Beacon,Lappet Beacon,Due Recompense,"Your Nature creatures and Beacon creatures always have Leeching.  When an enemy Nature creature would gain a stat, it loses that stat instead.",Predator's Lantern
Life,Beacon,Luna Beacon,Forbearance Forgone,"Your Sorcery creatures and Beacon creatures always have Protected.  After an enemy Sorcery creature casts a spell, that Spell Gem is Sealed and this creature's Spell Gems gain 1 charge.",Stoic's Lantern
Life,Beacon,Pellucid Beacon,Purity and Emptiness,"Your Life creatures and Beacon creatures always have Berserk.  When an enemy Life creature would heal one of its allies, it heals one of your creatures instead.",Zealot's Lantern
Life,Beacon,Rosy Beacon,Eternal Reprieve,"At the start of each of your creature's turns, all of your creatures have a 25% chance to recover 20% health. This trait does not stack.",Mendicant's Lantern
Rodian Master,Beacon,Mastery Trait,Master of Beacons,"At the start of battle, your Beacons' stats are averaged and then increased by 25%. This trait does not stack.",Sigil of the Beacon
Nature,Brownie,Blademaster,Overkill,"After this creature attacks, and the damage exceeds 35% of the target's Maximum health, enemies take 70% of this damage as well.",Blademaster Maul
Nature,Brownie,Brownie Brute,Ultimatum,"After this creature attacks, it deals damage to the target and enemies adjacent to the target equal to 50% of this creature's Current health.",Brute Maul
Nature,Brownie,Brownie Captain,Wallop,"After this creature attacks, it decreases the defense of the target and enemies adjacent to the target by 30%.",Captain Maul
Nature,Brownie,Brownie Enforcer,Wrecking Ball,"After this creature attacks, it afflicts the target with Vulnerable and Stoned.",Enforcer Maul
Nature,Brownie,Brownie Loner,Independence,"This creature's attacks always deal critical damage.  In addition, this creature has an independent 30% chance to dodge attacks.",Loner Maul
Nature,Brownie,Brownie Mauler,Sweeping Smash,"After this creature attacks, it deals 70% of the damage dealt to adjacent enemies.",Mauler Maul
Nature,Brownie,Brownie Trickster,Brain Bash,"After this creature attacks, the target has a 100% chance and the enemies adjacent to the target have a 50% chance to be afflicted with Confused.",Trickster Maul
Nature,Brownie,Shogun,Kirisute Gomen,"After this creature attacks, and the damage exceeds 25% of the target's Maximum health, the target is killed.  Otherwise, this creature is killed.",Shogun Maul
Rodian Master,Brownie,Mastery Trait,Master of Brownies,Your Brownies attack 1 additional time for each Brownie fighting on your side. Your creatures deal 25% less damage. This trait does not stack.,Sigil of the Brownie
Death,Calumnier,Calumnier Belle,One of Us Must Change,This creature deals 200% more damage to enemies with the same Personalities that increase the same stats as this creature's Personality.,Liar's Hoopskirt
Death,Calumnier,Calumnier Bete,Spite Match,"Enemies cannot gain this creature's Personality-decreased stats, and this creature attacks enemies when this would happen.",Liar's Hand Mirror
Death,Calumnier,Calumnier Dandy,Stolen Valor,Your creatures cannot lose extra traits and Spell Gems in battle.,Liar's Uniform
Death,Calumnier,Calumnier Fop,False Bravado,Your creatures gain 100% more benefit from their Personalities. This trait does not stack.,Liar's Moustache
Death,Calumnier,Calumnier Partycrasher,Su Casa Es Mi Casa,This creature deals 200% more damage to enemies with the same Personalities that decrease the same stats as this creature's Personality.,Liar's Invitation
Death,Calumnier,Calumnier Socialite,Load-Bearing Makeup,Your creatures' Personality-increased stats cannot be decreased.,Liar's Lipstick
Rodian Master,Calumnier,Mastery Trait,Master of Calumniers,"If all the creatures in your party are Calumniers, they do not have decreased stats from their Personalities.",Sigil of the Calumnier
Sorcery,Carbuncle,Aquamarine Carbuncle,Thirst for Power,"After your creatures cast a spell, they have a 7% chance to gain a random buff for each spell that has been cast by all creatures in the current battle. This trait does not stack.",Aquamarine Trinket
Sorcery,Carbuncle,Emerald Carbuncle,Paramount,"After this creature takes damage, it has a 2% chance to cast one of its spells for each spell that has been cast by all creatures in the current battle.  This trait can only activate once per turn.",Emerald Trinket
Sorcery,Carbuncle,Onyx Carbuncle,Magic Barrier,"If your creatures have cast a total of 12 or more spells in the current battle, your creatures are immune to debuffs.",Onyx Trinket
Sorcery,Carbuncle,Ruby Carbuncle,Annex,This creature has 5% more intelligence for each spell that has been cast by all creatures in the current battle.,Ruby Trinket
Sorcery,Carbuncle,Sapphire Carbuncle,Nirvana,"If your creatures have cast a total of 7 or more spells in the current battle, this creature's spells are 50% more potent and no longer consume charges.",Sapphire Trinket
Sorcery,Carbuncle,Topaz Carbuncle,Absolute Power,This creature's attacks deal 5% more damage for each spell that has been cast by all creatures in the current battle.,Topaz Trinket
Nether Boss,Carbuncle,Vitja,Vitja's Games,"After this creature is killed, it casts 10 random spells.",Vitja's Tail
Nether Boss,Carbuncle,Vitja,Vitja's Surprise,"After this creature is killed or resurrected, it casts its first Spell Gem 3 times.",Vitja's Jewel
Nether Boss,Carbuncle,Vitja,Vitja's Revenge,"After this creature is resurrected, it casts 5 of its spells.",Vitja's Ear
Rodian Master,Carbuncle,Mastery Trait,Master of Carbuncles,"If all the creatures in your party are Carbuncles, their innate traits grow stronger twice as fast. This trait does not stack.",Sigil of the Carbuncle
Death,Carnage,Carnage Antagonizer,Demoralize,"After this creature kills a creature, it reduces all enemies' defense by 50%.",Antagonizer Exoskeleton
Death,Carnage,Carnage Destructor,Rend and Tear,"After this creature kills an enemy, it attacks the creatures adjacent to it for 100% more damage.",Destructor Exoskeleton
Death,Carnage,Carnage Devourer,Rapid Digestion,"After this creature kills a creature, it gains 5 random buffs.",Devourer Exoskeleton
Death,Carnage,Carnage Tormenter,Deadly Instincts,"After this creature kills an enemy, it deals damage to all other enemies equal to 75% of this creature's Current health.",Tormenter Exoskeleton
Death,Carnage,Fallen Carnage,Midnight Feast,"After this creature kills a creature, it recovers 100% health and takes another turn.  This trait only allows the creature to take an additional turn once at a time.",Fallen Exoskeleton
Death,Carnage,Rotten Carnage,Consumption,"After this creature kills a creature, it gains 35% of the target's attack, intelligence, defense, and speed.",Rotten Exoskeleton
Death,Carnage,Shadow Carnage,Augmentation,"After this creature kills a creature, your creatures gain a random buff for each buff, debuff, and minion the target had before it died.",Shadow Exoskeleton
Rodian Master,Carnage,Mastery Trait,Master of Carnages,"After one of your Carnages kill an enemy, your other Carnages attack a random enemy for 100% more damage. This trait does not stack.",Sigil of the Carnage
Chaos,Carver,Carver Chopper,Eradication,Your creatures have an independent 25% chance to deal critical damage with attacks for each debuff the enemy has. This trait does not stack.,Chopper Shiv
Chaos,Carver,Carver Heartseeker,Betrayal,"After one of your creatures is damaged and their health falls below 40%, this creature kills it and gains 100% of its attack, intelligence, defense, and speed.",Heartseeker Shiv
Chaos,Carver,Carver Sadist,Wild Stabs,"After this creature defends, it attacks enemy creatures at random for 50% normal damage.  This effect happens 3 to 5 times.",Sadist Shiv
Chaos,Carver,Carver Shadowstalker,Subversion,This creature's attacks deal 75% more damage and afflict the target with Disarmed.,Shadowstalker Shiv
Chaos,Carver,Demented Carver,Roulette,"When this creature attacks, it has a 50% chance to deal no damage and heal all your creatures for the amount of damage it would have dealt.  Otherwise, it deals 50% more damage.",Demented Shiv
Chaos,Carver,Feral Carver,Confrontation,"At the start of this creature's turn, it attacks a random enemy for 50% normal damage.  Then, that enemy attacks this creature.",Feral Shiv
Chaos,Carver,Twisted Carver,Peekaboo!,"This creature can target Invisible creatures, and your creatures deal 150% more damage to Invisible creatures. This trait does not stack.",Twisted Shiv
Chaos,Carver,Wicked Carver,Cold Blood,"When this creature deals damage, it deals between 50% and 250% normal damage.",Wicked Shiv
Rodian Master,Carver,Mastery Trait,Master of Carvers,Your Carvers deal 30% more damage and take 10% more damage for each Carver fighting on your side.,Sigil of the Carver
Nature,Cataclysm,Almighty Cataclysm,Wrath of the Almighty,"At the end of each creature's turn, this creature has a 10% chance to cast Death and Destruction.",Almighty Eye Shard
Nature,Cataclysm,Cosmic Cataclysm,Wrath of the Cosmos,"At the end of each creature's turn, this creature has a 10% chance to cast Kilonova.",Cosmic Eye Shard
Nature,Cataclysm,Explosive Cataclysm,Wrath of the Great War,"At the end of each creature's turn, this creature has a 10% chance to cast Grand Explosion.",Explosive Eye Shard
Nature,Cataclysm,Glacial Cataclysm,Wrath of the Glacier,"At the end of each creature's turn, this creature has a 10% chance to cast Icicle Rain.",Glacial Eye Shard
Nature,Cataclysm,Nuclear Cataclysm,Wrath of Humanity,"At the end of each creature's turn, this creature has a 10% chance to cast Nuclear Blast",Nuclear Eye Shard
Nature,Cataclysm,Oceanic Cataclysm,Wrath of the Ocean,"At the end of each creature's turn, this creature has a 10% chance to cast Mega Tsunami.",Oceanic Eye Shard
Nature,Cataclysm,Pandemic Cataclysm,Wrath of the Pandemic,"At the end of each creature's turn, this creature has a 10% chance to cast Cloud of Anguish.",Pandemic Eye Shard
Nature,Cataclysm,Sky Cataclysm,Wrath of the Sky,"At the end of each creature's turn, this creature has a 10% chance to cast EF5 Twister.",Sky Eye Shard
Nature,Cataclysm,Storm Cataclysm,Wrath of the Storm,"At the end of each creature's turn, this creature has a 10% chance to cast Raiden.",Storm Eye Shard
Nature,Cataclysm,Terra Cataclysm,Wrath of the Earth,"At the end of each creature's turn, this creature has a 10% chance to cast Richter 10.",Terra Eye Shard
Nature,Cataclysm,Volcanic Cataclysm,Wrath of the Volcano,"At the end of each creature's turn, this creature has a 10% chance to cast Magma Shower.",Volcanic Eye Shard
Rodian Master,Cataclysm,Mastery Trait,Master of Cataclysms,"If all the creatures in your party are Cataclysms, their traits have a 10% chance to activate at the start of each creatures' turn as well. This trait does not stack.",Sigil of the Cataclysm
Nature,Centaur,Centaur Chaser,Square Nothing,"After this creature attacks, it deals 60% of the damage dealt to each enemy that has at least one of the same debuffs as its target.",Chaser Tuft
Nature,Centaur,Centaur Duelist,Touch of Red,"When your creatures attack an enemy multiple times in a row on the same turn, the damage of all their attacks is increased by 25% for each attack. This trait does not stack.",Duelist Tuft
Nature,Centaur,Centaur Khan,War Stomp,"After this creature deals critical damage, it deals 20% of this damage to all other enemies.",Khan Tuft
Nature,Centaur,Centaur Raider,Anticipation,"After an enemy is killed, this creature attacks random enemies 3 times.",Raider Tuft
Nature,Centaur,Centaur Ranger,On The Rocks,"When this creature attacks, it attacks an additional number of times equal to the number of spells your creatures have cast since it last attacked.",Ranger Tuft
Nature,Centaur,Centaur Runner,Infinite Struggle,"After this creature attacks, it has a 25% chance to continue attacking the target for each debuff it has.",Runner Tuft
Nature,Centaur,Centaur Warrior,Paradigm,"After this creature is attacked, it attacks the enemy.",Warrior Tuft
Nature,Centaur,Centaur Wrangler,Sunny Disposition,"After an enemy manually casts a spell, this creature attacks it.",Wrangler Tuft
Rodian Master,Centaur,Mastery Trait,Master of Centaurs,Your Centaurs' attacks deal 20% more damage and have an independent 10% chance to deal critical damage for each Centaur fighting on your side. This trait does not stack.,Sigil of the Centaur
Chaos,Cerberus,Ashmouth Cerberus,Spell Tap,"This creature can't cast spells manually, but can equip 3 extra Spell Gems.  At the start of battle, your creatures gain copies of this creature's permanent Spell Gems. This trait does not stack.",Ashmouth Chain
Chaos,Cerberus,Bound Cerberus,Zero to One,"This creature can't cast spells manually.  After this creature attacks, it casts one of its single-target spells on the target.",Bound Chain
Chaos,Cerberus,Caustic Cerberus,Channeling,"This creature can't cast spells manually.  Your creatures have 5% more attack, intelligence, speed, defense, or health for each permanent Chaos, Sorcery, Nature, Death, or Life Spell Gem this creature has equipped. This trait does not stack.",Caustic Chain
Chaos,Cerberus,Cerberus Banelord,Wrath of the Underworld,"This creature can't cast spells manually.  After this creature takes damage from any source, it has a 30% chance to cast one of its spells.",Banelord Chain
Chaos,Cerberus,Cerberus Gatewatcher,Abaddon's Boon,"This creature can't cast spells manually.  After this creature defends, it casts one of its spells that can target all your creatures.",Gatewatcher Chain
Chaos,Cerberus,Cerberus Hellguard,Hellblast,"This creature can't cast spells manually.  After this creature provokes, it casts one of its spells that can target all enemy creatures.",Hellguard Chain
Chaos,Cerberus,Lightning Cerberus,Burst of Power,"This creature can't cast spells manually.  After this creature attacks, each of its permanent Spell Gems have a 20% chance to be cast.",Lightning Chain
Rodian Master,Cerberus,Mastery Trait,Master of Cerberuses,"If all the creatures in your party are Cerberuses, they can manually cast spells.",Sigil of the Cerberus
Life,Cherub,Bhasa Cherub,Great Conjunction,"After your creatures are killed, they have a 25% chance to be resurrected with 50% health and gain a Barrier that absorbs damage equal to 50% of their Maximum health. This trait does not stack.",Radiant Energy
Life,Cherub,Chandra Cherub,By My Hand,"When your creatures damage enemies with Shelled, all subsequent effects such as on-attack or on-cast effects are no longer prevented.",Celestine Energy
Life,Cherub,Nisha Cherub,Or Else By None,"After this creature provokes, its Barrier shatters, dealing damage to enemies equal to 50% of its potency and healing your creatures for the same amount.",Negative Energy
Life,Cherub,Preta Cherub,Sundered and Undone,"When your creatures with Barrier take damage, the Barrier shatters, dealing damage to enemies equal to 35% of its potency. This trait does not stack.",Sinister Energy
Life,Cherub,Surya Cherub,Triple Suns,"Your creatures take 90% less damage from Bleeding, Poisoned, Burning, and Bomb.",Blazing Energy
Life,Cherub,Vipina Cherub,The Two Made One,Your creatures' Barrier buffs have 75% more maximum absorption. This trait does not stack.,Floral Energy
Rodian Master,Cherub,Mastery Trait,Master of Cherubs,"If all the creatures in your party are Cherubs, the maximum absorption of their Barrier buffs is increased by 200%. This trait does not stack.",Sigil of the Cherub
Sorcery,Chimera,Arcana Chimera,Eldritch Creation,"At the start of battle, your creatures gain 2 Ethereal Spell Gems that correspond to their Fused creature's class. This trait does not stack.",Impossible Recipe
Sorcery,Chimera,Blessed Chimera,Raging Spirit,"After your creatures are killed, they have a 25% chance to be resurrected with 50% health and gain a random trait that belongs to their Fused creature's race. This trait does not stack.",Orthodox Recipe
Sorcery,Chimera,Draco Chimera,Divine Form,"At the start of battle, your creatures gain 100% more of whatever stat corresponds to their Fused creature's class. This trait does not stack.",Complicated Recipe
Sorcery,Chimera,Undying Chimera,Appreciation For Ancestry,Your creatures deal 75% more damage and take 50% less damage from creatures that belong to their Fused creature's class. This trait does not stack.,Forbidden Recipe
Sorcery,Chimera,Valor Chimera,Valiant Heart,Your creatures attack and cast 1 additional time for each creature with the same secondary Fusion fighting on your side. This trait does not stack.,Hidden Recipe
Sorcery,Chimera,Wylder Chimera,Fairy Blood,"At the start of battle, your creatures gain a random trait that belongs to their Fused creature's class. This trait does not stack.",Natural Recipe
Rodian Master,Chimera,Mastery Trait,Master of Chimeras,"If all the creatures in your party are Chimeras, they take 75% less damage from creatures that belong to their fused creature's class. This trait does not stack.",Sigil of the Chimera
Sorcery,Clockwork,Battle Clockwork,Autonomous Health,"At the start of this creature's turn, it gains 30% Maximum health plus 20% of the total amount of Maximum health it has received in the current battle.",Neural Health Implant
Sorcery,Clockwork,Experimental Clockwork,Autonomous Attack,"At the start of this creature's turn, it gains 30% attack plus 20% of the total amount of attack it has received in the current battle.",Neural Attack Implant
Sorcery,Clockwork,Foghorn Clockwork,Autonomous Intelligence,"At the start of this creature's turn, it gains 30% intelligence plus 20% of the total amount of intelligence it has received in the current battle.",Neural Intelligence Implant
Sorcery,Clockwork,Industrial Clockwork,Autonomous Speed,"At the start of this creature's turn, it gains 30% speed plus 20% of the total amount of speed it has received in the current battle.",Neural Speed Implant
Sorcery,Clockwork,Siege Clockwork,Autonomous Defense,"At the start of this creature's turn, it gains 30% defense plus 20% of the total amount of defense it has received in the current battle.",Neural Defense Implant
Sorcery,Clockwork,War Clockwork,Autonomous Network,"After your Clockwork creatures' innate traits activate, your other creatures gain 20% of these stats as well. This trait does not stack.",Neutral Hive Network Implant
Rodian Master,Clockwork,Mastery Trait,Master of Clockworks,"If all the creatures in your party are Clockworks, their innate traits are 50% more powerful. This trait does not stack.",Sigil of the Clockwork
Death,Clutcher,Deep Clutcher,Shadowmeld,Your creatures have an independent 10% chance to dodge for each debuff the enemy has. This trait does not stack.,"Deep Finger, Heh"
Chaos,Clutcher,Doom Clutcher,Pain Flurry,"After an enemy dodges, this creature casts a random spell from each class.",Doom Finger
Chaos,Clutcher,Ethereal Clutcher,Sticky Fingers,"After an enemy dodges, this creature decreases its speed by 50%.",Ethereal Finger
Chaos,Clutcher,Flamegrip Clutcher,Vehemence,"After an enemy dodges, this creature afflicts it with Burning and Scorned.",Flamegrip Finger
Chaos,Clutcher,Necrotic Clutcher,Smack Around,"After an enemy dodges an attack from one of your other creatures, this creature attacks the enemy 2 times.",Necrotic Finger
Chaos,Clutcher,Static Clutcher,Brain Zap,"After an enemy dodges an attack, enemies are afflicted with Confused.",Static Finger
Chaos,Clutcher,Venomous Clutcher,Contagion,"After an enemy dodges, this creature afflicts it with Poisoned and Silenced.",Venomous Finger
Chaos,Clutcher,Vital Clutcher,Seize,"After an enemy dodges, this creature afflicts it with Stoned and Snared.",Vital Finger
Chaos,Clutcher,Whiptail Clutcher,Lash,"After an enemy dodges an attack, they take damage equal to 30% of their Current health. This trait does not stack.",Whiptail Finger
Rodian Master,Clutcher,Mastery Trait,Master of Clutchers,"When an enemy dodges your Clutchers' attacks, they still take damage.",Sigil of the Clutcher
Chaos,Cockatrice,Carrion Cockatrice,Strength In Numbers,"Your creatures' traits, spells, and other effects that are affected by the number of creatures that belong to a certain class act as if they have 2 more of those creatures fighting on your side. This trait does not stack.",Carrion Comb
Chaos,Cockatrice,Cave Cockatrice,Weird Dance,"At the start of battle, this creature gains 2 random traits that belong to the same race as the first creature in your party.",Cave Comb
Chaos,Cockatrice,Clamorous Cockatrice,Odd One,"Your creatures' traits, spells, and other effects that are affected by the number of creatures that belong to a certain race act as if they have 2 more of those creatures fighting on your side. This trait does not stack.",Cacophonous Comb
Chaos,Cockatrice,Clawing Cockatrice,Outcast No Longer,"At the start of battle, the races of the last 3 creatures in your party are changed to that of the first creature in your party.",Clawing Comb
Chaos,Cockatrice,Cold Cockatrice,Blending In,"At the start of battle, the classes of the last 3 creatures in your party are changed to that of the first creature in your party.",Cold Comb
Chaos,Cockatrice,Contagious Cockatrice,Cock-a-doodle-doo,"At the start of battle, your Cockatrice creatures gain a random Cockatrice trait. This trait does not stack.",Contagious Comb
Rodian Master,Cockatrice,Mastery Trait,Master of Cockatrices,"If all the creatures in your party are Cockatrices, enemies always have Confused.",Sigil of the Cockatrice
Chaos,Concoction,Blobbarian,Acid Body,"After this creature is attacked, it afflicts the enemy with Disarmed and Seals one of their Spell Gems.",Blobbarian Gel
Chaos,Concoction,Gloopdiator,Squelch,"After an enemy is afflicted with Disarmed, they are also afflicted with Scorned or Silenced, depending on whether their attack or intelligence is higher. This trait does not stack.",Gloopidator Gel
Chaos,Concoction,Gooarrior,Overcome,"After this creature attacks, its Artifact's Spell Slot has an independent 50% chance to activate.",Gooarrior Gel
Chaos,Concoction,Mystery Mucus,Dissolve,Enemies that are Disarmed have a 50% chance for their attacks to fail. This trait does not stack.,Mystery Gel
Chaos,Concoction,Sludgechemist,Reticence,Enemies gain 35% less benefit from their Artifacts' Stat Slots (other than health). This trait does not stack.,Sludgechemist Gel
Chaos,Concoction,Swordslime,Yuck,Enemies that are Disarmed cannot dodge or deal critical damage.,Swordslime Gel
Rodian Master,Concoction,Mastery Trait,Master of Concoctions,"If all the creatures in your party are Concoctions, they have a 50% chance to attack each enemy with Disarmed at the start of their turns. This trait does not stack.",Sigil of the Concoction
Sorcery,Construct,Astro Construct,Helix,Your creatures have 20% more defense for each permanent Arsenal Spell they have equipped. This trait does not stack.,Astro Soul
Sorcery,Construct,Bloodmail Construct,Stay Inspired,Your creatures have 20% more intelligence for each time any of your creatures have manually cast an Arsenal Spell in the current battle. This trait does not stack.,Bloodmail Soul
Life,Construct,Heavenshield Construct,Defiance,"At the start of battle, this creature and the creatures adjacent to it cast a random Living Shield spell.",Heavenshield Soul
Chaos,Construct,Magma Construct,Chaos Through Creation,"Afer this creature attacks, it casts a Living Lance spell that matches the target's class.",Magma Soul
Death,Construct,Nightveil Construct,Forsaken Horizon,"This creature can cast Arsenal Spells without consuming charges, and these spells are cast 2 additional times.",Nightveil Soul
Chaos,Construct,Redsteel Construct,Feed The Fire,Your creatures have 20% more attack for each time any of your creatures have manually cast an Arsenal Spell in the current battle. This trait does not stack.,Redsteel Soul
Death,Construct,Silverbone Construct,Masquerade,"At the start of battle, your creatures gain 2 random Arsenal Spells. This trait does not stack.",Silverbone Soul
Life,Construct,Skywatch Construct,I Am Above,"After one of your creatures manually casts an Arsenal Spell, your other creatures' Artifacts have a 35% chance to cast the spell in their Spell Slot. This trait does not stack.",Skywatch Soul
Nature,Construct,Treewall Construct,Safety Pin,"After this creature is damaged by an attack or spell, it has a 30% chance to cast Living Armor.  After this creature attacks, it casts Living Axe.",Treewall Soul
Nature,Construct,Willow Construct,Justice For None,"After your creatures are afflicted with a debuff, they have a 25% chance to cast Living Helmet. This trait does not stack.",Willow Soul
Rodian Master,Construct,Mastery Trait,Master of Constructs,Your Constructs' Arsenal Spells are 70% more potent. This trait does not stack.,Sigil of the Construct
Sorcery,Cruncher,Bloodstone Cruncher,Shellshock,"After this creature is attacked, it Seals one of the target's Spell Gems and provokes.",Bloodsucker Carapace
Sorcery,Cruncher,Elder Cruncher,No Prayers,"When this creature attacks, it deals 15% more damage for each Sealed Spell Gem the target has.",Elder Carapace
Sorcery,Cruncher,Frostbite Cruncher,Munch,"After this creature attacks, it Seals one of the target's Spell Gems and gains 20% attack.",Frostbite Carapace
Sorcery,Cruncher,Jewel Cruncher,Shorted Out,"After this creature is affected by an enemy's spell, it Seals the Spell Gem and gains a copy of it.",Treasure Carapace
Sorcery,Cruncher,Possessed Cruncher,Something To Complain About,Enemies deal 10% less damage for each Sealed Spell Gem they have. This trait does not stack.,Possessed Carapace
Sorcery,Cruncher,Prismatic Cruncher,Relish the Kill,"After this creature kills an enemy, it Seals the enemy's Spell Gems and gains 20% attack and 10% defense for each Spell Gem it Sealed.",Rainbow Carapace
Nether Boss,Cruncher,Myrtle,Myrtle's Greed,"After an ally is killed, this creature gains 50% of its stats.",Myrtle's Scales
Nether Boss,Cruncher,Myrtle,Myrtle's Hunger,"After an enemy is killed, this creature gains 20% of its stats.",Myrtle's Shell
Nether Boss,Cruncher,Myrtle,Myrtle's Perseverence,"After a creature is killed, this creature is resurrected with 100% Health.",Myrtle's Tooth
Rodian Master,Cruncher,Mastery Trait,Master of Crunchers,"If all the creatures in your party are Crunchers, they deal 10% more damage for each Sealed enemy Spell Gem. This trait does not stack.",Sigil of the Cruncher
Life,Crusader,Blood Crusader,Blood Weapon,"This creature always has Mending and Leeching, and this creature receives 100% more healing from all sources.",Blood Hammer
Life,Crusader,Dawn Crusader,Royal Authority,"This creature always has Protected and Repelling, and defends at the end of its turn.",Dawn Hammer
Life,Crusader,Dusk Crusader,Amalgamy,"After this creature attacks, it gains 30% defense.",Dusk Hammer
Sorcery,Crusader,Heretic Crusader,Inner Force,Your creatures deal additional damage with attacks and spells equal to 50% of the potency of their Barrier.,Heretic Hammer
Life,Crusader,Holy Crusader,Faith's Armor,"After this creature attacks or is attacked, it gains Shelled.",Holy Hammer
Life,Crusader,Mist Crusader,Galvanization,"After this creature attacks, it gains a Barrier that absorbs damage equal to 50% of its health.",Mist Hammer
Life,Crusader,Moon Crusader,Lunar Ending,"After this creature attacks, it has a 75% chance to cast Holy Smite.  Otherwise, it casts Holy Nova.",Moon Hammer
Life,Crusader,Sun Crusader,Bathed In Light,"After this creature attacks, it recovers 75% health.",Sun Hammer
Rodian Master,Crusader,Mastery Trait,Master of Crusaders,Your Crusaders start battles with Shelled.,Sigil of the Crusader
Life,Demigod,Ceaseless Maker,Anomaly,The damage this creature deals with attacks and spells is based on its defense rather than its attack or intelligence.  This creature deals 50% less damage.,Ceaseless Crown
Life,Demigod,Celestial Idol,Solence,"After this creature is attacked, it sets the enemy's stats equal to its lowest stat.",Celestial Crown
Life,Demigod,Eternal Divinity,Consciousness,"At the start of battle, this creature gains Maximum health equal to 15% of your other creatures' Maximum health.",Eternal Crown
Life,Demigod,Immortal King,Celestial Fortitude,Your creatures cannot take damage that exceeds 20% of their Maximum health.  The amount of damage prevented cannot exceed 100% of the creature's Maximum health.,Immortal Crown
Life,Demigod,Infinite Lord,Calamity,This creature deals additional damage equal to 75% of its missing health.,Infinite Crown
Life,Demigod,Omnipotent Deity,Singularity,"Your creatures have additional attack, intelligence, and defense equal to 10% of their Current health. This trait does not stack.",Omnipotent Crown
Death,Demigod,Supreme Administrator,Reconstructed Memories,"After this creature attacks, it casts the last spell that any creature cast in the current battle.",Supreme Crown
Life,Demigod,Timeless Master,Equilibrium,This creature deals additional damage with attacks and spells equal to 25% of the total damage the enemy has received in the current battle.,Timeless Crown
Nether Boss,Demigod,Noetherian,Noetherian's Adamance,"After your creatures' Barrier buffs are destroyed, they gain Shelled.",Noetherian's Right Hand
Nether Boss,Demigod,Noetherian,Noetherian's Bouquet,Your creatures' damage bypasses the enemies' Barrier buffs.,Noetherian's Soul
Nether Boss,Demigod,Noetherian,Noetherian's Objection,"After an enemy's Barrier is destroyed, it takes damage equal to 100% of the Barrier's original potency. This trait does not stack.",Noetherian's Left Hand
Rodian Master,Demigod,Mastery Trait,Master of Demigods,"At the start of battle, your Demigods' stats are averaged and then increased by 25%. This trait does not stack.",Sigil of the Demigod
Nature,Denizen,Denizen Gemini,Fishing for Compliments,"After one of your creatures cast a single-target healing spell on an enemy with Mania, that enemy casts that spell on your creature as well. This trait does not stack.",Deletable Selfie
Sorcery,Denizen,Elegant Denizen,Round of Applause,"After an ally heals an enemy, the enemy is afflicted with Mania.  After an enemy with Mania casts a healing spell, this creature casts Words of Encouragement on them.",Briny Tux
Life,Denizen,Melodic Denizen,End on a High Note,"If an enemy's Mania potency is greater than 100% of its maximum health when it dies, it cannot be resurrected.",Gilded Lyre
Nature,Denizen,Operatic Denizen,Adoring Fans,"After an enemy with Mania heals your creatures, your creatures gain their highest stat (other than health) equal to 10% of the amount healed. This trait does not stack.",Opera Glasses
Sorcery,Denizen,Pearlescent Denizen,Eureka!,This creature always has Mania and has additional intelligence equal to 5% of the potency of its Mania.  This creature cannot be immune to Mania.,Nacre Crown
Nature,Denizen,Tipsy Denizen,Tardy to the Party,"At the start of battle, if your creature's top-most Spell Gem is Party in the Back, they cast Chrysalis on themselves. This trait does not stack.",Broken Pocket Watch
Rodian Master,Denizen,Mastery Trait,Master of Denizens,"If all the creatures in your party are Denizens, enemies take 50% more damage from Mania. This trait does not stack.",Sigil of the Denizen
Chaos,Devil,Bunny Devil,Eggnapper,"At the start of battle, this creature Seals your creatures' permanent Spell Gems and gains a copy of them.",Bunny Egg
Chaos,Devil,Cinder Devil,Giant's Destruction,This creature deals 200% more damage to Nature creatures and takes 65% less damage from them.,Cinder Bracer
Chaos,Devil,Doom Devil,Devil's Deceit,This creature deals 200% more damage to Chaos creatures and takes 65% less damage from them.,Doom Bracer
Chaos,Devil,Krampus,You Ruined Christmas,Your Devil creatures share their innate traits with each other.,Christmas Bracer
Chaos,Devil,Skull Devil,Revenant's Toll,This creature deals 200% more damage to Death creatures and takes 65% less damage from them.,Skull Bracer
Chaos,Devil,Smoke Devil,Smoking Kills,"Your creatures deal 100% more damage to creatures that belong to their own class, and take 35% less damage from them. This trait does not stack.",Smoke Bracer
Chaos,Devil,Stone Devil,Angel's Horror,This creature deals 200% more damage to Life creatures and takes 65% less damage from them.,Stone Bracer
Chaos,Devil,Twisted Devil,Dragon's Undoing,This creature deals 200% more damage to Sorcery creatures and takes 65% less damage from them.,Twisted Bracer
Rodian Master,Devil,Mastery Trait,Master of Devils,Increases the additional damage granted by your Devils' innate traits from 200% to 300%.,Sigil of the Devil
Chaos,Diabolic Horde,Diabolic Bhuta,Diabolic Celebration,"At the start of battle, your Diabolic Horde gain a random Spell Gem that belongs to their class for each Diabolic Horde fighting on your side. This trait does not stack.",Bhuta Flag
Chaos,Diabolic Horde,Diabolic Commander,Diabolic Fortitude,Your Diabolic Horde have 10% more health for each Diabolic Horde fighting on your side. This trait does not stack.,Commander Flag
Chaos,Diabolic Horde,Diabolic Henchman,Diabolic Onslaught,Your Diabolic Horde have 10% more speed for each Diabolic Horde fighting on your side. This trait does not stack.,Henchman Flag
Chaos,Diabolic Horde,Diabolic Insurgent,Diabolic Heritage,"After your Diabolic Horde receive a buff, they share a copy of that buff with all the Diabolic Horde fighting on your side.",Insurgent Flag
Chaos,Diabolic Horde,Diabolic Intruder,Diabolic Power,Your Diabolic Horde have 10% more intelligence for each Diabolic Horde fighting on your side. This trait does not stack.,Intruder Flag
Chaos,Diabolic Horde,Diabolic Menace,Diabolic Brilliance,Your Diabolic Horde's Spell Gems have 1 more charge for each Diabolic Horde fighting on your side. This trait does not stack.,Menace Flag
Chaos,Diabolic Horde,Diabolic Nemesis,Diabolic Link,"At the start of battle, your Diabolic Horde share their Maximum health with each other.  Then, their Maximum health is decreased by 75%.",Nemesis Flag
Chaos,Diabolic Horde,Diabolic Observer,Diabolic Protection,Your Diabolic Horde take 5% less damage for each Diabolic Horde fighting on your side. This trait does not stack.,Observer Flag
Chaos,Diabolic Horde,Diabolic Rebel,Diabolic Revolution,Your creatures' Diabolic Horde traits act as if your party contains 3 more Diabolic Horde. This trait does not stack.,Rebel Flag
Chaos,Diabolic Horde,Diabolic Spectator,Diabolic Resilience,Your Diabolic Horde have 10% more defense for each Diabolic Horde fighting on your side. This trait does not stack.,Spectator Flag
Chaos,Diabolic Horde,Diabolic Watchman,Diabolic Might,Your Diabolic Horde have 10% more attack for each Diabolic Horde fighting on your side. This trait does not stack.,Watchman Flag
Rodian Master,Diabolic Horde,Mastery Trait,Master of Diabolic Horde,"At the start of battle, your creatures' races are changed to Diabolic Horde.",Sigil of the Diabolic Horde
Sorcery,Djinn,Djinn Arcanomancer,Ascendancy,This creature can cast spells without consuming charges.,Arcanomancer Lamp
Sorcery,Djinn,Djinn Dreamweaver,Chain Spells,"After this creature manually casts a spell, it casts 2 random spells that belong to the same class.",Dreamweaver Lamp
Sorcery,Djinn,Djinn Evoker,Mega Bomb,"After this creature provokes, it deals damage to enemies equal to 5% of its intelligence for each Ethereal Spell Gem it has.",Evoker Lamp
Sorcery,Djinn,Djinn Ghula,Atmosphere,"After this creature provokes, it casts Elemental Barrage.",Ghula Lamp
Sorcery,Djinn,Djinn Illusionist,Alleviation,This creature deals 10% more damage with spells for each charge the Spell Gem is missing.,Illusionist Lamp
Sorcery,Djinn,Djinn Pyromancer,Pyromaniac,"After your creatures manually cast a spell, this creature deals damage to all enemies equal to 35% of its intelligence.",Pyromancer Lamp
Sorcery,Djinn,Unchained Djinn,Ley Lines,"After this creature defends, your creatures gain 2 random Ethereal Spell Gems.",Unchained Lamp
Sorcery,Djinn,Vengeful Djinn,Celebrate Decline,"When your creatures' Artifact's Spell Slots activate, these spells are cast 1 additional time. This trait does not stack.",Vengeful Lamp
Rodian Master,Djinn,Mastery Trait,Master of Djinns,Your Djinns' spells always deal critical damage and have 40% more potency. This trait does not stack.,Sigil of the Djinn
Chaos,Doom Fortress,Alcazar,Steadfast Resilience,"After your creatures provoke, they gain 35% defense and recover 25% health. This trait does not stack.",Alcazar Brick
Chaos,Doom Fortress,Bastion,Congregation,"After this creature provokes, your creatures gain 35% defense and speed.",Bastion Brick
Chaos,Doom Fortress,Citadel,Mind Prison,"After this creature provokes, it Seals 3 of a random enemy's Spell Gems.",Citadel Brick
Chaos,Doom Fortress,Crypt,Rally,"After this creature provokes, your creatures gain 25% attack and intelligence.",Crypt Brick
Chaos,Doom Fortress,Mouth of Hell,Glass House,"After this creature provokes, it attacks a random enemy for each Doom Fortress fighting on your side.",Hell Brick
Chaos,Doom Fortress,Necropolis,Necrotic Protection,Your creatures take 50% less damage while provoking. This trait does not stack.,Necropolis Brick
Chaos,Doom Fortress,Pandemonium King,Pandemonium Prayer,"At the end of this creature's turn, it casts 3 random Chaos spells.",No Material Exists
Chaos,Doom Fortress,Pandemonium Queen,Pandemonium Sin,"At the end of this creature's turn, it attacks each enemy for 200% normal damage.",No Material Exists
Chaos,Doom Fortress,Stronghold,Derision,"This creature always has Taunting, and it takes 50% less damage while it is provoking.",Stronghold Brick
Pandemonium,Doom Fortress,Pandemonium King,Pandemonium Alacrity,"At the start of battle, this creature loses 30% Speed, then its Attack and Intelligence are set equal to its Speed.",Pandemonium Skull
Pandemonium,Doom Fortress,Pandemonium King,Pandemonium Brilliance,"At the end of your creatures' turns, this creature casts a random spell.",Pandemonium Brain
Pandemonium,Doom Fortress,Pandemonium King,Pandemonium Death,"After this creature attacks, it casts Extinguish on the enemy.",Pandemonium Leaf
Pandemonium,Doom Fortress,Pandemonium King,Pandemonium Exploit,This creature deals 50% more damage for each buff each enemy has.,Pandemonium Flame
Pandemonium,Doom Fortress,Pandemonium King,Pandemonium Fever,"At the start of battle, this creature casts Affliction.",Pandemonium Juice
Pandemonium,Doom Fortress,Pandemonium King,Pandemonium Life,"After an enemy casts a spell, they take damage equal to 2% of their Current Health for every 1 Maximum Charge the Spell Gem has.",Pandemonium Trinket
Pandemonium,Doom Fortress,Pandemonium King,Pandemonium Mania,"After this creature defends or provokes, it casts Chaos Rift.",Pandemonium Ichor
Pandemonium,Doom Fortress,Pandemonium King,Pandemonium Rebirth,"After this creature dies, your other creatures are resurrected with 100% Health. If they're not dead, they recover 50% Health. This effect does not activate if more than one of your creatures has this trait.",Pandemonium Bead
Pandemonium,Doom Fortress,Pandemonium King,Pandemonium Wrath,"After this creature manually casts a spell, it has a 50% chance to continue to cast that spell repeatedly. These additional spells are considered to be manually cast as well.",Pandemonium Stone
Rodian Master,Doom Fortress,Mastery Trait,Master of Doom Fortresses,Your creatures deal 15% more damage for each Doom Fortress fighting on your side. This trait does not stack.,Sigil of the Doom Fortress
Chaos,Doomguard,Abaddon Guard,Hell's Protection,Your creatures take 1% less damage for every 1% of health they're missing.  Maximum of 50% damage reduction. This trait does not stack.,Abaddon Helmet
Chaos,Doomguard,Chaos Guard,Vigor,Your creatures take 25% less damage. This trait does not stack.,Chaos Helmet
Chaos,Doomguard,Death Guard,Awareness,Your creatures no longer take additional damage from critical damage.,Death Helmet
Chaos,Doomguard,Infernal Guard,Bulwark,This creature and your creatures adjacent to it take 50% less damage. This trait does not stack.,Infernal Helmet
Chaos,Doomguard,Perdition Guard,Guardian,This creature intercepts attacks on its adjacent allies and takes 50% less damage.,Perdition Helmet
Chaos,Doomguard,Pit Guard,Rampart,"At the start of battle, your creatures adjacent to this creature gain 65% of its defense, health, and speed.",Pit Helmet
Chaos,Doomguard,Sentry Guard,Fortification,Your creatures take 5% less damage for each time they've taken damage in the current battle. This trait does not stack.,Sentry Helmet
Rodian Master,Doomguard,Mastery Trait,Master of Doomguards,"Your Doomguards have a 20% chance to avoid damage, or 50% if they are defending or provoking. This trait does not stack.",Sigil of the Doomguard
Sorcery,Dragon,Dragon Guardian,Corrosive Dragon Breath,"After an enemy defends or provokes, this creature reduces all enemies' defense by 40%. This trait does not stack.",Guardian Dragon Scale
Sorcery,Dragon,Dragon Queen,Piercing Dragon Claws,"After an enemy gains a buff or minion, this creature deals damage to all enemies equal to 30% of this creature's speed. This trait does not stack.",Queen Dragon Scale
Sorcery,Dragon,Dragon Revenant,Dynamic Dragon Scales,"After an enemy casts a spell, this creature reduces all enemies' intelligence by 35%. This trait does not stack.",Revenant Dragon Scale
Sorcery,Dragon,Dragon Scout,Deflective Dragon Armor,"After an enemy attacks, this creature reduces all enemies' attack by 20%. This trait does not stack.",Scout Dragon Scale
Sorcery,Dragon,Dragon Sentinel,Sweeping Dragon Tail,"After an enemy deals critical damage, this creature reduces all enemies' speed by 50%. This trait does not stack.",Sentinel Dragon Scale
Sorcery,Dragon,Dragon Soldier,Menacing Dragon Fangs,"After an enemy dodges an attack, this creature deals damage to all enemies equal to 35% of its intelligence. This trait does not stack.",Soldier Dragon Scale
Sorcery,Dragon,Dragon Spirit,Memento Vivere,"After an enemy gains a buff, one of your creatures is resurrected with 100% health and gains Shelled. This trait does not stack.",Spirit Dragon Scale
Sorcery,Dragon,Fortune Dragon,Dragon Dance,"After this creature attacks, it deals damage equal to 30% of the target's Current health.",Fortune Lantern
Sorcery,Dragon,Subaqueous Dragon,Blend,"At the start of battle, your Fused creatures' classes change to match that of their primary parent.",Subaqueous Dragon Scale
Nether Boss,Dragon,Tellur,Tellur's Fangs,This creature deals 15% more damage for each time it has taken damage in the current battle.,Tellur's Blood
Nether Boss,Dragon,Tellur,Tellur's Glands,"After this creature takes damage 10 times, it deals damage to enemies equal to 100% of the damage it has taken in the current battle.",Tellur's Scales
Nether Boss,Dragon,Tellur,Tellur's Scales,This creature takes 20% less damage for each time it has taken damage in the current battle.,Tellur's Marrow
Rodian Master,Dragon,Mastery Trait,Master of Dragons,Your Dragons' innate traits activate 1 additional time. This trait does not stack.,Sigil of the Dragon
Nature,Dryad,Dryad Keeper,Surge,"After your creatures gain a buff, they gain 15% attack and intelligence. This trait does not stack.",Keeper Dew
Nature,Dryad,Dryad Naturalist,Extension,"After this creature defends, the duration of your creatures' buffs is extended by 2 turns, and your creatures' minions gain 1 stack.",Naturalist Dew
Nature,Dryad,Dryad Proliferator,Moonlight,"Your creatures have 7% more attack, intelligence, and defense for each buff they have. This trait does not stack.",Proliferator Dew
Nature,Dryad,Dryad Raincaller,Soothing Rain,"After this creature defends, your creatures recover 20% health for each buff they have.",Raincaller Dew
Nature,Dryad,Dryad Seductress,Green Eyes,"After any creature gains a buff, this creature gains that buff as well.",Seductress Dew
Nature,Dryad,Dryad Sunbather,Oulala,Enemies that are Confused deal 150% more damage to each other with attacks. This trait does not stack.,Sunbather Drink
Nature,Dryad,Dryad Vindicator,Absolution,"After an enemy is afflicted with a debuff, they lose 15% attack and intelligence. This trait does not stack.",Vindicator Dew
Nature,Dryad,Dryad Warden,Duplication,"After this creature provokes, your other creatures gain a copy of this creature's buffs.",Warden Dew
Nether Boss,Dryad,Etta,Etta's Coercion,"At the end of each enemy's turn, this creature has a 20% chance to force them to attack one of their allies. This trait does not stack.",Etta's Spices
Nether Boss,Dryad,Etta,Etta's Jealousy,"At the end of each enemy's turn, this creature has a 20% chance to force them to cast a random, damaging spell in this creature's favor. This trait does not stack.",Etta's Doll
Nether Boss,Dryad,Etta,Etta's Seduction,"At the start of this creature's turn, a random enemy gives 15% of their stats to this creature.",Etta's Blindfold
Rodian Master,Dryad,Mastery Trait,Master of Dryads,Your Dryads' buffs and minions last forever.,Sigil of the Dryad
Nature,Dumpling,Dumpling,Secret Ingredient,"At the start of battle, your Dumplings gain Current and Maximum health equal to 15% of all your Dumplings' Maximum health. This trait does not stack.",Raw Dough Ball
Nature,Dumpling,King Dumpling,Rich Get Richer,"After one of your Dumplings are killed, this creature gains 50% of their highest stat.",Royal Dough Ball
Nature,Dumpling,Melon,Glucose,Your Dumplings have a 10% chance to start battles at the top of the Timeline for each Dumpling fighting on your side. This trait does not stack.,Melon Drink
Nature,Dumpling,Nugget,Greed Is Good,Your Dumplings deal 7% more damage for each turn all your Dumplings have taken in the current battle. This trait does not stack.,Golden Dough Ball
Nature,Dumpling,Omelette,High Protein,Your Dumplings have a 10% chance to avoid debuffs for each Dumpling fighting on your side. This trait does not stack.,Scrambled Egg
Nature,Dumpling,Pudding,Proof Is In the Pudding,Your Dumplings can equip 1 more Spell Gem for each Dumpling fighting on your side. This trait does not stack.,Pudding Gift
Nature,Dumpling,Squash,Extra Treat,"Your Dumplings' spells do not consume charges, but they can only cast spells a maximum of 3 times per turn.",Smelly Pumpkin
Nature,Dumpling,Vegetable Dumpling,Clean Eating,"The first time your Dumplings die in battle, they are resurrected with 1 health. This trait does not stack.",Vegetable Dough Ball
Rodian Master,Dumpling,Mastery Trait,Master of Dumplings,"At the start of battle, your Dumplings gain an Ultimate Spell depending on the skin they have equipped. If they don't have a skin equipped that was obtained from defeating a Dumpling in the wild, the spell will be chosen at random.",Sigil of the Dumpling
Death,Effigy,Cursed Effigy,The Grudge,This creature always has Cursed.  The damage your creatures take from Cursed is based on their lowest stat rather than attack.,Cursed Button
Death,Effigy,Dancing Effigy,Jungle Boogie,"This creature has 50% more speed for each of Cursed, Burning, Poisoned, and Bleeding it has.",Dancing Button
Death,Effigy,Falconer Effigy,Outstanding,"After this creature takes indirect damage, it gains 20% attack.",Falconer Button
Death,Effigy,Healing Effigy,Suture Technique,"After your creatures take indirect damage, they are healed for 20% of their Maximum health. This trait does not stack.",Healing Button
Death,Effigy,Knight Effigy,Pins and Needles,"After this creature takes indirect damage, it gains 20% defense.",Effigy Button
Death,Effigy,Noble Effigy,Malediction,"This creature's spells are 25% more potent for each of Cursed, Burning, Poisoned, and Bleeding it has.",Noble Button
Rodian Master,Effigy,Mastery Trait,Master of Effigies,"If all the creatures in your party are Effigy creatures, they always have Cursed, Burning, Poisoned, and Bleeding and take 75% less damage from these debuffs.",Sigil of the Effigy
Sorcery,Efreet,Ashbone Efreet,Infinite Inferno,Enemies' Burning debuff lasts forever.  This effect also applies to your own creatures while you have a creature with the In Flames trait.,Ashbone Ashes
Sorcery,Efreet,Dreadful Efreet,Stoke,"After this creature defends or provokes, it increases the potency of each enemy's Burning debuff by 65%.",Dreadful Ashes
Sorcery,Efreet,Flametongue Efreet,In Flames,Your creatures recover health from Burning instead of taking damage.  Your creatures start each battle with Burning.,Flametongue Ashes
Sorcery,Efreet,Frostfire Efreet,Living Flame,"After an enemy takes damage from Burning, this creature deals 30% of that damage to all other enemies. This trait does not stack.",Frostfire Ashes
Sorcery,Efreet,Obsidian Efreet,Snuff,"When an enemy's Burning debuff expires or is removed, this creature deals damage to it equal to 5 turns of this debuff. This trait does not stack.",Obsidian Ashes
Sorcery,Efreet,Volcanic Efreet,Smolder,"After this creature attacks a creature with Burning, the target takes damage equal to 4 turns of this debuff.",Volcanic Ashes
Sorcery,Efreet,Wildfire Efreet,Ashes to Ashes,"After this creature attacks, it afflicts the target with Burning.  If the target already has Burning, it afflicts all enemies with Burning.",Wildfire Ashes
Rodian Master,Efreet,Mastery Trait,Master of Efreets,"When your creatures afflict enemies with Burning, the potency of this debuff is increased by 50% for each Efreet fighting on your side. This trait does not stack.",Sigil of the Efreet
Nature,Eft,Bloody Eft,Pride of the Pack,"Your Efts always have one of the following buffs for each Eft fighting on your side: Savage, Splashing, Protected, Berserk, Agile, Warded.  Buffs are prioritized in that order.",Bloody Skull
Nature,Eft,Eft Climber,Render Flesh,"After this creature attacks, it decreases the target's defense by 10% for each Eft fighting on your side. This trait does not stack.",Climber Skull
Nature,Eft,Eft Elder,Dismemberment,"After this creature attacks, it decreases the target's intelligence by 10% for each Eft fighting on your side. This trait does not stack.",Elder Skull
Nature,Eft,Eft Howler,Throat Ripper,"After one of your Efts attack, all of your Efts recover health equal to 5% of the damage dealt for each Eft fighting on your side. This trait does not stack.",Howler Skull
Nature,Eft,Eft Scavenger,Hamstring,"After this creature attacks, it decreases the target's speed by 10% for each Eft fighting on your side. This trait does not stack.",Scavenger Skull
Nature,Eft,Eft Stalker,Maim,"After this creature attacks, it decreases the target's attack by 10% for each Eft fighting on your side. This trait does not stack.",Stalker Skull
Nether Boss,Eft,Kiichi,Kiichi's Aggression,"After an enemy takes damage from Bleeding, all other enemies take 50% of that damage. This trait does not stack.",Kiichi's Fang
Nether Boss,Eft,Kiichi,Kiichi's Onslaught,"When an enemy takes damage from Bleeding, it has a 50% chance to take this damage again. This effect can repeat multiple times in a row. This trait does not stack.",Kiichi's Mane
Nether Boss,Eft,Kiichi,Kiichi's Persistence,Enemies with Bleeding take this damage an additional time at the end of their turn. This damage is not modified by traits and other effects that affect Bleeding. This trait does not stack.,Kiichi's Tail
Rodian Master,Eft,Mastery Trait,Master of Efts,"If all the creatures in your party are Efts, they have an independent 40% chance to dodge and deal critical damage. This trait does not stack.",Sigil of the Eft
Nature,Eggxotic,Brambled Egg,Egg-log,"This creature always has Defensive.  After your Eggxotic creatures take damage, they deal damage to the enemy equal to 10% of their defense. This trait does not stack.",Thorny Eggshell
Nature,Eggxotic,Egg Over Breezy,Egg Cloustard,This creature always has Agile.  Your other Eggxotic creatures have an independent 20% chance to dodge. This trait does not stack.,Breezy Eggshell
Sorcery,Eggxotic,Egg-Drop Sleuth,Soup-ffleyed,"This creature always has Proficient.  After an enemy attacks your Eggxotic creatures, they are afflicted with Confused.",Mysterious Eggshell
Chaos,Eggxotic,Eggs Benedictator,Egg Flourish-tine,This creature always has Leeching.  Your Eggxotic creatures always have Berserk.,Commander Eggshell
Chaos,Eggxotic,Romulette,Testu-Oyakodon,"This creature always has Savage.  After an enemy attacks your Eggxotic creatures, the targeted creature gains Shelled.",Tetsu-Oyakodon
Sorcery,Eggxotic,Scorched Egg,Lava-Broiled,This creature always has Repelling.  Your other Eggxotic creatures always have Warded.,Heated Eggshell
Rodian Master,Eggxotic,Mastery Trait,Master of Eggxotics,Your Eggxotic creatures share the permanent buffs referenced in their traits with each other.,Sigil of the Eggxotic
Nature,Electropod,Electropod Ant,Thread Pool,Your Electropod creatures have 10% more speed for each Electropod fighting on your side. This trait does not stack.,Capacitor
Nature,Electropod,Electropod Beetle,High Performance,Your Electropod creatures have 7% more speed for each empty Spell Gem slot they have.  Maximum of 8 Spell Gem slots per creature. This trait does not stack.,Inductor
Nature,Electropod,Electropod Fly,Infinite Scaling,"At the start of battle, your Electropod creatures share 15% of their speed with each other. This trait does not stack.",Transformer
Nature,Electropod,Electropod Mantis,Networking,Your creatures' Electropod traits act as if your party contains 3 more Electropod creatures. This trait does not stack.,Resistor
Nature,Electropod,Electropod Scorpion,Spin Cycle,"At the start of this creature's turn, it deals damage to a random enemy equal to 75% of its speed.",Transistor
Nature,Electropod,Electropod Spider,Malware,"At the start of each enemy's turn, this creature has a 20% chance to deal damage to them equal to 40% of its speed. This trait does not stack.",Diode
Rodian Master,Electropod,Mastery Trait,Master of Electropods,"If all the creatures in your party are Electropod, they gain 50% more Speed from stat-boosting effects. This trait does not stack.",Sigil of the Electropod
Nature,Elementasaur,Ancloudysaur,Cloudy Constitution,This creature always has Vulnerable.  Your creatures with Vulnerable gain 50% more stats from all sources. This trait does not stack.,Cloud Fragment
Nature,Elementasaur,Brockiosaurus,Orthoclase,This creature always has Stoned.  Your creatures with Stoned have 50% more defense.  Enemies cannot be resistant to Stoned. This trait does not stack.,Orthoclase Feldspar
Nature,Elementasaur,Darknonychus,Sleepwalking,This creature always has Sleeping.  Your creatures with Sleeping attack or cast their top-most spell at the start of their turns.  Your creatures with Sleeping have a 50% chance to afflict the target with Sleep with attacks and spells. This trait does not stack.,Moon Shard
Nature,Elementasaur,Holyguanodon,Ignorance is Bliss,"This creature always has Mania and Mending.  After your creatures take damage from Mania, a random enemy takes that damage as well.  After your creatures are healed by Mending, a random enemy is healed for that amount as well. This trait does not stack.",Holy Symbol
Nature,Elementasaur,Thunder-Rex,Negative Charge,This creature always has Silenced.  Your creatures' Lightning Storm acts as if they have 50% more intelligence for each creature on your team afflicted with Silenced. This trait does not stack.,Resonate Fang
Nature,Elementasaur,Triflaratops,Molten Spray,"This creature always has Scorned.  After your creatures with Scorned attack, they deal damage to each enemy equal to 50% of the damage dealt. This trait does not stack.",Molten Keratin
Nature,Elementasaur,Veliceoraptor,Frost Affinity,This creature always has Frozen.  Your creatures with Frozen can still act and can cast spells that interact with Frozen without consuming charges. This trait does not stack.,Unmelting Ice
Nature,Elementasaur,Vinosaurus,Barbed Vines,This creature always has Snared. Your creatures with Snared intercept attacks and single-target spells on allies and take damage based on their Attack instead of Defense. This trait does not stack.,Poisoned Barb
Nature,Elementasaur,Windactyl,Sandstorm,"This creature always has Blind. When your creatures with Blind cast a spell that targets more than one creature, it instead targets all creatures and has 100% more potency. This trait does not stack.",Bottled Wind
Rodian Master,Elementasaur,Mastery Trait,Master of Elementasaurs,"If all the creatures in your party are Elementasaurs, they are resistant to debuffs and gain all debuffs referenced in their innate traits at the start of battle.",Sigil of the Elementasaur
Nature,Elf,Elf Barbarian,Hate And Other Triumphs,Effects that activate when creatures die are ignored.  This trait does not work in boss battles.,Barbarian Poem
Nature,Elf,Elf Brawler,Brawl,"After this creature attacks, it has a 20% chance to attack a random enemy.  This effect can occur repeatedly.",Brawler Poem
Nature,Elf,Elf Cleric,Madness And Other Ideals,Effects that activate when creatures defend are ignored.,Cleric Poem
Nature,Elf,Elf Drifter,Life And Other Illusions,Effects that activate when creatures attack are ignored.,Drifter Poem
Nature,Elf,Elf Huntsman,Love And Other Disasters,Effects that activate when creatures are afflicted with a buff or debuff are ignored.,Huntsman Poem
Nature,Elf,Elf Monk,Forgiveness And Other Blunders,Effects that activate when creatures provoke are ignored.,Monk Poem
Nature,Elf,Elf Mystic,Peace And Other Myths,Effects that activate when creatures dodge attacks are ignored.,Mystic Poem
Nature,Elf,Elf Rogue,Justice and Other Fallacies,Effects that activate when creatures are resurrected are ignored.,Rogue Poem
Nature,Elf,Jingle Elf,Annoying Bobblehead,Creatures cannot gain buffs until after their first turn.,Jingle Gift
Rodian Master,Elf,Mastery Trait,Master of Elves,"At the start of battle, your Elf creatures share 5% of their stats with each other. This trait does not stack.",Sigil of the Elf
Nature,Ent,Ancient Ent,Stampede,"After this creature attacks, defends, or provokes, it casts Wrath of Nature.",Ancient Branch
Nature,Ent,Ashwood Ent,Optimism,"After this creature is attacked, it gains 25% defense and speed.",Ashwood Branch
Nature,Ent,Aspen Ent,Cycle of Life,"After this creature is resurrected, it gains 100% Maximum health.",Aspen Branch
Nature,Ent,Ebony Ent,Nature's Blessing,Your creatures always have Mending and take 15% less damage. This trait does not stack.,Ebony Branch
Nature,Ent,Efflorescent Ent,Black Lotus,Your creatures take 40% less damage while they have Mending. This trait does not stack.,Efflorescent Branch
Nature,Ent,Elder Ent,Unscathed,"After your creatures are attacked, their Mending buffs heal them immediately. This trait does not stack.",Elder Branch
Nature,Ent,Evergreen Ent,Infested With Ants,"At the start of this creature's turn, it deals damage to random enemies equal to 30% of its lowest stat.  This effect happens 3 times.",Evergreen Gift
Nature,Ent,Hemlock Ent,Nutrient Blood,"Your creatures recover 15% health at the start of their turn.  If they have Mending, they recover 50% health instead. This trait does not stack.",Hemlock Branch
Nature,Ent,Timeworn Ent,Sacred Bark,"After your creatures are attacked, 50% of the damage received is added to this creature's Barrier.",Timeworn Branch
Rodian Master,Ent,Mastery Trait,Master of Ents,"The first time your Ents are killed, they are resurrected with 10% Health.",Sigil of the Ent
Chaos,Exotic,Abacus,Numerical Nightmare,"This creature has 75% more attack and speed while its level is odd, and 75% more intelligence and defense while its level is even.",Bloody Beads
Sorcery,Exotic,Abandoned Homunculus,Lab Assistant,Your creatures' Spell Gems that have the same name as this creature's Spell Gems deal 75% more damage. This trait does not stack.,Alchemical Catalyst
Chaos,Exotic,Acrova,Piercing Speed,This creature's attacks and spells ignore 40% of its enemies' defense.,Sharp Shell
Sorcery,Exotic,Ameteris Krin,Cantripology,"After this creature attacks, it casts its top-most, Unsealed Spell Gem.  Then, that Spell Gem is Sealed.",Ametrine Shard
Chaos,Exotic,Arcian Warbeast,Hungering Void,"At the start of this creature's turn, it Seals one of each creature's Spell Gems.",Voidborne Crystal Scraps
Sorcery,Exotic,Avaricious Draco,Draconic Arrogance,This creature has additional stats (other than health) equal to 5% of your other creatures' highest stats.  This trait ignores other creatures with this same trait.,Pure Dragon Blood
Nature,Exotic,Avion,Counter Slash,"After this creature is attacked, it deals damage to the enemy equal to 75% of this creature's speed.",Avion Claw
Chaos,Exotic,Band Warchief,Bloodripper,"After this creature attacks, it afflicts the target with Bleeding.  If the target already has Bleeding, it deals 120% more damage.",Blood Banner
Death,Exotic,Bashcloak,Eery Veil,"At the start of battle, this creature and creatures adjacent to it gain Invisible.",Ghostly Ear
Sorcery,Exotic,Bejem,Natural Beauty,"At the start of battle, your creatures gain Crystal Shield.  In addition, your creatures' Barrier buffs are 40% stronger. This trait does not stack.",Jewel Shell
Nature,Exotic,Bilemaw,Indigestion,This creature ignores 10% of enemies' defense for each dead creature.,Massive Jawbone
Nature,Exotic,Bumblebig,Sting Martyr,"This creature's attacks deal 125% more damage.  After this creature attacks, it loses 10% Maximum health.",Sacrificial Stinger
Sorcery,Exotic,Byakko,Tiger's Spirit,Your Exotic creatures deal additional damage with attacks and spells equal to 25% of their speed. This trait does not stack.,Constellation of Byakko
Nature,Exotic,Chosen of the Fae,Graced By Whimsy,This creature has a 50% chance to gain double stats from stat-boosting effects.,Spriggan's Eye
Chaos,Exotic,Clawtail Wyrm,Clawtail Symbiosis,"After this creature attacks, it takes another turn.  This trait only allows the creature to take an additional turn once at a time.",Clawtail Parasite
Nature,Exotic,Colacanth,Sugar Rush,"When this creature casts a spell, the spell has 25% more potency for each buff it has.  At the end of this creature's turn, its buffs are removed.",Can o' Canth
Sorcery,Exotic,Conductive Carcharin,Conductivity,Your creatures' Splashing buffs deal 100% more damage. This trait does not stack.,Lightning Fin
Death,Exotic,Cranium Cluster,Marrow Metabolism,"After this creature takes damage, its minions gain 1 stack.",Skull Shard
Death,Exotic,Davey,Black Fog,"After this creature afflicts an enemy with a debuff, it deals damage to the enemy equal to 15% of its lowest stat for each debuff the enemy has.",Black Raindrop
Sorcery,Exotic,Defiant Defiler,Redemption,"After this creature is killed, it heals your other creatures for an amount equal to 100% of its Maximum health.",Certificate of Absolution
Chaos,Exotic,Demon King,Sacrificial Will,"After this creature is killed, your other creatures gain a random buff and a random minion.",Book of Infinity
Death,Exotic,Dire Werewolf,Backup Packup,"After this creature attacks, one of your creatures gains 3 stacks of Dire Wolves.",Werewolf Whistle
Chaos,Exotic,Duckgundr,Stick Soul,"Your Exotic creatures' buffs, debuffs, minions persist through death.",Roll of Tape
Death,Exotic,Forgotten Disciple,Burden of Guilt,"After this creature defends, all creatures lose 1 buff and 1 debuff.",Unlit Candle
Sorcery,Exotic,Genbu,Connections,Your creatures have 10% more stats (other than health) for each Exotic creature fighting on your side. This trait does not stack.,Constellation of Genbu
Death,Exotic,Gravekeeper,Corpse Keeper,"At the start of your creatures' turns, they gain 1 stack of Zombies. This trait does not stack.",Grave Shovel
Death,Exotic,Gravewood Ghost,Inoculant,"After this creature casts a spell, it increases the potency of enemies' Burning, Poisoned, and Bomb debuffs by 10%.",Old World Microbe
Sorcery,Exotic,Greybeard,Greybeard's Blessing,Your creatures grant 100% more healing to enemies with Blighted. This trait does not stack.,Black Ear
Death,Exotic,Grovewalker,Forest's Curse,"After an enemy attacks, the target afflicts the enemy with 2 random debuffs. This trait does not stack.",Rotting Antler
Nature,Exotic,Grubette,Grubby Strength,"After this creature is killed, it deals damage to enemies equal to 3% of its lowest stat, multiplied by the number of times it attacked in the current battle.",Pocket Grubs
Life,Exotic,Heartminder,Hearts and Minds,"At the start of this creature's turn, it gives 20% of its stats (other than health) to your other creatures.",Living Blood
Life,Exotic,Helios,Propulsion,"After this creature is forcibly moved to the top of the Timeline, it gains Splashing and 75% attack.",Angelic Halo
Nature,Exotic,Hermitey,Pocket Tank,"While this creature has at least 3 buffs, it intercepts enemies' attacks on its allies and takes 50% less damage. This trait does not stack.",Decorated Shell
Sorcery,Exotic,Huanglong,Golden Aura,"After your Exotic creatures are killed, your other Exotic creatures gain their trait.  Your Exotic creatures have 10% more stats (other than Health) for each extra trait they have. This trait does not stack.",Constellation of Huanglong
Chaos,Exotic,Hydra,Reactive Heads,"After your creatures are damaged by an attack or spell, they have a 15% chance to be sent to the top of the Timeline.",Hydra's Scale
Chaos,Exotic,Infinite Eggling,Chaotic Potential,"After this creature gains stats, it has a 25% chance to cast a random Morph spell.",Anarchic Egg Shell
Sorcery,Exotic,Iridris,Red In Tooth And Claw,"After this creature is attacked, it has a 50% chance to be sent to the top of the Timeline.",Crimson Powder
Nature,Exotic,Jaculus,Breakneck,This creature ignores enemies' Barrier and Shelled buffs.,Piercing Legs
Chaos,Exotic,Kavnak,Shared Consciousness,"After an ally manually casts a spell, this creature has a 50% chance to cast that spell as well.",Kavnak's Worm
Sorcery,Exotic,Kirin,Celestial,Your Exotic creatures always have Mending and Leeching.,Constellation of Kirin
Nature,Exotic,Kobold,Grovel and Beg,"While this creature has less than 75% health, it has 50% more speed and has a 50% chance to avoid damage.",Kobold's Guidebook
Chaos,Exotic,Lavalotl,Cauterize the Wound,"This creature is healed instead of damaged by Bleeding and Burning, but at 50% effectiveness.",Lava Bubble
Death,Exotic,Legion,Assimilate,"After this creature takes damage from an attack or spell, it gains 5% stats.",Fragmented Blood
Sorcery,Exotic,Lizard Wizard,Lizardry,Your creatures' Ethereal Spell Gems do not consume charges. This trait does not stack.,Lizard Wizard's Tome
Chaos,Exotic,Lunatio,Twin Souls,This creature's attacks deal 75% more damage and it attacks 1 additional time.,Lost Soul
Sorcery,Exotic,Magicalope,Unrevealed Secret,"After this creature dodges an attack, enemies are afflicted with a random debuff.",Cryptid Tarot
Chaos,Exotic,Mathemagician,Chaotic Mind,"When this creature casts a spell, the spell's potency is 100% to 200% of its normal amount.",Math Textbook
Sorcery,Exotic,Mind Reaver,Mind Reave,"After an enemy casts a spell, this creature deals damage to it equal to 35% of this creature's intelligence.",Reaver's Skull
Sorcery,Exotic,Nguruvilu,Turbulent Waters,"After this creature attacks, it has a 50% chance to cast Maelstrom.",Turbulent Waters
Death,Exotic,Nine Tailed Harvester,Nine Tails' Knowledge,Your creatures' spells are 30% more potent. This trait does not stack.,Book of Nine Tails
Sorcery,Exotic,Nox Sinon,Unleash the Horde,Your creatures can have 3 additional stacks of each minion.  This trait does not affect minions that normally have a maximum of 1 stack. This trait does not stack.,Nox's Staff
Chaos,Exotic,Obscene Blight,Alchemist's Fury,"After this creature attacks, it afflicts the target with Blind and Confused.",Corrupted Geode
Death,Exotic,Oni-Goroshi,Her Embrace,This creature's attacks deal 150% more damage and it has a 100% chance to deal critical damage.  This creature skips every other turn.,Oni Fragment
Sorcery,Exotic,Orphaned Minion,Last Ward,"This creature takes 20% less damage.  After this creature is damaged by an enemy and it survives from this damage, the enemy takes damage equal to 80% of the damage dealt.  This damage counts as spell damage.",Memory of Binding
Death,Exotic,Otherworldly Visitor,Love Thyself,"After an enemy gains Maximum health, this creature casts Vitality Explosion on it. This trait does not stack.",Otherworlder's Soul
Life,Exotic,Paladin Crab,Shining Armor,"While your creatures have Barrier, they have 50% more defense. This trait does not stack.",Crab Shield
Chaos,Exotic,Paroxys,Confusion and Empathy,"This creature's spell potency is based on its attack, and the damage of its attacks is based on its intelligence.",Warped Neuron
Chaos,Exotic,Petrafortis,Bulky Body,"This creature has 100% more stats (other than health), but has a 50% chance to lose its turn.",Muscular Stone
Nature,Exotic,Piscacanth,Ancient Buffoonery,This creature deals 15% more damage for each creature below it on the Timeline at the start of battle.,Electric Fossil
Life,Exotic,Pontiff of Luck,Spin the Wheel,"Whenever it is an enemy's turn, any random effects that fail to occur are re-rolled an additional time. This trait does not stack.",Broken Roulette Wheel
Nature,Exotic,Proto-Brachyura,Crab Trap,"After this creature is attacked while it is defending, it reduces the enemy's defense and speed by 35%.",Buttery Bait
Sorcery,Exotic,Proxigeist,Projection,"After an adjacent ally attacks, casts a spell, defends, or provokes, this creature has a 50% chance to perform that action as well.  This trait does not work on creatures that also have this trait.",Wireframe Matrix
Chaos,Exotic,Puffergryph,Puff Up,"After this creature is attacked, it gains 30% attack and intelligence.",Pufferfish Spike
Nature,Exotic,Rhozzgon,Wrath of Krorena,Your creatures have a 100% critical chance against enemies that belong to their own class. This trait does not stack.,Nature's Fury
Life,Exotic,Sapphire Drake,Healing Breath,"At the start of this creature's turn, it heals one of your creatures for 150% health.",Drake Teeth
Sorcery,Exotic,Seiryu,Scaling,Your Exotic creatures have 7% more intelligence for each permanent Spell Gem they have equipped. This trait does not stack.,Constellation of Seiryu
Chaos,Exotic,Singerbread Man,Sugar and Slice,"After an enemy takes damage from Burning, this creature attacks it for 35% normal damage. This trait does not stack.",Nasty Dough
Death,Exotic,Skelegoop,Drake's Favor,"This creature has 35% more attack, defense, and speed.",Burial Gift
Life,Exotic,Snow Lily,Loyalty's Light,"After a creature is killed, this creature gains Rebirth and Shelled.",Pure Heart
Sorcery,Exotic,String Puller,Pull the Strings,"When this creature attacks, one of your other creatures attacks instead for 50% more damage.  This trait does not work if any of your other creatures have it as well.",Spectral String
Sorcery,Exotic,Suzaku,Feather Dance,"After your Exotic creatures gain a buff, they gain 20% defense. This trait does not stack.",Constellation of Suzaku
Chaos,Exotic,Taco Hell,Tacos Inflation,Your creatures' consecutive attacks at the same time deal 10% more damage for each additional attack. This trait does not stack.,Beef Stick
Nature,Exotic,The Bearon,Barbearian,"After all start-of-battle effects are activated, this creature provokes.  This creature has 35% more defense.",Honey Pot
Nature,Exotic,The Dervish,Ride the Whirlwind,This creature's damage dealt by attacks and spells is based on 200% of its lowest stat rather than its attack or intelligence.,Eye of the Storm
Nature,Exotic,The First Spawn,Ancient DNA,This creature's race is always the same race as the creature that is at the top of the Timeline.,DNA Splicer
Sorcery,Exotic,Toyland Amalgamation,Double Vision,"After this creature attacks, it has a 40% chance to cast its top-most Spell Gem.",Eye Glasses
Chaos,Exotic,Tsuchinoko,Rollout,"At the start of this creature's turn, it attacks a random enemy.",Nokium
Death,Exotic,Vannyx,Death Sentence,This creature deals 125% more damage to enemies with Feared.,Dark Cloak
Nature,Exotic,Zombaton,Reform,"After your other creatures are killed for the first time, they are resurrected with 30% health. This trait does not stack.",Solidified Slime
Death,Exotic,Bad Apple,Squirmies,"This creature starts battle with Writhelings.  Each time this creature takes damage from an attack or spell, it gains another stack of Writhelings.",Apple Core
Death,Exotic,Bane of Piety,Weapons of Mass Distortion,"At the start of battle, this creature's Artifact's Spell Slot gem is replaced with an Ultimate Spell Gem of this creature's equipped Relic's corresponding Avatar.",Bloodsoaked Cross
Life,Exotic,Besieged Beast,Lord of the Castle,"When your creatures gain defense, the amount is increased by 50%. This trait does not stack.",Ominous Stone Crest
Chaos,Exotic,Bomballoon,Pop!,"After this creature takes damage from an attack or spell, each enemy has a 50% chance to be afflicted with Bomb.  If they already have Bomb, they take damage equal to 1% to 160% of their Bomb's potency.",Bouquet of Balloons
Life,Exotic,Celestial Scarapin,Atmospheric Interference,"After this creature damages an enemy, it gains 50% of that damage as a Barrier.",Chitinous Feather
Sorcery,Exotic,Chatter,Multibite,"When this creature attacks, it has a 25% chance to attack repeatedly.",Flawless Tooth
Chaos,Exotic,Chronoshatter Wyrm,Time Fracture Resonance,"While this creature is at the bottom of the Timeline, your creatures do not consume charges when they cast spells.  In addition, their spells always deal critical damage and have 100% more potency.",Temporal Glass
Sorcery,Exotic,Clingslime,Ultra Cling,"After this creature damages an enemy with an attack or spell, it has a 50% chance to afflict the target with Snared.",Priceless Shell
Death,Exotic,Cootie,Lovesick,"After this creature attacks or is attacked, it afflicts the target with up to 3 of its debuffs.",Desperate Love
Sorcery,Exotic,Copycat,Mimicry,"After an enemy attacks, this creature has a 10% chance to attack the enemy.  After an enemy casts, this creature has a 10% chance to cast that spell in your favor.",Spellbinding Aura
Death,Exotic,Critical Mass,Mass Effect,"Your creatures act as if they have taken damage, attacked, and cast spells 1 additional time for each time their on-critical effects have triggered in the current battle. This trait does not stack.",Fused Atoms
Nature,Exotic,Doedoodle,Counter Sweep,"After this creature is attacked, it deals damage to enemies equal to 5% of its defense for each time it has been attacked in the current battle.",Stone Wool
Chaos,Exotic,Dollface,Bloodbath,"After this creature attacks, the target is afflicted with Bleeding and this creature has a 25% chance to cast Hemorrhage on each enemy that already has Bleeding.",Mannequin Blade
Death,Exotic,Dozen of Rot,Rotten Revenge,"After this creature takes damage from an attack or spell, it casts Putrescent Odor.",Bad Egg
Chaos,Exotic,Dr. Concocto,Potion Time!,"At the end of your other creatures' turns, this creature has a 10% chance to cast Concoction.  After this creature attacks, it has a 25% chance to cast Concoction.",Mystery Vial
Sorcery,Exotic,Draconic Strix,Ancient Wisdom,"When a creature would gain or lose stats, 10% of this creature's intelligence is added to this amount for each turn it has taken this battle.  This creature starts battles with its turn counter at 3. This trait does not stack.",Ancient Feather
Nature,Exotic,Dust Fairy,Dusty Struggle,"After this creature attacks, casts, defends, or provokes, it and its adjacent allies are afflicted with a random debuff and have a 20% chance to be sent to the top of the Timeline.  This trait will not activate if another creature in your party has it as well.",Faceful of Dust
Death,Exotic,Eye of the Gorgon,Petrified Hope,"At the start of this creature's turn, each enemy has a 50% chance to be afflicted with Stoned and Feared.",Gorgon's Eye
Nature,Exotic,Frosty Freezy,Chill Out!,"After an enemy casts a spell, this creature afflicts it with Frozen.",Frozen Dessert
Chaos,Exotic,Furious Frank,Barbecue Time,"After this creature deals damage with an attack or spell, the enemy has a 50% chance to be afflicted with Burning.",Mystery Meat
Nature,Exotic,Fury Stormer,Gathering Storm,"After this creature is forcibly moved on the Timeline, it casts Snowstorm, Firestorm, or Sandstorm if they're equipped.  In addition, your creatures cast these spells as if they have 50% more intelligence. This trait does not stack.",Crackling Talon
Sorcery,Exotic,Gemstone Trader,Lunatic Generosity,"At the start of battle, all creatures gain a copy of this creature's first 3 Spell Gems.  These Spell Gems have 1 charge.",Bismuth Crystal
Chaos,Exotic,Genetic Anomaly,Mass Mutation,"At the start of battle, this creature shares its Fused trait with one creature of each other class on your team.  If this trait is the creature's Fused trait, it shares its innate trait instead. This trait does not stack.",Gene Splicer
Death,Exotic,Gravebound Eidolon,Beyond the Veil,"This creature can be affected by stat changes while dead and does not lose stats on death.  This creature's traits remain active while dead, except for traits that would redirect attacks or take damage in place of allies.",Strings of Shadow
Sorcery,Exotic,Haunting Glass,Karmic Reflection,"After this creature takes damage from an attack or spell, it deals damage to enemies equal to 25% of its missing health.",Mirror's Edge
Chaos,Exotic,Hot Lips,Red Hot Kiss,"At the start of this creature's turn, each enemy has a 50% chance to be afflicted with Burning and Confused.",Red Hot Lipstick
Sorcery,Exotic,I Scream Man,Freezer Blast,"At the start of this creature's turn, it casts Deep Freeze.",I Scream Cone
Death,Exotic,Iron Maiden,Agonizing Entrapment,"After this creature takes damage, the enemy is afflicted with Snared and Bleeding.  Enemies with Snared take 50% more damage from Bleeding. This trait does not stack.",Bloody Spike
Sorcery,Exotic,Jack Frost,Winter's Edge,"After this creature deals damage with an attack or spell, the enemy has a 50% chance to be afflicted with Frozen.",Frozen Christmas Lights
Sorcery,Exotic,Jack o' Lantern,Trick or Treat!,"After this creature takes damage from an attack or spell, it casts Fireball on the enemy.  After this creature attacks, it has a 35% chance to cast Grand Fireball.",Spooky Lantern
Chaos,Exotic,Jackal Swarm,Total Discord,"When this creature casts a spell, the targets of the spell are reversed.  This trait does not apply to enemies.",Fang Necklace
Chaos,Exotic,Junkyard,Road Rage,"After this creature attacks, it has a 25% chance to attack random enemies repeatedly.",Old Tire
Sorcery,Exotic,Kegstruct,Weaponized Spirit,Booze Spell also count as Arsenal Spell and vice-versa.,Robokeg
Death,Exotic,King Croak,Croak of the King,"After an ally is killed, this creature casts Cry of the Mandrake.",Crown of Death
Nature,Exotic,Loki,Rallying Bark,Your creatures take 5% less damage for each different minion they have. This trait does not stack.,Slobbery Tennis Ball
Life,Exotic,Lunaris,Lights Out,"At the start of this creature's turn, each enemy has a 50% chance to be afflicted with Silenced and Sleeping.",Glowing Moonstone
Nature,Exotic,Megalodon,Giant Bite,"After this creature attacks, it deals damage to all enemies equal to 1% to 100% of the damage dealt.",Mythical Tooth
Nature,Exotic,Melishell,Buzz Breathing,"At the start of your creatures' turns, they recover 10% health for each buff they have. This trait does not stack.",Nacreous Jelly
Chaos,Exotic,Mimpling,Surprise Treat,"After your creatures receive a debuff, their on-buff effects activate.  If you have a Dumpling or Mimic creature fighting on your side, this effect repeats 1 additional time. This trait does not stack.",Rotten Dough
Sorcery,Exotic,Miracle Spider,Mega Spider Blast,"Your creatures start battles with 1 stack of Spiderling.  Your creatures' Spiderling now also activate when their master deals damage, and the amount of damage done is now based on their highest stat instead of health. This trait does not stack.",Spider Silk Suit
Death,Exotic,Nightmare,Eternal Rest,"At the end of each enemy's turn, they have a 10% chance to be afflicted with Sleeping.  At the start of this creature's turn, it attacks each enemy with Sleeping for 50% normal damage. This trait does not stack.",Blanket of Eternal Rest
Chaos,Exotic,Ol' Nog,Bang-A-Rang,"After an enemy takes damage from Bomb, this creature afflicts it with Burning and Poisoned.  If the enemy already has these debuffs, their potency is increased by 30% instead.",NT4 Explosive Powder
Chaos,Exotic,One-Punch Snowman,One-Hit Wonder,"When your creatures attack, their additional attacks are consolidated into the original attack with 100% more damage. This trait does not stack.",Circus Ticket
Chaos,Exotic,Orc Bowman,Powerful Draw,"This creature can only equip Arrow spells, but they can be from any class.  This creature's single-target Arrow spells deal additional damage equal to 50% of its attack.  This creature's Splitting Arrow and Fragmenting Arrow spells deal 100% more damage.",Composite Longbow
Sorcery,Exotic,Ouroboros,Infinity,"After a creature casts a spell, this creature has a 10% chance to cast Continuum.",Infinity Symbol
Death,Exotic,Parasitic Copycat,Imprudence,"At the end of each creature's turn, this creature stops defending and provoking and gains 20% attack if it was defending or provoking.",Pet Copykitten
Sorcery,Exotic,Phenominal Possum,Don't Touch My Garbage,"This creature gains a copy of all different Ethereal Spell Gems other creatures receive after start-of-battle effects.  After this creature is killed, each other creature takes damage equal to 3% of the stats corresponding to its gems' classes per Ethereal Spell Gem it has.  After this creature is resurrected, it is killed.",Filthy Gem
Nature,Exotic,Plains Felkat,Chase Down,"After this creature attacks, it afflicts the target with Bleeding.  When this creature or adjacent allies attack an enemy with Bleeding, the enemy cannot dodge.",Plains Whisper
Sorcery,Exotic,Prismagician,Prismagic,"This creature can equip 3 additional Spell Gems, and it can equip spells from any class.  Your creatures with Arcane cast spells with 15% more intelligence for each different class of spell this creature has equipped. This trait does not stack.",Rainbow Prism
Chaos,Exotic,Ripper,Out For Blood,"At the end of each enemy's turn, this creature has a 35% chance to cast Kill Streak.",Blood-soaked Knife
Sorcery,Exotic,Sculpt,Perfect Replica,"After this creature attacks, it transforms into a copy of the target and gains its Spell Gems.",Morphing Clay
Chaos,Exotic,Sir Roquefort,Cut the Cheese,"When a creature takes damage from an attack or spell, it takes additional damage equal to 30% of the difference between its lowest and highest stats. This trait does not stack.",Cheese Wedge
Chaos,Exotic,Slash Shifter,Color Shift,"At the start of battle, this creature's class is randomized and it gains a copy of your other creatures' innate traits and Artifact traits that match that class.",Sharp Scales
Nature,Exotic,Snow Stalker,Chilling Assault,"After this creature attacks, it has a 50% chance to cast Icicle Rain.",Frozen Scarf
Life,Exotic,Solaris,Unrelenting Sun,"At the start of this creature's turn, each enemy has a 50% chance to be afflicted with Burning and Blind.",Radiant Sunstone
Death,Exotic,Soulwarper,Warped Soul,"At the start of battle, enemies' classes are changed to this creature's class.",Bottled Disbelief
Death,Exotic,Spectral Monarch,Souls of the Damned,"After this creature kills a creature, it gains its innate trait and 20% of its attack and defense.",Insignia of the Mutant
Sorcery,Exotic,Spellsword,Gem Blade,"After this creature gains Animated Gem, it casts the spell in its Artifact's Spell Slot.  After this creature gains Animated Weapon, it attacks a random enemy.",Silvered Steel
Life,Exotic,Splitsoul,Duality,"At the start of battle, this creature attacks a random enemy if it is on the left-most side of your party, or defends if it on the right-most side of your party.",Possessed Arms
Nature,Exotic,Swarmed Hive,Swarm of Bees,"After this creature takes damage from an attack or spell, it continuously attacks random enemies with a 50% chance to stop after each attack.",Golden Honeycomb
Death,Exotic,Syringe,Malpractice,"After this creature is attacked, it casts Euthanasia on the enemy.  After this creature attacks, it has a 25% chance to kill the target.",Kiss of Death
Death,Exotic,The End,The End of All Things,"At the end of this creature's turn, adjacent creatures activate their end-of-turn effects.  This trait does not work on creatures that also have this trait. This trait does not stack.",Black Hole Sun
Death,Exotic,The Heap,Another Man's Trash,"This creature has 100% more base stats, but it cannot manually attack, cast, defend, or provoke.",Pile of Garbage
Death,Exotic,Toadstool,Bad Trip,"After this creature takes damage from an attack or spell, it casts Cyanide Gas on the enemy.",Seven-colored Mushroom
Chaos,Exotic,Tormented Bunny,Going Mad,"After this creature takes damage from an attack or spell, it gains a random buff.  After this creature is healed, it gains a random debuff.  After this creature takes damage from an attack or spell while it has at least 15 buffs and debuffs, it deals damage to enemies equal to 50% of its lowest stat (other than health).",Unlucky Rabbit's Foot
Nature,Exotic,Training Dummy,Training Day,"After a creature takes damage, this creature takes 30% of that damage as well.  This trait does not activate from damage caused by this trait.",Well-worn Target
Sorcery,Exotic,Wacky Burger,Condiments,"The first time an enemy casts a spell each turn, this creature afflicts enemies with a random debuff.  The first time this creature attacks each turn, it afflicts the target with 2 random debuffs.",Secret Sauce
Death,Exotic,Weapons Dealer,What Are You Buying?,"At the start of this creature's turn, enemy creatures gain this creature's Artifact trait.",Arms Crate
Sorcery,Exotic,Zeuschund,Thunder Buddy,"At the start of battle, this creature gains Lightning Strike.  After this creature is killed for the first time, it is resurrected with 100% health and gains a new trait that empowers its Lightning Strike.",Tamed Lightning
Life,Fae,Asclepias Fae,Dead Butterflies,"The first 3 times this creature is killed, it is resurrected with 100% health.  This creature takes 75% more damage and deals 50% less damage.",Blue Bottled Fairy
Life,Fae,Helianthus Fae,Lost In Forever,"This creature's start-of-turn effects activate 1 additional time, but it has 50% less stats (other than health).",Green Bottled Fairy
Life,Fae,Hydrangea Fae,Crystal Lake,"This creature attacks and casts spells 2 additional times, but it can't gain buffs.",Pink Bottled Fairy
Life,Fae,Polygala Fae,True North,"This creature's start-of-turn and end-of-turn effects activate 1 additional time, but it has 95% less stats (other than health).",Purple Bottled Fairy
Life,Fae,Rhododendron Fae,The Great Beyond,"This creature's automatically-cast spells have a 40% chance to be considered manually cast, but this creature cannot manually cast spells.",Yellow Bottled Fairy
Life,Fae,Roseaea Fae,Outgrow,"This creature's end-of-turn effects activate 1 additional time, but it has 50% less stats (other than health).",Red Bottled Fairy
Rodian Master,Fae,Mastery Trait,Master of Fae,"If all the creatures in your party are Fae, they have a 60% chance to avoid damage from spells. This trait does not stack.",Sigil of the Fae
Sorcery,Familiar,Arcane Familiar,All For One,Your creatures cast spells 0.5 additional times (rounded down) for each Familiar fighting on your side. This trait does not stack.,Arcane Pinion
Sorcery,Familiar,Elemental Familiar,Conversion,Your creatures' spells deal 15% more damage and 15% less healing for each Familiar fighting on your side. This trait does not stack.,Elemental Pinion
Sorcery,Familiar,Flood Familiar,One For All,"After one of your Familiars cast a spell, your other creatures gain a random Spell Gem. This trait does not stack.",Flood Pinion
Sorcery,Familiar,Judge Familiar,Pierce the Veil,Your creatures' spells ignore 10% of their target's defense for each Familiar fighting on your side. This trait does not stack.,Judge Pinion
Sorcery,Familiar,Mystical Familiar,Group Meditation,"At the start of battle, your creatures' Spell Gems gain 1 charge if you have at least 3 Familiars fighting on your side. This trait does not stack.",Mystical Pinion
Sorcery,Familiar,Palace Familiar,Potency,Your creatures' spells that increase or decrease stats are 25% more effective for each Familiar fighting on your side. This trait does not stack.,Palace Pinion
Sorcery,Familiar,Spectral Familiar,Higher Understanding,Your creatures' Spell Gems have a 10% chance to not consume charges when they're cast for each Familiar fighting on your side. This trait does not stack.,Spectral Pinion
Rodian Master,Familiar,Mastery Trait,Master of Familiars,Your Familiars have 10% more Intelligence for each time your Familiars have cast a spell in the current battle. This trait does not stack.,Sigil of the Familiar
Chaos,Fiend,Annihilator Fiend,Uncontrollable Anger,"After your creatures with Berserk attack, they have a 35% chance to attack again. This trait does not stack.",Annihilator Tooth
Chaos,Fiend,Berserker Fiend,Outrage,"This creature is always Berserk, and deals 75% more damage.",Berserker Tooth
Chaos,Fiend,Deceptive Fiend,Flash of Anger,"After your creatures with Berserk attack, they gain Invisible.",Deceptive Tooth
Chaos,Fiend,Destroyer Fiend,Bloodfury,"After this creature provokes, your creatures gain Berserk and Savage.",Destroyer Tooth
Chaos,Fiend,Ferocious Fiend,Agitation,This creature deals 80% more damage with attacks for each of its debuffs.,Ferocious Tooth
Chaos,Fiend,Mauler Fiend,Eyesore,"At the start of battle, this creature's defense is added to its attack, then its defense is set to its minimum value.",Mauler Tooth
Chaos,Fiend,Thrasher Fiend,Relentless Hunger,"After this creature attacks, it deals 100% of the damage dealt to two other random enemies.",Thrasher Tooth
Rodian Master,Fiend,Mastery Trait,Master of Fiends,Your Fiends with Berserk have a 40% chance to avoid damage. This trait does not stack.,Sigil of the Fiend
Death,Forsaken,Forsaken Bonescraper,Whetted Bones,"This creature starts battles with 100% more attack and defense, but loses 25% attack and defense at the end of its turn.",Bonescraper Pincer
Death,Forsaken,Forsaken Plaguebearer,Anxiety,"This creature's Spell Gems have 100% more potency, but are Sealed after they're cast.",Plaguebearer Pincer
Death,Forsaken,Forsaken Rotmongerer,Stupify,"This creature starts battles with 100% more intelligence and defense, but loses 25% intelligence and defense at the end of its turn.",Rotmongerer Pincer
Death,Forsaken,Forsaken Scourgewalker,Curse of the Silent,"This creature's Spell Gems don't lose charges when it casts spells, but it also starts battles with Silenced.",Scourgewalker Pincer
Death,Forsaken,Forsaken Seacrawler,Transmogrification,"This creature starts battles with 5 random buffs, but cannot gain additional buffs.",Seacrawler Pincer
Death,Forsaken,Forsaken Spinewhipper,Contradiction,"This creature starts battles with 200% more speed, but also starts battles at the bottom of the Timeline.",Spinewhipper Pincer
Death,Forsaken,Forsaken Swampdweller,Darkness Surrounding,"This creature starts battles with 125% more health, but takes damage equal to 15% of its Maximum health at the start of its turn.",Swampdweller Pincer
Nether Boss,Forsaken,Deathwalker,Deathwalker's Destruction,"When an enemy takes damage from Bomb, it has a 50% chance to take this damage a second time. This effect can repeat multiple times in a row.",Deathwalker's Tiara
Nether Boss,Forsaken,Deathwalker,Deathwalker's Hymn,Your Lepers share their innate traits with each other.,Deathwalker's Harp
Nether Boss,Forsaken,Deathwalker,Deathwalker's Strangulation,"When an enemy takes damage from Poisoned, it has a 50% chance to take this damage a second time. This effect can repeat multiple times in a row.",Deathwalker's Gem
Rodian Master,Forsaken,Mastery Trait,Master of Forsaken,"If all the creatures in your party are Forsaken, their innate traits have no downside.",Sigil of the Forsaken
Nature,Gargantuan,Daunting Gargantuan,Furor,"At the start of this creature's turn, it attacks a random enemy for each creature that died since its last turn.  Each attack deals 200% normal damage.",Daunting Tree Trunk
Nature,Gargantuan,Fearsome Gargantuan,Charge,"At the start of each creature's turn, this creature has a 25% chance to attack a random enemy.",Fearsome Tree Trunk
Nature,Gargantuan,Forest Gargantuan,Resprout,"At the start of this creature's turn, it recovers health equal to 100% of the damage it took since its last turn.",Forest Tree Trunk
Nature,Gargantuan,Gruesome Gargantuan,Scrutiny,"At the start of this creature's turn, it casts a random spell for each spell that the enemy creatures cast since its last turn.",Gruesome Tree Trunk
Nature,Gargantuan,Monstrous Gargantuan,Bide,"When this creature attacks, it deals additional damage equal to 100% of the damage it took since it last attacked.",Monstrous Tree Trunk
Nature,Gargantuan,Shackled Gargantuan,Come Hither,"After this creature is attacked, it casts Crush Punch on the enemy.",Shackled Tree Trunk
Nature,Gargantuan,Sturdy Gargantuan,Defer Pain,"When this creature takes damage, 90% of the damage is delayed until the start of its next turn.",Sturdy Tree Trunk
Nature,Gargantuan,Volcanic Gargantuan,Spontaneous Combustion,"After this creature is attacked, it casts Volcano.",Volcanic Tree Trunk
Rodian Master,Gargantuan,Mastery Trait,Master of Gargantuans,Your Gargantuans have a 50% chance to avoid damage while they're defending or provoking. This trait does not stack.,Sigil of the Gargantuan
Chaos,Gargoyle,Bloodfang Gargoyle,War Magic,"After your creatures cast a Chaos spell, they gain 35% attack. This trait does not stack.",Bloodfang Teeth
Chaos,Gargoyle,Darkeye Gargoyle,The Wicked End,"After this creature manually casts a spell, it casts 3 random Chaos spells.",Darkeye Teeth
Chaos,Gargoyle,Dusktail Gargoyle,Sleight of Hand,"After your creatures cast a single-target Chaos spell, this creature afflicts the target with Silenced.",Dusktail Teeth
Chaos,Gargoyle,Goretongue Gargoyle,Discord,"At the start of battle, your creatures gain Chaos Bolt.  This spell deals 100% more damage.",Goretongue Teeth
Chaos,Gargoyle,Nightwing Gargoyle,Ransack,"At the start of battle, your creatures gain copies of all the enemies' Chaos Spell Gems.",Nightwing Teeth
Sorcery,Gargoyle,Steelheart Gargoyle,Heart of Steel,"If this creature manually cast a Chaos spell during battle, it resurrects with 50% health when it dies.  Then, this trait is reset.",Steelheart Teeth
Chaos,Gargoyle,Stonehorn Gargoyle,Reign of Chaos,Your creatures' Chaos spells cast 2 additional times. This trait does not stack.,Stonehorn Teeth
Chaos,Gargoyle,Sunclaw Gargoyle,Primitive Incantation,Your creatures have 7% more attack for each permanent Chaos Spell Gem each of your creatures have equipped.  Maximum of 3 Spell Gems per creature. This trait does not stack.,Sunclaw Teeth
Rodian Master,Gargoyle,Mastery Trait,Master of Gargoyles,"After your Gargoyles cast a Chaos spell, your Gargoyles gain 20% attack. This trait does not stack.",Sigil of the Gargoyle
Sorcery,Gemling,Crystaldune Gemling,Oscillation,"Your creatures' Spell Gems are 70% more potent when they have an odd number of charges, and are 70% less potent when they have an even number of charges. This trait does not stack.",Crystaldune Shard
Sorcery,Gemling,Eternaldew Gemling,Tumble,"Your creatures' Spell Gems with the ""Cascading"" property now consume 3 charges when cast, and are 50% more potent. This trait does not stack.",Eternaldew Shard
Sorcery,Gemling,Nightvelvet Gemling,Neodymium,"Your creatures' Spell Gems with the ""Magnetic"" property act as if 3 more of those Spell Gems exist. This trait does not stack.",Nightvelvet Shard
Sorcery,Gemling,Rockmoss Gemling,Obelisk,Your creatures' Ethereal Spell Gems have the same number of charges they'd have if they weren't Ethereal.,Rockmoss Shard
Sorcery,Gemling,Stillfire Gemling,Quality Over Quantity,"Your creatures' Spell Gems with the ""Singular"" property have 100% more charges if they only have one permanent Spell Gem equipped. This trait does not stack.",Stillfire Shard
Sorcery,Gemling,Whitestar Gemling,Distribution,"At the start of battle, your creatures share a copy of their first Spell Gems with each other. This trait does not stack.",Whitestar Shard
Rodian Master,Gemling,Mastery Trait,Master of Gemlings,"If all the creatures in your party are Gemlings, they can equip Spell Gems from any class.",Sigil of the Gemling
Death,Ghoul,Delirious Ghoul,Foot Eater,"After this creature attacks, it steals 50% of the target's speed.",Delirious Toe
Death,Ghoul,Festering Ghoul,Dark Roamer,Your creatures have 3% more speed for every 1% health they're missing. This trait does not stack.,Festering Toe
Death,Ghoul,Frenzy Ghoul,Horde,Your creatures share 5% of their speed with each other.  This effect is not applied to creatures that have this trait. This trait does not stack.,Frenzy Toe
Death,Ghoul,Ghoul Ringleader,Only For The Weak,This creature deals 35% more damage with attacks and spells for every 100% speed it has greater than its base amount.,Ringleader Toe
Death,Ghoul,Hysteria Ghoul,Frenzy,Your creatures dodge and deal critical damage as if they have 100% more speed. This trait does not stack.,Hysteria Toe
Death,Ghoul,Maniacal Ghoul,Grim Aura,Your creatures' attacks deal additional damage equal to 25% of their speed. This trait does not stack.,Maniacal Toe
Death,Ghoul,Rapturous Ghoul,Ravage,This creature deals additional damage with attacks and spells equal to 50% of its speed.,Rapturous Toe
Rodian Master,Ghoul,Mastery Trait,Master of Ghouls,Your Ghouls deal additional damage with attacks and spells equal to 15% of their Speed for each Ghoul fighting on your side. This trait does not stack.,Sigil of the Ghoul
Nature,Giant,Colossal Giant,Strength of the World,"At the start of battle, this creature's defense is added to its Maximum health, then its defense is set to its minimum value.  In addition, this creature takes 50% less damage.",Colossal Boulder
Nature,Giant,Cosmic Giant,Admire the Gods,"When this creature takes damage, and the damage exceeds 25% of its Maximum health, reduce the damage to 25% of its Maximum health.  The amount of damage prevented cannot exceed 200% of this creature's Maximum health.",Cosmic Boulder
Nature,Giant,Giant Mangler,Boastful Protector,"While this creature is provoking, it has a 25% chance to avoid damage.",Mangler Boulder
Nature,Giant,Jolly Old Giant,"Ho Ho Oh, !@#$",Creatures cannot gain stats until after their first turn.,Bag of Broken Toys
Nature,Giant,Mystical Giant,Pilgrimage,"When this creature casts a spell, 50% of its Current health is added to its intelligence to determine the spell's potency.",Mystical Boulder
Nature,Giant,Sand Giant,Rapid Regeneration,"At the start of each creature's turn, this creature recovers 10% of its missing health.",Sand Boulder
Nature,Giant,Stone Giant,Absorption,"After an enemy is healed, this creature gains Maximum health equal to 30% of the amount healed.",Stone Boulder
Nature,Giant,Tower Giant,Wreck,"When this creature attacks, its damage is based on its Current health instead of attack.",Tower Boulder
Nature,Giant,Wall Giant,Hostile Vitality,"When this creature attacks, it deals additional damage equal to 35% of its Current health.",Wall Boulder
Chaos,Giant,War Giant,Reforged,"After your creatures are resurrected, they gain 50% Maximum health. This trait does not stack.",War Boulder
Rodian Master,Giant,Mastery Trait,Master of Giants,Your Giants start battles with 30% more Health for each Giant fighting on your side. This trait does not stack.,Sigil of the Giant
Chaos,Godspawn,8004,Something From Nothing,"Your creatures deal 5% more damage with attacks and spells, and take 1% less damage for each time this creature has taken damage in the current battle. This trait does not stack.",Particle of 8004
Death,Godspawn,Adaxial,Tools of Creation,"At the start of battle, you gain access to 3 random perks.  A description of these perks can be found in your battle history.  This trait activates immediately before all other start-of-battle effects. This trait does not stack.",Particle of Adaxial
Sorcery,Godspawn,Aja Birku,Dimensions,"At the start of this creature's turn, it casts 5 random spells, one from each class.",Particle of Aja Birku
Nature,Godspawn,Akara,Darkbloom,"This creature's base stats are 20, plus 5 for each permanent Spell Gem it has equipped.  The base stat that is increased by this trait is determined by the class of the Spell Gem.  Only the first 8 Spell Gems are considered.",Particle of Akara
Nature,Godspawn,Alakadan,Hopelessly Hopeful,"After this creature manually casts a spell, it also casts a random Avatar spell.",Particle of Alakadan
Chaos,Godspawn,Colg,What's Yours Is Mine,"At the start of battle, your creatures gain a random enemy's trait. This trait does not stack.",Particle of Colg
Sorcery,Godspawn,Darksulker,From Death to Destiny,This creature has additional stats (other than health) equal to 50% of the stats of your dead creatures.  This trait does not work with creatures who also have this trait.,Particle of Darksulker
Sorcery,Godspawn,Diamant,Skyttels,"At the start of battle, this creature gains copies of your other creatures' permanent Spell Gems.  This trait does not work on creatures that also have this trait.",Particle of Diamant
Life,Godspawn,Dikya,Eve,"Your creatures' spells are 100% more potent, but only have 1 charge. This trait does not stack.",Particle of Dikya
Sorcery,Godspawn,Elqor,Empire,"This creature's spells are 50% less potent, but it casts them 4 additional times.",Particle of Elqor
Life,Godspawn,Emlai,Release the Cure,"After this creature attacks or is damaged by an attack or spell, it gains a random buff.",Particle of Emlai
Life,Godspawn,Emus,Fear of Success,This creature's attacks deal 75% more damage and afflict the target with Inverted.,Particle of Emus
Sorcery,Godspawn,Grom'Met,Echobreather,"This creature deals 20% more damage with attacks and spells, and takes 10% less damage for each different creature class fighting on your side. This trait does not stack.",Particle of Grommet
Chaos,Godspawn,Iconus,Silence Speaks,"At the start of battle, this creature gains two of your other creatures' innate traits.",Particle of Iconus
Sorcery,Godspawn,Kalasag,Rescue Ride,"At the end of this creature's turn, it resurrects a random ally with 100% health and gives it Shelled.",Particle of Kalasag
Nature,Godspawn,Kapre,Any Given Sin,"After your creatures attack, they are afflicted with Scorned.  Your creatures' attacks deal 100% more damage. This trait does not stack.",Particle of Kapre
Life,Godspawn,Laglor,Nostalgia,"At the start of your creatures' turns, they cast a random spell that belongs to their class. This trait does not stack.",Particle of Laglor
Death,Godspawn,Linta,Great Expectations,Your creatures' spells are 125% more potent if they don't have any Spell Gems equipped. This trait does not stack.,Particle of Linta
Death,Godspawn,Mumu,Revolt,"After this creature attacks or is damaged by an attack or spell, it afflicts the enemy with a random debuff.",Particle of Mumu
Life,Godspawn,Nalas,Oathbreaker,Your creatures gain 100% more benefit from stat-increasing Realm Boosts. This trait does not stack.,Particle of Nalas
Chaos,Godspawn,Noxpit,Ultimate Sacrifice,"At the start of this creature's turn, its 5 most recent extra traits are removed and it gains 5 random traits.",Particle of Noxpit
Chaos,Godspawn,Ottum,Elimination Process,"After this creature attacks, it deals 100% of that damage to the target.",Particle of Ottum
Chaos,Godspawn,Rengas,Rodian Aftermath,This creature deals 30% more damage with attacks and spells for each time each creature has died in the current battle.,Particle of Rengas
Death,Godspawn,Saurel,Syndicate,"At the start of your Godspawn creatures' third turns, they transform into their corresponding Avatar.",Particle of Saurel
Life,Godspawn,Tenbran,To Move On Is To Grow,This creature's attacks deal 100% more damage if it cast a spell last turn.  This creature's spells deal 100% more damage if it attacked last turn.,Particle of Tenbran
Nature,Godspawn,Thana,Negative Noise,"While this creature is at 100% health, it has a 90% chance to avoid damage.",Particle of Thana
Chaos,Godspawn,The Lost,Beyond Oblivion,This creature receives all effects that require it to be adjacent to your other creatures. This trait does not stack.,Particle of The Lost
Death,Godspawn,Tisya,Heartrage,"At the end of each creature's turn, this creature deals damage to a random enemy equal to 80% of its lowest stat.",Particle of Tisya
Nature,Godspawn,Ugat,Karma,"After this creature attacks or is damaged by an attack or spell, it gains 50% of its lowest stat.",Particle of Ugat
Death,Godspawn,Walken,Closure,"At the end of this creature's turn, it gains 35% Current and Maximum health and provokes.",Particle of Walken
Nature,Godspawn,Yllor,Iniquity,"When this creature attacks, it has a 100% chance to attack an additional time.  This trait's effect can repeat multiple times in a row, but the chance decreases by 25% after each attack.",Particle of Yllor
Rodian Master,Godspawn,Mastery Trait,Master of Godspawn,"If all the creatures in your party belong to the Godspawn race, at the start of battle, your Godspawn creatures gain their respective Avatar's trait.",Sigil of the Godspawn
Life,Golem,Gold Golem,Chip Off the Block,"After this creature is attacked, your other creatures gain attack, intelligence, defense, and speed equal to 15% of this creature's stats.",Gold Cog
Sorcery,Golem,Granite Golem,Embolden,This creature has extra defense equal to 50% of the creatures' defense adjacent to it.  This trait does not benefit from creatures that also have this trait.,Granite Cog
Death,Golem,Haunted Golem,Mechanical Illusion,"After this creature is killed, it reveals the creature that was haunting it.",Haunted Cog
Sorcery,Golem,Iron Golem,Self-Awareness,Your Golems share their innate traits with each other.,Iron Cog
Chaos,Golem,Magma Golem,Cataclysm,"After this creature is attacked, it afflicts enemies with Burning.  If enemies already have this debuff, its potency is increased by 30% instead.",Magma Cog
Nature,Golem,Moss Golem,Mass Entanglement,"After this creature defends, each enemy has a 50% chance to be afflicted with Snared.",Moss Cog
Nature,Golem,Mud Golem,Slop,"After this creature is attacked, it afflicts enemies with Blind.  If enemies already have this debuff, it decreases their speed by 20% instead.",Mud Cog
Death,Golem,Nightmare Golem,Bad Dreams,Each enemy has a 50% chance to start battles with Sleeping.,Nightmare Cog
Sorcery,Golem,Pumking,Pumpkin Spice,"At the start of battle, your creatures swap their Maximum health with their defense.",Giant Jack-o-lantern
Life,Golem,Regal Golem,Sense of Purpose,"At the start of this creature's turn, your creatures recover 35% health.",Regal Cog
Nether Room,Golem,Treasure 2.0,Treasure Golem's Boon,"At the start of battle, enemies lose 25% of whichever stat corresponds to your lowest amount of resources. This trait does not stack.",Treasure Golem's Plate
Nether Room,Golem,Treasure 2.0,Treasure Golem's Revenge,"At the start of battle, your creatures gain 50% of whichever stat corresponds to your highest amount of resources.",Treasure Golem's Core
Nether Room,Golem,Treasure 2.0,Treasure Golem's Secret,Your creatures deal additional damage with attacks and spells equal to 20% of whichever stat corresponds to your lowest amount of resources.,Treasure Golem's Teddy Bear
Sorcery,Golem,Treasure Golem,Animated Treasure,"When this creature is attacked, it drops some resources.  This creature also tries to run away each turn.",No Material Exists
Chaos,Golem,War Golem,Triple Take,This creature attacks and casts spells 2 additional times.,War Cog
Rodian Master,Golem,Mastery Trait,Master of Golems,"At the start of battle, your Golems gain the Triple Take trait. If they already have this trait, they gain the Chip Off The Block trait instead.",Sigil of the Golem
Sorcery,Gorgon,Deranged Gorgon,Blink,This creature's attacks deal 75% more damage and afflict the target with Stoned.,Deranged Snake
Sorcery,Gorgon,Gorgon Gazer,Deterioration,Enemy creatures deal 10% less damage with attacks and spells for each creature with Stoned that is fighting on their side. This trait does not stack.,Gazer Snake
Sorcery,Gorgon,Gorgon Sorceress,Eternal Jinx,"Enemies' Stoned debuffs last forever.  In addition, this creature deals 75% more damage to enemies with Stoned.",Sorceress Snake
Sorcery,Gorgon,Gorgon Trickster,Treachery,"At the start of battle, this creature afflicts enemies with Stoned.",Trickster Snake
Sorcery,Gorgon,Gorgon Witch,Sealed Fate,"When this creature casts a single-target spell on an enemy, it deals 50% more damage and afflicts the target with Stoned.",Witch Snake
Sorcery,Gorgon,Medusa,Steady Gaze,"When this creature takes damage from an attack or spell, it has a 50% chance to negate the damage and afflict the enemy with Stoned.",Medusa Snake
Sorcery,Gorgon,Unhinged Gorgon,Pulverizing Stare,Enemy creatures take 50% more damage while they're afflicted with Stoned. This trait does not stack.,Unhinged Snake
Rodian Master,Gorgon,Mastery Trait,Master of Gorgons,Your Gorgons deal 35% more damage to enemies with Stone for each Gorgon fighting on your side. This trait does not stack.,Sigil of the Gorgon
Life,Griffon,Assault Griffon,Heavy Repercussions,"At the end of this creature's turn, it has a 7% chance to take another turn for each Griffon fighting on your side.",Assault Beak
Life,Griffon,Griffon Archer,Volley,Your Griffons have an independent 20% chance to deal critical damage with attacks for each Griffon fighting on your side. This trait does not stack.,Archer Break
Life,Griffon,Griffon Divebomber,Impending Victory,"After one of your Griffons creatures attack, this creature attacks a random enemy.  This trait does not activate if the attacking Griffon also has this trait.",Divebomber Beak
Life,Griffon,Griffon Dreamfinder,All As One,"After your Griffons receive a buff, they share a copy of that buff with all the Griffons fighting on your side. This trait does not stack.",Dreamfinder Beak
Life,Griffon,Griffon Screecher,Impunity,Your Griffons take 5% less damage for each Griffon fighting on your side. This trait does not stack.,Screecher Beak
Life,Griffon,Griffon Veteran,Gumption,"When this creature would take fatal damage, it has a 50% chance to be left with 1 health instead.",Veteran Beak
Life,Griffon,Razorfoot Griffon,Deafening Roar,Your Griffons deal 10% more damage for each Griffon fighting on your side. This trait does not stack.,Razorfoot Beak
Life,Griffon,Silverclaw Griffon,Colony,"After one of your other Griffons defend, the rest of them defend as well. This trait does not stack.",Silverclaw Beak
Rodian Master,Griffon,Mastery Trait,Master of Griffons,Your Griffons' on-attack and on-critical effects occur 1 additional time. This trait does not stack.,Sigil of the Griffon
Sorcery,Grimoire,Ancient Grimoire,Book of the Elder,Your Grimoire creatures share copies of their first 2 equipped Spell Gems with each other. This trait does not stack.,Ancient Parchment
Sorcery,Grimoire,Eldritch Grimoire,Eldritch Essence,"When one of your other creatures dies, this creature casts one of their spells 2 times.",Eldritch Pumpkin
Sorcery,Grimoire,Faded Grimoire,Book of the Lost,"When an enemy manually casts a spell that is currently equipped by this creature, the spell has a 40% chance to fizzle and this creature casts it instead.",Faded Parchment
Sorcery,Grimoire,Forbidden Grimoire,Book of the Heretic,This creature's spells are 100% more potent but have a 25% chance to fizzle.,Forbidden Parchment
Sorcery,Grimoire,Hidden Grimoire,Lost Knowledge,Your Grimoires cast spells 1 additional time. This trait does not stack.,Hidden Parchment
Sorcery,Grimoire,Necro Grimoire,Book of the Dead,"At the start of battle, this creature casts its first 2 permanent Spell Gems that summon minions.",Necro Parchment
Sorcery,Grimoire,Pyro Grimoire,Book of the Arsonist,This creature's spells that apply the Burning debuff deal 30% more damage.  Enemies' Burning debuffs applied by this creature also deal 30% more damage.,Pyro Parchment
Sorcery,Grimoire,Runic Grimoire,Book of the Warlock,"Your creatures start battles with Arcane.  At the end of your creatures' turns, they have a 30% chance to gain Arcane.",Runic Parchment
Rodian Master,Grimoire,Mastery Trait,Master of Grimoires,"Your Grimoires are immune to Silenced. In addition, their Spell Gems do not consume Charges.",Sigil of the Grimoire
Nature,Guardian,Benthic Guardian,Gentle Giant,"At the start of battle, this creature's class changes to that of the creature to its left and gains a copy of the Fused trait of the creature to its right.  This creature cannot deal direct damage with attacks or spells, but its spell potency is based on its defense.",No Material Exists
Chaos,Harpy,Harpy Eyegouger,KRAAW!!!,This creature's attacks deal 75% more damage and afflict Blind.,Eyegouger Crest
Chaos,Harpy,Harpy Hag,SCRAAAW!,"When enemies defend or provoke, this creature has a 50% chance to prevent this from happening.",Hag Crest
Chaos,Harpy,Harpy Marauder,Bad Omen,"At the start of battle, this creature afflicts enemies with Blind.",Marauder Crest
Chaos,Harpy,Harpy Pillager,CAWW!,"When an enemy attacks one of your creatures, its target is chosen at random from your other creatures.",Pillager Crest
Chaos,Harpy,Harpy Queen,BRAAAAWK!,"At the end of each enemy's turn, this creature has a 50% chance to cast a random spell.",Queen Crest
Chaos,Harpy,Harpy Screamer,SKREEE!!,"At the start of each enemy's turn, this creature has a 20% chance to afflict it with Confused.",Screamer Crest
Chaos,Harpy,Harpy Torturer,CURUKUKU!!,"When an enemy attempts to cast a single-target spell on any other creature, they have a 50% chance to target themselves instead. This trait does not stack.",Torturer Crest
Death,Harpy,Malice Harpy,Red Wedding,"After all start-of-battle effects occur, 3 of your creatures are killed. This trait does not stack.",Malice Crest
Rodian Master,Harpy,Mastery Trait,Master of Harpies,"After an enemy attacks, your Harpy creatures attack a random enemy for 20% normal damage. This trait does not stack.",Sigil of the Harpy
Death,Hemomancer,Hemomancer Devourer,World Domination,Your Hemomancers' innate traits now activate when they are attacked as well.,Devourer Blood Vial
Death,Hemomancer,Hemomancer Donor,From Hero To Zero,"After this creature attacks, it removes the target's traits that it didn't start with in battle and gives them to your creatures.",Donor Blood Vial
Death,Hemomancer,Hemomancer Lord,Heartstopper,"After this creature attacks, it steals 20% of the target's speed and gives it to your creatures.",Lord Blood Vial
Death,Hemomancer,Hemomancer Seer,Mind Eraser,"After this creature attacks, it Seals one of the target's Spell Gems and gives a copy of it to your creatures.",Seer Blood Vial
Death,Hemomancer,Lunar Hemomancer,Abation,"After this creature attacks, it steals 20% of the target's attack and intelligence and gives it to your creatures.",Lunar Blood vial
Death,Hemomancer,Mutant Hemomancer,Depression,"After this creature attacks, it steals 20% of the target's defense and gives it to your creatures.",Mutant Blood Vial
Rodian Master,Hemomancer,Mastery Trait,Master of Hemomancers,"If all the creatures in your party are Hemomancers, their on-attack and when-attacked effects activate 1 additional time. This trait does not stack.",Sigil of the Hemomancer
Nature,Herbling,Herbling,Photomorphogenesis,"After this creature attacks, it gains 5% attack.  After this creature casts a spell, it gains 5% intelligence.  After this creature defends, it gains 5% defense.  After this creature provokes, it gains 5% speed.",No Material Exists
Death,Hound,Blood Hound,Blood Thirst,Your creatures can have 5 additional stacks of Dire Wolves. This trait does not stack.,Blood Collar
Death,Hound,Bone Hound,Uncharted,Your Hounds deal 5% more damage for each stack of Dire Wolves each of your creatures have. This trait does not stack.,Bone Collar
Death,Hound,Dread Hound,Summon the Pack,"At the start of your creatures' turns, they gain 1 stack of Dire Wolves. This trait does not stack.",Dread Collar
Death,Hound,Hell Hound,Hound Legion,Your creatures' Dire Wolves never go away.,Hell Collar
Death,Hound,Horror Hound,Fingertip Nip,Your creatures' Dire Wolves deal additional damage equal to 20% of their master's attack. This trait does not stack.,Horror Collar
Death,Hound,Panic Hound,Vicious Bite,Your creatures deal 2% more damage for each stack of Dire Wolves each of your creatures have. This trait does not stack.,Panic Collar
Death,Hound,Terror Hound,Nature of the Beast,Your creatures start battles with 3 stacks of Dire Wolves. This trait does not stack.,Terror Collar
Death,Hound,Thylacine,Eye of the Thylacine,"After this creature attacks or casts a spell, your Godspawn creatures perform the same action.  Your creatures deal 95% less damage.",No Material Exists
Rodian Master,Hound,Mastery Trait,Master of Hounds,Your Hounds' Dire Wolves now deal damage based on their highest stat rather than Speed.,Sigil of the Hound
Nature,Hunter,Faith Hunter,Glaive of Prayer,"After this creature attacks, it deals damage to a random enemy equal to 35% of the attack's damage and has a 20% chance to resurrect a random ally with 40% health.  This effect repeats once for each Hunter fighting on your side.",Faith Glaive
Nature,Hunter,Heretic Hunter,Glaive of Justice,"After this creature attacks, it deals damage to a random enemy equal to 35% of the attack's damage and has a 50% chance to cast Holy Smite.  This effect repeats once for each Hunter fighting on your side.",Heretic Glaive
Nature,Hunter,Hunter Director,Director's Cut,"After this creature attacks, it deals damage to a random enemy equal to 70% of the attack's damage.  This effect repeats once for each Hunter fighting on your side.",Director Glaive
Nature,Hunter,Hunter Scout,Glaive of Power,"After this creature attacks, it deals damage to a random enemy equal to 35% of the attack's damage and gains 15% of its lowest stat.  This effect repeats once for each Hunter fighting on your side.",Scout Glaive
Nature,Hunter,Light Hunter,Glaive of Hungering,"After this creature attacks, it deals damage to a random enemy equal to 35% of the attack's damage and heals itself for 100% of this damage.  This effect repeats once for each Hunter fighting on your side.",Light Glaive
Nature,Hunter,Moon Hunter,Razorsharp,"After this creature attacks, it deals damage to a random enemy equal to 35% of the attack's damage, with a 40% chance to deal 100% of the attack's damage.  This effect repeats once for each Hunter fighting on your side.",Moon Glaive
Nature,Hunter,Servant Hunter,Hunter's Season,"After this creature attacks, it deals damage to a random enemy equal to 35% of the attack's damage and afflicts them with Poisoned.  This effect repeats once for each Hunter fighting on your side.",Servant Glaive
Nature,Hunter,Silent Hunter,Glaive of Destruction,"After this creature attacks, it deals damage to a random enemy equal to 20% of its Current health.  This effect repeats once for each Hunter fighting on your side.",Silent Glaive
Rodian Master,Hunter,Mastery Trait,Master of Hunters,Your Hunters' innate traits repeat twice as many times. This trait does not stack.,Sigil of the Hunter
Nature,Imler,Boulder Imler,Next Generation,"After this creature dies, it grants 30% of its attack, intelligence, defense, speed, and its innate trait to your Imlings.",Boulder Ore
Nature,Imler,Iron Imler,Vengeance,"After your Imlings die, this creature gains 100% attack and 50% speed.",Iron Ore
Nature,Imler,Marble Imler,Nothing to Lose,"After one of your Imlings dies, this creature attacks random enemies 5 times.",Marble Ore
Nature,Imler,Mithril Imler,Spirit Link,Your Imlers and Imlings take 10% less damage for each Imler and Imling fighting on your side. This trait does not stack.,Mithril Ore
Nature,Imler,Redstone Imler,Lead By Example,"Your Imlings gain 25% of the attack, intelligence, defense, and speed bonuses from this creature's Artifact.",Redstone Ore
Nature,Imler,Sandstone Imler,Patriarchy,This creature takes all damage from attacks and spells in place of your Imlings.,Sandstone Ore
Nature,Imler,Silver Imler,Devotion,"If you only have one Imler and one Imling fighting on your side, both creatures take 65% less damage. This trait does not stack.",Silver Ore
Nature,Imler,Trick Imler,Monstrous Rampage,"After your creatures provoke, they deal damage to a random enemy equal to 50% of their attack. This trait does not stack.",Trick Pumpkin
Rodian Master,Imler,Mastery Trait,Master of Imlers,Your Imlers and Imlings deal 20% more damage for each Imler and Imling fighting on your side. This trait does not stack.,Sigil of the Imler
Nature,Imling,Diamond Imling,Trove,"At the start of battle, your Imlers and Imlings share copies of their first 3 permanent Spell Gems with each other. This trait does not stack.",Diamond Charm
Nature,Imling,Leda Imling,Ingenuity,"Your Imlers gain 25% of the attack, intelligence, defense, and speed bonuses from this creature's Artifact.",Leda Charm
Nature,Imling,Putrid Imling,Thick and Thin,"After your Imlers die, they have a 50% chance to be resurrected with 100% health. This trait does not stack.",Putrid Charm
Nature,Imling,Rancid Imling,Jealousy,"If you only have one Imler and one Imling fighting on your side, both creatures share 50% of their base attack, intelligence, defense, and speed with each other. This trait does not stack.",Rancid Charm
Nature,Imling,Rock Imling,Everything to Gain,"After one of your Imlers dies, this creature casts its first 5 permanent spells.",Rock Charm
Nature,Imling,Tainted Imling,Rapid Evolution,"At the start of battle, this creature gains the innate traits of the Imler creatures adjacent to it.",Tainted Charm
Nature,Imling,Treat Imling,Crazy Idea,"While this creature is dead, it casts a random spell at the start of each enemy's turn.",Treat Pumpkin
Nature,Imling,Varve Imling,Patch Up,"When your Imlers are damaged, they recover 20% health. This trait does not stack.",Varve Charm
Rodian Master,Imling,Mastery Trait,Master of Imlings,Your Imlers and Imlings take 5% less damage for each Imler and Imling fighting on your side. This trait does not stack.,Sigil of the Imling
Life,Imp,Imp Bishop,Grayscale,"After this creature casts a spell, it resurrects a random ally with 50% health.",Bishop Totem
Nature,Imp,Imp Hexer,Earthen Attunement,"At the start of battle, your creatures gain Shellbust.  This spell is cast 1 additional time. This trait does not stack.",Hexer Totem
Nature,Imp,Imp Incarnate,Miracle of the Mind,Your creatures' Spell Gems have a 50% chance to cast 1 additional time. This trait does not stack.,Incarnate Totem
Nature,Imp,Imp Inscriber,Voodoo,This creature takes 15% less damage for each permanent Nature Spell Gem it has equipped.,Inscriber Totem
Nature,Imp,Imp Necromancer,Darkness Fate,Your creatures have 7% more speed for each permanent Nature Spell Gem each of your creatures have equipped.  Maximum of 3 Spell Gems per creature. This trait does not stack.,Necromancer Totem
Nature,Imp,Imp Ritualist,Creationism,"When your creatures cast a damaging Nature spell, each of your creatures contribute 10% of their intelligence toward the damage dealt. This trait does not stack.",Ritualist Totem
Nature,Imp,Imp Sacrificer,Ordinary Abnormality,Your creatures' Nature spells cast 1 additional time. This trait does not stack.,Sacrificer Totem
Nature,Imp,Imp Shaman,Incarnation,"When your creatures cast a single-target Nature spell, they have a 50% chance to cast the spell on all the creatures fighting on the target's side. This trait does not stack.",Shaman Totem
Nether Boss,Imp,Imp Impington,Hee Hay Ho Ha,Your creatures cast 0.5 additional times for each Imp creature fighting on your side. This trait does not stack.,Impington's Laser Eye
Nether Boss,Imp,Imp Impington,Hee Hoo Ha,Your creatures have a 15% chance to take an additional turn. This trait does not stack.,Impington's Totem
Nether Boss,Imp,Imp Impington,Hoo Ho Ha,"After this creature is killed, it is resurrected as Imp Impington Prime.",Impington's Cog
Rodian Master,Imp,Mastery Trait,Master of Imps,"At the start of battle, your Imps gain Shellbust. Your Imps' Shellbust now targets all enemies. This trait does not stack.",Sigil of the Imp
Nature,Inquisitor,Carnivorous Inquisitor,Permanence,Your creatures' minions have a 50% lower chance to go away. This trait does not stack.,Carnivorous Chalice
Nature,Inquisitor,Infernal Inquisitor,Open The Portals,"After this creature attacks, it gains a random minion.  After your other creatures attack, they have a 30% chance to gain a random minion. This trait does not stack.",Infernal Chalice
Nature,Inquisitor,Inquisitor Countess,On A Pale Horse,"Your creatures' Conquest, Death, Famine, and War are 100% more powerful. This trait does not stack.",Countess Chalice
Nature,Inquisitor,Inquisitor Egglayer,Mass Summoning,"At the start of battle, your creatures gain 1 to 3 random minions. This trait does not stack.",Egglayer Chalice
Nature,Inquisitor,Inquisitor Weaver,Pleasant Disease,"When your creatures' Writhelings minions afflict a debuff, they also grant one of your creatures a random buff.  In addition, your creatures start battles with 1 Writhelings.",Weaver Chalice
Nature,Inquisitor,Watchful Inquisitor,The Walking Dead,"Your creatures' Zombies minions now deal damage based on their master's highest stat.  In addition, your creatures start battles with 1 Zombies. This trait does not stack.",Watchful Chalice
Rodian Master,Inquisitor,Mastery Trait,Master of Inquisitors,"If all the creatures in your party are Inquisitors, they gain a random minion at the start of their turns. This trait does not stack.",Sigil of the Inquisitor
Sorcery,Koloss,Bestial Koloss,Hearty Appetite,"After your creatures gain attack, intelligence, defense, or speed, they gain 20% of that amount as Maximum health as well. This trait does not stack.",Dull Blade
Sorcery,Koloss,Koloss Champion,Heart Versus Mind,"After your creatures' Barrier buffs are damaged and destroyed, they gain 50% of the original strength of the Barrier as Maximum health. This trait does not stack.",Bastard Blade
Sorcery,Koloss,Koloss Doombringer,Rise Above,"After your creatures are healed, they gain 5% of that amount as Maximum health as well. This trait does not stack.",Imperfect Blade
Sorcery,Koloss,Koloss Eradicator,Trauma Prevention,"When your creatures gain a Barrier, the strength of the Barrier is increased by an amount equal to 25% of their Maximum health. This trait does not stack.",Serrated Blade
Sorcery,Koloss,Koloss Firebrand,Division of Mortality,This creature deals additional damage with attacks and spells equal to its Current health minus the target's Current health.,Flaming Blade
Sorcery,Koloss,Night Koloss,Big Boned,"At the start of battle, this creature gains Maximum health equal to 35% of its attack, intelligence, defense, and speed.  Then, these stats are set to their minimum values.",Night Blade
Rodian Master,Koloss,Mastery Trait,Master of Kolosses,Your Kolosses start battles with 20% more Current and Maximum Health for each Koloss fighting on your side. This trait does not stack.,Sigil of the Koloss
Chaos,Kraken,Abyssal Kraken,Abyssal Waters,"As long as your creatures haven't gained or lost stats, they have 75% more stats (other than health). This trait does not stack.",Ghastly Sucker
Chaos,Kraken,Inkjet Kraken,Inky Escape,"As long as this creature hasn't gained or lost speed, it has 200% more speed and has Agile.",Gross Sucker
Chaos,Kraken,Ironside Kraken,Iron Shell,"As long as this creature hasn't gained or lost defense, it has 200% more defense and has Protected.",Hideous Sucker
Chaos,Kraken,Kraken Hundredhand,Hundred Hands,"As long as your creatures haven't gained or lost stats, this creature has 200% more stats (other than health).",Repulsive Sucker
Chaos,Kraken,Kraken Shipbreaker,Shipbreaker,"As long as this creature hasn't gained or lost attack, it has 200% more attack and has Berserk.",Dreadful Sucker
Chaos,Kraken,Unblinking Kraken,Unblinking Eyes,"As long as this creature hasn't gained or lost intelligence, it has 200% more intelligence and has Arcane.",Creepy Sucker
Rodian Master,Kraken,Mastery Trait,Master of Krakens,"If all the creatures in your party are Krakens, the stat boosts from their innate traits is increased by 50%. This trait does not stack.",Sigil of the Kraken
Death,Leech,Leech Devourer,Coming Undone,"After your creatures with Leeching attack, they gain 10% attack, intelligence, defense, and speed. This trait does not stack.",Devourer Cyst
Death,Leech,Leech Digger,Cleansed Blood,Your creatures with Leeching deal 30% more damage and no longer take damage from Blighted. This trait does not stack.,Digger Cyst
Death,Leech,Moon Leech,Deeper Sucking,Your creatures' Leeching buff is 100% more effective. This trait does not stack.,Celestial Cyst
Death,Leech,Oculum Leech,Bloodlust,Your creatures always have Leeching and receive 30% more healing.,Oculum Cyst
Death,Leech,Oozing Leech,Blood Barrier,"After your creatures are healed by their Leeching buff, they gain a Barrier that absorbs damage equal to 50% of the amount recovered. This trait does not stack.",Oozing Cyst
Death,Leech,Toxic Leech,Imbibe,"After your creatures with Leeching take damage, they are healed for an amount equal to 40% of the damage taken. This trait does not stack.",Toxic Cyst
Rodian Master,Leech,Mastery Trait,Master of Leeches,"If all the creatures in your party are Leeches, their Leeching buff lasts forever and heals for 300% more. This trait does not stack.",Sigil of the Leeche
Death,Leper,Addled Leper,Lush Licks,"After your creatures attack, they afflict the target with a copy of their debuffs.",Addled Pimple
Death,Leper,Blood Leper,Blood Boil,"After this creature provokes, it explodes and dies, dealing damage to enemies equal to 50% of its speed for each debuff it had before it died.",Blood Pimple
Death,Leper,Crazed Leper,Final Excretion,"After an enemy dies, this creature casts Corpse Explosion.",Crazed Pimple
Death,Leper,Grave Leper,Puppet Master,This creature deals 20% more damage and takes 5% less damage for each minion it has.,Grave Pimple
Death,Leper,Leper Blightbringer,Pus and Pox,"At the start of each enemy's turn, this creature afflicts them with a random debuff. This trait does not stack.",Blightbringer Pimple
Death,Leper,Leper Defiler,Hugs and Kisses,"After this creature takes damage from an attack or spell, it afflicts the enemy with a random debuff.",Defiler Pimple
Death,Leper,Leper Plaguespreader,Stank,Enemies deal 5% less damage and take 7% more damage for each debuff they have. This trait does not stack.,Plaguespreader Pimple
Death,Leper,Tortured Leper,Wrong Side,"After your creatures are afflicted with a debuff, they have a 40% chance to remove the debuff and give it to a random enemy. This trait does not stack.",Tortured Pimple
Rodian Master,Leper,Mastery Trait,Master of Lepers,"If all the creatures in your party are Lepers, they afflict an additional debuff on enemies when they afflict them with a debuff. This trait does not stack.",Sigil of the Leper
Death,Lich,Lich Bloodletter,Heretic Blood,Your creatures' Death spells cost 20% health and don't consume any charges.,Bloodletter Knife
Death,Lich,Lich Hellcaster,Necronomicon,"This creature casts Death spells 2 additional times, but these spells act as if this creature has 50% less intelligence.",Hellcaster Knife
Death,Lich,Lich King,Hail to the King,"At the start of battle, this creature gains Summon Conquest, Summon War, Summon Death, and Summon Famine.",King Knife
Death,Lich,Lich Necromancer,Necromastery,Your creatures' Spell Gems that summon minions do not consume any charges.,Necromancer Knife
Sorcery,Lich,Lich Netherwalker,Watch of the Buried,"When this creature gains a minion, that minion's number of stacks is set to the maximum amount, excluding effects that increase the maximum stack count.",Netherwalker Knife
Death,Lich,Lich Overseer,Dark Aegis,Your creatures have 7% more defense for each permanent Death Spell Gem each of your creatures have equipped.  Maximum of 3 Spell Gems per creature. This trait does not stack.,Overseer Knife
Death,Lich,Lich Priest,Unholy Prayer,"At the start of battle, your creatures gain Murder of Crows.  This spell deals damage 2 additional times.",Priest Knife
Death,Lich,Lich Shadowcaster,Sacrimony,Your creatures cast Death spells as if they have 100% more intelligence. This trait does not stack.,Shadowcaster Knife
Nether Boss,Lich,King Andrick,Andrick's Empowerment,Your creatures deal 5% more damage for each minion each of your creatures have. This trait does not stack.,Andrick's Tarnished Crown
Nether Boss,Lich,King Andrick,Andrick's Folly,"When your creatures gain a minion, the minion has 1 additional stack. This trait does not stack.",Andrick's Molding Tome
Nether Boss,Lich,King Andrick,Andrick's Royal Decree,"After your creatures gain a minion, they also gain a random buff. This trait does not stack.",Andrick's Tattered Garb
Rodian Master,Lich,Mastery Trait,Master of Liches,"After your Liches cast a Death spell, they gain 10% Intelligence. This trait does not stack.",Sigil of the Lich
Chaos,Lucanian,Lucanian Archunter,The High Hunt,"After this creature attacks, it gains 10% intelligence.  After this creature casts a spell, it gains 10% attack.",Archunter's Token
Death,Lucanian,Lucanian Armiger,Armiger Strike,This creature takes 5% less damage for each time it has attacked.  This creature has 3% more attack and intelligence for each time it has cast a spell.,Armiger's Token
Sorcery,Lucanian,Lucanian Aspectal,Consuming Knowledge,"After your creatures attack, their non-Ultimate Spell Gems gain 1 charge.  This trait can only activate once per turn for each creature. This trait does not stack.",Aspectal's Token
Life,Lucanian,Lucanian Illuminator,The Golden Sign,"At the start of battle, your creatures either gain 100% attack and Scorned, or 100% intelligence and Silenced. This trait does not stack.",Illuminator's Token
Sorcery,Lucanian,Lucanian Soulbinder,Soul Exchange,"At the start of battle, your creatures' attack and intelligence are set to whichever is highest.",Soulbinder's Token
Nature,Lucanian,Lucanian Windrider,Big Wings,"If this creature's attack and intelligence are within 100% of each other, it always deals critical damage and enemies cannot dodge its attacks.",Windrider's Token
Rodian Master,Lucanian,Mastery Trait,Master of Lucanians,"After all start-of-battle effects occur, if all the creatures in your party are Lucanians, their Attack and Intelligence are set equal to whichever is highest.",Sigil of the Lucanian
Nature,Luckmantria,Ace Luckmantria,Royal Flush,Your Luckmantria creatures share their innate traits with each other.,Torn Card (Ace)
Nature,Luckmantria,Club Luckmantria,Showdown,"If this creature's intelligence is higher than that of any enemy, it has 200% more intelligence.",Torn Card (Club)
Nature,Luckmantria,Diamond Luckmantria,Semi-Bluff,"While this creature is defending, its intelligence is swapped with its defense.  This creature takes 30% less damage while it is defending.",Torn Card (Diamond)
Nature,Luckmantria,Heart Luckmantria,Ante,This creature has additional intelligence equal to 5% of your other creatures' Current health.,Torn Card (Heart)
Nature,Luckmantria,Joker Luckmantria,Implied Odds,"After a creature is killed, your creatures gain a random buff. This trait does not stack.",Torn Card (Joker)
Nature,Luckmantria,Spade Luckmantria,Drawing Dead,"If this creature's attack is lower than that of any enemy, it has 100% more attack.",Torn Card (Spade)
Rodian Master,Luckmantria,Mastery Trait,Master of Luckmantrias,"If all the creatures in your party are Luckmantrias, they each have a 40% chance to start battles at the top of the Timeline. This trait does not stack.",Sigil of the Luckmantria
Chaos,Maniac,Armored Maniac,Meat Bomb,"After this creature provokes, it deals damage to all enemies equal to 50% of its missing health.  Then, it is killed.",Armored Foot
Chaos,Maniac,Maniac Builder,No Fear,"While your creatures are below 40% health, they deal 100% more damage. This trait does not stack.",Builder Foot
Chaos,Maniac,Maniac Chief,Detonation,"After this creature provokes, your other Maniacs are killed, and deal damage to all enemies equal to 25% of your affected creatures' Maximum health.",Leader Foot
Chaos,Maniac,Maniac Huntsman,Bad Blood,"After your creatures are killed, this creature afflicts enemies with Poisoned, Burning and Bleeding.",Hunter Foot
Chaos,Maniac,Maniac Mutant,Cannibalistic Tendencies,"After your creatures provoke, they are killed, and your other creatures gain 20% of their attack, intelligence, defense, and speed. This trait does not stack.",Mutant Foot
Chaos,Maniac,Maniac Warrior,Nice Haircut,"After your Maniacs are killed while it is an ally's turn, they have a 50% chance to be resurrected with 50% health. This trait does not stack.",Warrior Foot
Nether Boss,Maniac,Loid,Loid's Laugh,"After an enemy casts a spell, it loses 20% Intelligence and is afflicted with Silenced. This trait does not stack.",Loid's Boil
Nether Boss,Maniac,Loid,Loid's Pustulant Pimples,"After an enemy defends or provokes, it is afflicted with 3 random debuffs. This trait does not stack.",Loid's Hair
Nether Boss,Maniac,Loid,Loid's Visage,"After an enemy attacks, it loses 20% Attack and is afflicted with Scorned. This trait does not stack.",Loid's Pimple
Rodian Master,Maniac,Mastery Trait,Master of Maniacs,Your Maniacs start battles with 25% more Health and 10% less Defense for each Maniac fighting on your side. This trait does not stack.,Sigil of the Maniac
Chaos,Manticore,Crimson Manticore,The Crimson,Enemies attack as if they have 40% less attack. This trait does not stack.,Crimson Tail
Chaos,Manticore,Flailing Manticore,Parry,"At the start of this creature's turn, it gains defense equal to 50% of its attack.",Flailing Tail
Chaos,Manticore,Manticore Conqueror,Whiplash,"After this creature attacks, it also deals damage to 2 other enemies equal to 40% of its attack.",Conqueror Tail
Chaos,Manticore,Manticore Decimator,Beast Within,"After your creatures gain a stat other than attack, they gain 50% of that stat as attack as well. This trait does not stack.",Decimator Tail
Chaos,Manticore,Martyaxwar,Mouth For War,"After this creature casts a single-target spell on an enemy, it also attacks that enemy 2 times.",Martyaxwar Tail
Chaos,Manticore,Prowling Manticore,Covert,Your creatures' Timeline placement at the start of battle is determined by their attack rather than their speed.,Prowling Tail
Chaos,Manticore,Sabertooth Manticore,Conservation,"At the start of this creature's turn, it gains defense equal to 30% of its highest stat.",Sabertooth Tail
Chaos,Manticore,Sawback Manticore,Razor Hide,"After this creature is attacked, it deals damage equal to 75% of its attack to the enemy.",Sawback Tail
Rodian Master,Manticore,Mastery Trait,Master of Manticores,Enemies have 5% less Attack and your creatures have 15% more Attack and Defense for each Manticore fighting on your side. This trait does not stack.,Sigil of the Manticore
Chaos,Marionette,Marionette Ballerina,Grand Pas,Your creatures' attacks and spells ignore 20% of defending and provoking enemies' defense.  This effect is increased by 100% if the target is both defending and provoking. This trait does not stack.,Arabesque Lace
Chaos,Marionette,Marionette Charlatan,Hoodwink,Enemies always have Taunting.  Enemies with Blind have a 50% chance to target provoking allies with attacks and spells. This trait does not stack.,Snake Lace
Chaos,Marionette,Marionette Demoiselle,Innocence,Enemies with Cursed take 10% more damage from this debuff for each time an enemy has taken Cursed damage in the current battle. This trait does not stack.,Maiden Lace
Chaos,Marionette,Marionette Evangelist,Adoration,"At the end of each enemy's turn, they cast a healing Spell Gem equipped by this creature in your favor. This trait does not stack.",Vestment Lace
Chaos,Marionette,Marionette Harlequin,Circus Reverie,Your creatures deal additional damage with attacks and spells equal to 10% of their attack for each buff their target has. This trait does not stack.,Clown Lace
Chaos,Marionette,Marionette Hypnotist,Entrancing,"Enemies always have Defensive.  After an enemy defends, this creature afflicts them with Blind and Sleeping. This trait does not stack.",Mesmerising Lace
Chaos,Marionette,Marionette Medium,Heartstrings,"At the end of each enemy's turn, they cast one of their spells.  After an enemy with Cursed casts a spell, they take damage equal 20% of this creature's intelligence. This trait does not stack.",Seance Lace
Chaos,Marionette,Marionette Primadonna,Spotlight,"At the end of each enemy's turn, they attack this creature for 15% normal damage and are afflicted with Cursed. This trait does not stack.",Diva Lace
Chaos,Marionette,Marionette Virtuoso,Glissando,"Enemies always have Agile.  The first time an enemy dodges each turn, each of your creatures attack that enemy for 50% normal damage. This trait does not stack.",Harper Lace
Rodian Master,Marionette,Mastery Trait,Master of Marionettes,"When your Marionettes perform an action, the enemy in the corresponding position performs the same action on the opposite target, and then gains a random debuff. This trait does not stack.",Maste of Marionettes
Sorcery,Masochist,Favored Masochist,Lust For Punishment,Your creatures deal 40% more damage for each debuff they have. This trait does not stack.,Favored Stake
Sorcery,Masochist,Lurid Masochist,Purge,"At the start of your creatures' turns, each of their debuffs have a 35% chance to be removed. This trait does not stack.",Purge
Sorcery,Masochist,Macabre Masochist,Boon to Bane,"When an enemy creature would gain a buff, they have a 50% chance to gain a debuff instead. This trait does not stack.",Macabre Stake
Sorcery,Masochist,Masochist Angler,Under Stress,Your creatures have an independent 20% chance to dodge attacks and deal critical damage for each debuff they have. This trait does not stack.,Angler Stake
Chaos,Masochist,Masochist Freak,Redefined,"Your creatures' traits and other effects that are influenced by the number of buffs they have also count their debuffs as well, and vice versa.",Freak Stake
Sorcery,Masochist,Masochist Witch,Binary Affliction,"After this creature attacks, it gains a random buff and afflicts its target with a random debuff.",Witch Stake
Sorcery,Masochist,Sadomasochist,Vendetta,This creature attacks and casts an additional number of times equal to the number of debuffs it has.,Sadomasochist Stake
Sorcery,Masochist,Sanguine Masochist,Phlebotomize,"After this creature defends, it removes its debuffs and heals your creatures for 50% health for each debuff removed.",Sanguine Stake
Nether Boss,Masochist,Phobos,Bladedancing,"When your creatures deal critical damage, they have a 30% chance to attack the target again. This effect can repeat multiple times in a row.",Phobos' Shortsword
Nether Boss,Masochist,Phobos,Butterfly Touch,"When this creature takes damage, the amount of damage taken is reduced by 15% for each creature between it and the enemy on the Timeline.",Phobos' Crest
Nether Boss,Masochist,Phobos,Phobos's Grip,"When your creatures with Proficient attack, they afflict their target with Snared.",Phobos' Unrelenting Grasp
Rodian Master,Masochist,Mastery Trait,Master of Masochists,"If all the creatures in your party are Masochists, they are resistant to debuffs and take 30% less damage from all sources. This trait does not stack.",Sigil of the Masochist
Chaos,Mimic,Gift Mimic,Nothing But Coal,"When this creature dies, it deals damage to enemies equal to 35% of its attack.",Mimic Gift
Chaos,Mimic,Killer Cooler,Hydration,"At the start of battle, this creature gains 5 random traits.",Killer Drink
Chaos,Mimic,Mimic,Surprise!,This creature always starts battle at the top of the Timeline.,No Material Exists
Chaos,Mimic,Pandora,Pandora's Box,"At the start of battle, this creature casts 5 random spells, one from each class.",No Material Exists
Nether Boss,Mimic,Kraynaks,Giftwrapped Army,"At the start of battle, your Mimic creatures gain a random buff for each Mimic fighting on your side. This trait does not stack.",Kraynaks' Plank
Nether Boss,Mimic,Kraynaks,Sad Birthday Song,"After this creature is killed, it transforms into an enemy creature.",Kraynaks' Tooth
Nether Boss,Mimic,Kraynaks,Ultimate Trickery,"At the start of battle, this creature transforms into a copy of the second creature in your party, gains the innate trait of the third creature in your party, and gains the fused trait of the fourth creature in your party. This creature always starts battles at the bottom of the Timeline.",Kraynaks' Tongue
Rodian Master,Mimic,Mastery Trait,Master of Mimics,"If all the creatures in your party are Mimics, they each have a 25% chance to start battles at the top of the Timeline. This trait does not stack.",Sigil of the Mimic
Chaos,Minotaur,Minotaur Battlemaster,Resolve,"While this creature is below 50% health, it is immune to debuffs and takes 50% less damage.",Battlemaster Plate
Chaos,Minotaur,Minotaur Behemoth,Seeing Red,"While your creatures are below 80% health, they have Berserk and take 25% less damage. This trait does not stack.",Behemoth Plate
Chaos,Minotaur,Minotaur Earthshaker,Fracture,"After this creature is attacked, it deals 50% of the damage taken to all enemies.  This damage cannot exceed 100% of this creature's Maximum health.",Earthshaker Plate
Chaos,Minotaur,Minotaur Juggernaut,Flesh Wound,"After this creature takes damage while it is below 50% health, it gains a Barrier that absorbs damage equal to 100% of its Maximum health.",Juggernaut Plate
Chaos,Minotaur,Minotaur Lancer,Piercing Focus,This creature's attacks ignore 1% of the target's defense for every 1% health this creature is missing.,Lancer Plate
Chaos,Minotaur,Minotaur Skullcrusher,Rise to Fall,"After this creature attacks, it recovers 30% health.  In addition, this creature receives 5% more healing from all sources for every 1% of health it is missing.",Skullcrusher Plate
Chaos,Minotaur,Minotaur Warrior,Blood Crazed,"After this creature is attacked, it gains 35% attack and recovers health equal to 40% of the damage taken.",Warrior Plate
Rodian Master,Minotaur,Mastery Trait,Master of Minotaurs,Your Minotaurs attack 1 additional time for each Minotaur fighting on your side. Your creatures deal 25% less damage. This trait does not stack.,Sigil of the Minotaur
Sorcery,Mireling,Kaleido-toad,Prismatic One,"At the start of battle, this creature's class is randomized, prioritizing classes not on your team.  Then, it copies the top-most Spell Gem of each ally of a different class, but current charges are set to 1.",Opalscent Eye
Life,Mireling,Mireling Arbitrator,Power in Balance,"After all start-of-battle effects, this creature's stats (other than health) are averaged, then it gains 10% stats (other than health) for each unique class among your creatures.  This creature's stat changes persist through death.",Balancing Scale
Death,Mireling,Mireling Corruptor,Enfeebling Haze,Creatures lose 10% more stats for each unique class among your creatures.  Creatures receive additional damage from attacks and spells equal to 5% of their lost stats. This trait does not stack.,Charm of Decay
Nature,Mireling,Mireling Dart Frog,Scoundrel Strike,Toxic Frogmania cast by your creatures always deals massive damage based on the caster's lowest stat and afflicts the target with Poisoned.  The potency of the spell is increased by 20% for each unique class among your creatures. This trait does not stack.,Blowgun
Sorcery,Mireling,Mireling Spellscatterer,Rain of Magic,"At the start of battle, this creature's spells with the ""Cascading"" property gain 4 additional maximum charges for each unique class among your creatures.  Does not work on Ultimate Spell.",Mini Gem
Chaos,Mireling,Mireling Striker,Conduit Strike,"This creature can equip an additional Spell Gem for each unique class among your creatures.  When this creature attacks, it consumes a charge from each of its Spell Gems to deal additional damage equal to 5% of its lowest stat for each consumed charge.  This creature cannot cast spells.",Energy Glove
Rodian Master,Mireling,Mastery Trait,Master of Mirelings,"Enemies have 5% less stats for each different class of creatures fighting on your side. If you have a creature from each class, your Mirelings' traits act as if they have 1 additional unique class. This trait does not stack.",Sigil of the Mireling
Nature,Mite,Mite Gravedigger,Cradle to the Grave,"After your creatures are killed, they have a 15% chance to resurrect with 50% health for each dead creature on your side. This trait does not stack.",Gravedigger Goo
Nature,Mite,Mite Interloper,Corrosion,"After this creature attacks, it afflicts the target with Blighted.  If the target is already afflicted with Blighted, the target is healed for 100% of the amount of damage dealt.",Interloper Goo
Nature,Mite,Mite Invader,Neon Grave,"After this creature attacks, it has a 35% chance to cast Affliction.",Invader Goo
Nature,Mite,Mite Paralyzer,Swell,"After this creature attacks, it afflicts the target with a random debuff for each debuff the target already has.",Paralyzer Goo
Nature,Mite,Mite Plaguespreader,Villainy Thrives,The potency of the enemies' Poisoned and Burning debuffs is shared with each other. This trait does not stack.,Plaguespreader Goo
Nature,Mite,Mite Skirmisher,Intensify,"After this creature attacks, it increases the potency of the target's Poisoned and Burning debuffs by 50%.",Skirmisher Goo
Nature,Mite,Mite Webweaver,Viscous Webs,Enemies take 25% more damage for each debuff they have that they're resistant to. This trait does not stack.,Webweaver Goo
Rodian Master,Mite,Mastery Trait,Master of Mites,Your Mites have a 5% chance to avoid damage for each Mite fighting on your side. This trait does not stack.,Sigil of the Mite
Sorcery,Modron,Bio Bot,Big Brained,Your creatures are immune to Confused.,Bio Scrap
Sorcery,Modron,Brave Little Bot,Bravely Inspired,"After this creature is killed, it grants your other creatures 25% of its stats.",Dull Scrap
Sorcery,Modron,Junkyard Bot,Junkyard Might,"This creature is immune to Blighted, Confused, and Poisoned.",Junkyard Scrap
Sorcery,Modron,Sentry Bot,Shall Not Pass,"After your creatures take damage that exceeds 25% of their Maximum health, they gain a Barrier that absorbs damage equal to 100% of the damage taken. This trait does not stack.",Shield Scrap
Sorcery,Modron,Wizard's Companion,Uninterrupted,Your creatures have a 50% chance to avoid Silenced and Scorned. This trait does not stack.,Enchanted Scrap
Sorcery,Modron,Wizard's Defender,Protect the Glass Cannon,"After your creatures manually cast a spell, they defend. This trait does not stack.",Sentry Scrap
Rodian Master,Modron,Mastery Trait,Master of Modrons,"If all the creatures in your party are Modrons, they are resistant to debuffs and take 20% less damage. This trait does not stack.",Sigil of the Modron
Nature,Mogwai,Mogwai,No Sanctuary,"The damage of this creature's attacks and the potency of this creature's spells is based on its speed, rather than its attack or intelligence.",Mogwai's Sanctuary
Death,Mummy,Creep Mummy,Inner Hatred,Your creatures have 100% more attack.  This trait is ignored when your creatures attack. This trait does not stack.,Creep Wrappings
Death,Mummy,Doom Mummy,Exploitation,Your creatures have 20% more attack and intelligence for each enemy that is afflicted with Cursed. This trait does not stack.,Doom Wrappings
Death,Mummy,Gimp Mummy,Gimp Touch,This creature's attacks deal 75% more damage and afflict Cursed.,Gimp Wrappings
Death,Mummy,Mummy Lord,Pharaoh's Beckoning,"After this creature attacks, the target is forced to attack this creature 3 times.  These attacks deal 25% normal damage.",Lord Wrappings
Death,Mummy,Nightmare Mummy,Mockery,Your creatures take 30% less damage from spells for each enemy that is afflicted with Cursed. This trait does not stack.,Nightmare Wrappings
Death,Mummy,Scourge Mummy,Curse of the Outspoken,"After an enemy casts a spell, this creature afflicts it with Cursed and Vulnerable.",Scourge Wrappings
Death,Mummy,Swarm Mummy,Sorrow,Enemies with Cursed take 50% more damage from this debuff. This trait does not stack.,Swarm Wrappings
Rodian Master,Mummy,Mastery Trait,Master of Mummies,"After your Mummy creatures take damage while it is their turn, they recover Health equal to 100% of the damage taken. This trait does not stack.",Sigil of the Mummy
Sorcery,Mythicant,Mythicant Calti,Of Rituals Unbound,"At the start of battle, your creatures gain a Spell Gem for each Mythicant creature fighting on your side. This trait does not stack.",Magi's Tale
Sorcery,Mythicant,Mythicant Erdhe,Of Blood Untamed,"After your creatures take damage from a spell, they deal damage to a random enemy equal to 25% of their intelligence. This trait does not stack.",Noble's Tale
Sorcery,Mythicant,Mythicant Palmira,Of Grace Unending,Your creatures have 12% more stats (other than health) for each Mythicant creature fighting on your side. This trait does not stack.,Survivor's Tale
Sorcery,Mythicant,Mythicant Populi,Of Creation Undivided,"At the start of battle, your creatures gain 3 random traits. This trait does not stack.",People's Tale
Sorcery,Mythicant,Mythicant Pryderis,Of Hearts Unbowed,Your creatures have a 50% chance to resist being forcibly lowered on the Timeline. This trait does not stack.,Orphan's Tale
Sorcery,Mythicant,Mythicant Solis,Of Determination Unyielding,"At the start of your creatures' turns, they recover 15% health for each Mythicant creature fighting on your side. This trait does not stack.",Minstrel's Tale
Rodian Master,Mythicant,Mastery Trait,Master of Mythicants,"If all the creatures in your party are Mythicants, they have a 75% chance to avoid damage from attacks. This trait does not stack.",Sigil of the Mythicant
Sorcery,Mythicant,Mythicant Chromis,Of Fate Unwritten,"After this creature attacks, it deals damage to a different enemy for each Mythicant creature fighting on your side.  This creature's attacks ignore 10% of enemies' defense (up to 50%) for each Mythicant creature fighting on your side.",Einherjar Tale
Life,Nephilim,Nephilim Cleric,Mender's Oath,"After your creatures are healed, they heal your other creatures for 25% of this amount.  Your creatures receive 50% less healing. This trait does not stack.",Devoted Thread of Fate
Life,Nephilim,Nephilim Lord,Heightened Learning,"After your creatures gain a stat (other than health), they grant 25% of this stat to your other creatures as well.  Your creatures gain 50% less stats. This trait does not stack.",Noble Thread of Fate
Life,Nephilim,Nephilim Scion,Unbound Corruption,"At the start of this creature's turn, it deals damage to enemies equal to 25% of its lowest stat.",Volatile Thread of Fate
Life,Nephilim,Nephilim Shieldbearer,Stand As One,"After your creatures take damage, your other creatures take 25% of this damage as well.  Your creatures take 50% less damage. This trait does not stack.",Stoic Thread of Fate
Life,Nephilim,Nephilim Skirmisher,Balanced Swordplay,Your creatures deal damage with attacks based on 25% of all their stats (other than health).,Violent Thread of Fate
Life,Nephilim,Nephilim Sorcerer,Balanced Spellcasting,Your creatures deal damage with spells based on 25% of all their stats (other than health).,Arcane Thread of Fate
Rodian Master,Nephilim,Mastery Trait,Master of Nephilim,"If all the creatures in your party are Nephilims, they are resistant to debuffs and start battles with 2 random buffs. This trait does not stack.",Sigil of the Nephilim
Chaos,Nihilist,Nihilist Ender,Nihilism,"After this creature attacks, it deals 50% of this damage to all other enemies.  This creature deals 12% less damage with attacks for each living enemy.",Sketch Paper
Chaos,Nihilist,Nihilist Paralyzer,Careful Planning,"After this creature is killed, your creatures gain 75% of its attack. This trait does not stack.",Hourglass Sand
Chaos,Nihilist,Nihilist Protector,Riverside,"After your creatures attack, the target's speed is decreased by 20%. This trait does not stack.",Scepter Prism
Chaos,Nihilist,Nihilist Sealer,Accelerated Harvest,"After your creatures attack, they have a 20% chance to afflict the target with a random debuff. This trait does not stack.",Ink of Eternity
Chaos,Nihilist,Nihilist Seeker,Knowledge Is Power,Your creatures deal 10% more damage with spells for each time they've attacked in the current battle. This trait does not stack.,Small Doll
Chaos,Nihilist,Nihilist Summoner,Intuition,Your creatures take 5% less damage from attacks and spells for each time they've attacked in the current battle. This trait does not stack.,Pale Feather
Rodian Master,Nihilist,Mastery Trait,Master of Nihilists,"If all the creatures in your party are Nihilists, they are resistant to debuffs and are immune to Scorned.",Sigil of the Nihilist
Death,Nix,Nix Backstabber,Ambush,"At the start of this creature's turn, it attacks the closest enemy below it on the Timeline.",Backstabber Mask
Death,Nix,Nix Creeper,Break Down And Cry,"Before this creature dies, it casts 3 of its spells.",Creeper Mask
Death,Nix,Nix Exile,Subtlety,"Your creatures deal 50% less damage while it's their turn, and 100% more damage when it's not. This trait does not stack.",Exile Mask
Death,Nix,Nix Guardian,Heartseeker,This creature attacks 1 additional time.  The amount of damage each of this creature's extra attacks deal after the first is increased by 35% of the damage the first attack dealt.,Guardian Mask
Death,Nix,Nix Imposter,Starless,Creatures cannot gain stats.,Imposter Mask
Death,Nix,Nix Informer,Supersonic,"At the start of battle, enemies are afflicted with Silenced for 1 turn.",Informer Mask
Death,Nix,Nix Scoundrel,Reroute to Remain,"At the start of battle, enemies are afflicted with Scorned for 1 turn.",Scoundrel Mask
Death,Nix,Nix Shadowjumper,Pacing Death's Trail,"After an ally dies, this creature attacks 4 random enemies.",Shadowjumper Mask
Rodian Master,Nix,Mastery Trait,Master of Nixes,"If all the creatures in your party are Nixes, they start battles with Invisible and have a 25% chance to avoid damage. This trait does not stack.",Sigil of the Nix
Sorcery,Occultist,Celestial Occultist,Lingering Incantation,"After your creatures cast a Sorcery spell, 3 random enemies are afflicted with a random debuff. This trait does not stack.",Celestial Orb
Sorcery,Occultist,Delusion Occultist,Strength of the Mind,Your creatures' intelligence cannot be reduced.,Delusion Orb
Sorcery,Occultist,Disciple Occultist,Seal Magic,"After an enemy casts a spell, that Spell Gem is Sealed.",Disciple Orb
Sorcery,Occultist,Mirage Occultist,Conjuration,"After this creature casts a Sorcery spell, your other creatures' Sorcery Spell Gems gain 1 charge. This trait does not stack.",Mirage Orb
Sorcery,Occultist,Occultist Spellbinder,Phantasm,Your creatures' Spell Gems deal 30% more damage for each time they've been cast in the current battle. This trait does not stack.,Occultist Orb
Sorcery,Occultist,Raptor Occultist,Thaumaturgy,Your creatures have 7% more intelligence for each permanent Sorcery Spell Gem each of your creatures have equipped.  Maximum of 3 Spell Gems per creature. This trait does not stack.,Raptor Orb
Sorcery,Occultist,Spider Occultist,Apprenticeship,"After your creatures manually cast a spell, this creature casts Magic Missile on a random enemy.",Spider Orb
Sorcery,Occultist,Viper Occultist,Viper's Mind,"At the start of this creature's turn, it gains intelligence equal to 50% of its speed.",Viper Orb
Sorcery,Occultist,Zealot Occultist,Arcane Brilliance,"After your creatures cast a Sorcery spell, they gain 40% intelligence. This trait does not stack.",Zealot Orb
Nether Boss,Occultist,Sarea,Sarea's Command,"At the start of battle, each enemy attacks a random enemy. This trait does not stack.",Sarea's Broken Heart
Nether Boss,Occultist,Sarea,Sarea's Haste,"Buffs and debuffs last twice as long, but they lose 2 units of duration per turn. This trait does not stack.",Sarea's Brittle Hair
Nether Boss,Occultist,Sarea,Sarea's Plot,Your creatures deal 15% more damage for each time they've been damaged by attacks or spells in the current battle. This trait does not stack.,Sarea's Flayed Skin
Rodian Master,Occultist,Mastery Trait,Master of Occultists,"If all the creatures in your party are Occultists, their spells consume no Charges and cast 1 additional time. This trait does not stack.",Sigil of the Occultist
Life,Ophan,Burhua Ophan,Infusion,Your creatures cast Life spells as if they have 100% more intelligence. This trait does not stack.,Burhua Eyeball
Life,Ophan,Enim Ophan,Twist of Fate,"After your creatures manually cast a Life spell, they gain a random buff.",Enim Eyeball
Life,Ophan,Geylian Ophan,Spectrum of Eternity,"After your creatures manually cast a Life spell, they have a 50% chance to take another turn. This trait does not stack.",Geylian Eyeball
Life,Ophan,Irantha Ophan,Solace,"At the start of battle, your creatures gain 10% health for each permanent Life Spell Gem each of your creatures have equipped.  Maximum of 3 Spell Gems per creature. This trait does not stack.",Irantha Eyeball
Life,Ophan,Maluh Ophan,Worship,"After your creatures manually cast a Life spell, they gain a random trait. This trait does not stack.",Maluh Eyeball
Life,Ophan,Mitida Ophan,Center of the Universe,"At the start of battle, your creatures share copies of their permanent Life Spell Gems (maximum of 5) with each other. This trait does not stack.",Mitida Eyeball
Life,Ophan,Narklin Ophan,Mantra,"At the start of battle, your creatures gain Major Healing.  This spell has 100% more potency.",Narklin Eyeball
Nether Boss,Ophan,Nerlyx,Nerlyx's Chant,"After your creatures defend, they gain a random buff. This trait does not stack.",Nerlyx's Gorged Vein
Nether Boss,Ophan,Nerlyx,Nerlyx's Disturbance,Your creatures take 10% less damage for each time they've defended in the current battle. This trait does not stack.,Nerlyx's Closed Eye
Nether Boss,Ophan,Nerlyx,Nerlyx's Veil,"After your creatures defend, they have a 50% chance to take another turn. This trait does not stack.",Nerlyx's Damaged Cornea
Rodian Master,Ophan,Mastery Trait,Master of Ophans,"After your Ophans cast a Life spell, all your Ophans recover 25% Health.",Sigil of the Ophan
Death,Ossein,Augmented Ossein,Lonesome Haze,"After your creatures are resurrected, they attack random enemies 3 times.",Unfinished Fossil
Death,Ossein,Bloody Ossein,Introvert,"After your creatures are resurrected, they have a 35% chance to gain Rebirth. This trait does not stack.",Bloody Fossil
Death,Ossein,Dusk Ossein,Forbearance,"When your creatures are resurrected, they are resurrected with 100% additional health.  If this amount exceeds their Maximum health, their Maximum health increases by an amount equal to the difference. This trait does not stack.",Shadow Fossil
Death,Ossein,Igneous Ossein,Asceticism,"After your creatures are resurrected by Rebirth, they gain Mending, Repelling, and Shelled.",Igneous Fossil
Death,Ossein,Ossein Defender,Solitary Empowerment,"At the start of battle, 3 of your creatures gain Rebirth.",Defender Fossil
Death,Ossein,Scourge Ossein,Reclusive Glutton,"After your creatures are resurrected, they cast 5 random spells. This trait does not stack.",Scourge Fossil
Nether Boss,Ossein,Giran,Giran's Rigor,This creature cannot lose stats.,Giran's Eye
Nether Boss,Ossein,Giran,Giran's Strategy,"At the start of battle, this creature's Health, Attack, Intelligence, Defense and Speed are set equal to those of the second, third, fourth, fifth, and sixth creature in your party.",Giran's Skull
Nether Boss,Ossein,Giran,Giran's Unity,This creature has additional stats equal to 10% of your other creatures' stats. This trait does not work with creatures that also have this trait.,Giran's Kneecap
Rodian Master,Ossein,Mastery Trait,Master of Osseins,"If all the creatures in your party are Osseins, they start battles with Rebirth. In addition, they are resurrected by this buff with 100% Health.",Sigil of the Ossein
Life,Paragon,Amethyst Paragon,Amethyst Attunement,All creatures' Ethereal Spell Gems are created with only 1 charge.,Giant Amethyst
Life,Paragon,Bismuth Paragon,Bismuth Attunement,Creatures gain 50% less stats. This trait does not stack.,Bismuth Jewel
Life,Paragon,Chocolate Paragon,Chocolate Attunement,Creatures cannot gain buffs.,Chocolate Egg
Life,Paragon,Diamond Paragon,Diamond Attunement,All Spell Gems are 50% more potent. This trait does not stack.,Giant Diamond
Life,Paragon,Emerald Paragon,Emerald Attunement,All creatures deal 50% more damage. This trait does not stack.,Giant Emerald
Life,Paragon,Opal Paragon,Opal Attunement,Creatures cannot lose stats.,Giant Opal
Life,Paragon,Ruby Paragon,Ruby Attunement,All creatures start battles with 75% more health. This trait does not stack.,Giant Ruby
Life,Paragon,Sapphire Paragon,Sapphire Attunement,All creatures take 50% less damage. This trait does not stack.,Giant Sapphire
Life,Paragon,Topaz Paragon,Topaz Attunement,All buffs and debuffs last for only 1 turn.,Giant Topaz
Nether Boss,Paragon,Chroma,Chroma's Shelter,This creature is immune to damage from its own class.,Chroma's Bent Crown
Nether Boss,Paragon,Chroma,Chroma's Solution,"While this creature has Scorned, it has 100% more Intelligence. While this creature has Silenced, it has 100% more Attack.",Chroma's Emblem
Nether Boss,Paragon,Chroma,Chroma's Stability,"While this creature has Scorned, it is immune to damage from attacks. While this creature has Silenced, it is immune to damage from spells.",Chroma's Tarnished Jewel
Rodian Master,Paragon,Mastery Trait,Master of Paragons,Your Paragons take 80% less damage from spells. This trait does not stack.,Sigil of the Paragon
Sorcery,Phase Warrior,Phase Champion,Resilience Aura,"After an enemy dies, your creatures are resurrected with 50% health.",Champion Prism
Sorcery,Phase Warrior,Phase Executioner,Might Aura,Your creatures deal 25% more damage. This trait does not stack.,Executioner Prism
Sorcery,Phase Warrior,Phase Knight,Endurance Aura,Your creatures take 70% less indirect damage. This trait does not stack.,Knight Prism
Sorcery,Phase Warrior,Phase Marauder,Agility Aura,Your creatures have a 40% greater chance to dodge attacks. This trait does not stack.,Marauder Prism
Sorcery,Phase Warrior,Phase Paladin,Shield Aura,"After your creatures take damage from an attack or spell, they have a 35% chance to gain Shelled. This trait does not stack.",Paladin Prism
Sorcery,Phase Warrior,Phase Rogue,Dexterity Aura,Your creatures have an independent 20% chance to deal critical damage and dodge attacks. This trait does not stack.,Rogue Prism
Sorcery,Phase Warrior,Phase Spellblade,Shock Aura,"After your creatures are attacked, the attacker takes damage equal to 25% of the attacker's speed. This trait does not stack.",Spellblade Prism
Rodian Master,Phase Warrior,Mastery Trait,Master of Phase Warriors,"If all the creatures in your party are Phase Warriors, they are immune to indirect damage.",Sigil of the Phase Warrior
Sorcery,Phoenix,Ancestral Phoenix,Lifebinder,"After your creatures kill an ally, your creatures are resurrected with 50% health.",Ancestral Plume
Sorcery,Phoenix,Corrupted Phoenix,Final Breath,"After an enemy is resurrected, it has a 75% chance to be killed again.",Corrupted Plume
Life,Phoenix,Divine Phoenix,Terminus,"At the start of this creature's turn, it is killed.  Then, it is resurrected with 100% health.",Divine Plume
Sorcery,Phoenix,Frost Phoenix,Breath of the Dying,"After your creatures are resurrected, 3 enemies are afflicted with Frozen.",Frost Plume
Sorcery,Phoenix,Royal Phoenix,Second Chance,"After your creatures are resurrected, they have a 50% chance to be placed at the top of the Timeline. This trait does not stack.",Royal Plume
Sorcery,Phoenix,Thunderstruck Phoenix,Thundershock,"After your creatures are resurrected, 3 enemies are afflicted with Stoned.",Thunderstruck Plume
Sorcery,Phoenix,Transcended Phoenix,Alternate Reality,Your other creatures take 60% less damage while this creature is alive.  Your other creatures take 40% more damage while this creature is dead. This trait does not stack.,Transcended Plume
Sorcery,Phoenix,Volatile Phoenix,Buffet,"After your creatures are resurrected, enemies take damage equal to 50% of this creature's speed.",Volatile Plume
Rodian Master,Phoenix,Mastery Trait,Master of Phoenixes,"At the start of your Phoenixes' turns, their on-resurrect effects have a 50% chance to activate. This trait does not stack.",Sigil of the Phoenix
Nature,Pilwiz,Arcane Pilwiz,Brain Drain,"After an enemy takes damage from Bleeding, they lose 15% of their intelligence, and your creatures gain that intelligence. This trait does not stack.",Arcane Sickle
Nature,Pilwiz,Darkscythe Pilwiz,Shadow Hook,"Your creatures deal 10% more damage, and enemies deal 10% less damage, for each enemy that is afflicted with Bleeding. This trait does not stack.",Darkscythe Sickle
Nature,Pilwiz,Flamehook Pilwiz,Kindling,"After an enemy is afflicted with Bleeding or Burning, this creature afflicts them with whichever of these debuffs the target doesn't already have.",Flamehook Sickle
Nature,Pilwiz,Pilwiz Guardian,Bleed Out,"After an enemy takes damage from Bleeding, your creatures recover health equal to 50% of the damage dealt. This trait does not stack.",Guardian Sickle
Nature,Pilwiz,Pilwiz Harvester,Spatter,"After an enemy with Bleeding dies, this creature deals damage to all enemies equal to 20% of the dead creature's Maximum health.",Harvester Sickle
Nature,Pilwiz,Pilwiz Herbalist,Throat Slash,Enemies start battles with Bleeding.,Herbalist Sickle
Nature,Pilwiz,Pilwiz Peasant,Flay,This creature's attacks deal 75% more damage and afflict Bleeding.,Peasant Sickle
Nature,Pilwiz,Pilwiz Slasher,Marked For Death,"After this creature provokes, it attacks each enemy that is afflicted with Bleeding for 50% normal damage.",Slasher Sickle
Nature,Pilwiz,Steampowered Pilwiz,Pica,"Your creatures have 7% more attack and intelligence for each resource-yielding object you've collected in the current Realm, up to a maximum of 15.  If you're not in a Realm, this trait acts as if you've collected 10 objects. This trait does not stack.",Steampowered Sickle
Nether Boss,Pilwiz,Zenpang,Zenpang's Boast,Your creatures take 10% less damage for each time they've provoked in the current battle. This trait does not stack.,Zenpang's Feather
Nether Boss,Pilwiz,Zenpang,Zenpang's Exploit,Enemies take 100% more damage while provoking. This trait does not stack.,Zenpang's Bounty
Nether Boss,Pilwiz,Zenpang,Zenpang's Yell,"After your creatures provoke, they gain a random buff. This trait does not stack.",Zenpang's Bent Scythe
Rodian Master,Pilwiz,Mastery Trait,Master of Pilwizes,"If all the creatures in your party are Pilwizes, enemies' Bleeding damage is based on their highest stat.",Sigil of the Pilwiz
Death,Pit Worm,Accursed Pit Worm,Haunted Carapace,"At the start of each ally's turn, this creature deals damage to a random enemy equal to 15% of the ally's intelligence.",Accursed Acid
Death,Pit Worm,Lurking Pit Worm,Rock Candy,"At the start of each enemy's turn, this creature Seals one of their Spell Gems.",Lurking Acid
Death,Pit Worm,Marine Pit Worm,Elusiveness,Your creatures that have taken at least 3 turns are resistant to debuffs.,Marine Acid
Death,Pit Worm,Pit Worm Gladiator,Insatiable,"At the end of each ally's turn, this creature gains attack equal to 7% of the ally's attack.",Gladiator Acid
Death,Pit Worm,Pit Worm Harbinger,Hindrance,"At the start of each enemy's turn, this creature decreases their speed by 20%.",Harbinger Acid
Death,Pit Worm,Pit Worm Tunneler,Live to Labor,"At the start of each enemy's turn, this creature deals damage to them equal to 20% of its attack.",Tunneler Acid
Death,Pit Worm,Spitting Pit Worm,Spew Acid,"At the end of each enemy's turn, this creature decreases their defense by 15%.",Spitting Acid
Death,Pit Worm,Vicious Pit Worm,Death's Bite,"At the end of each ally's turn, this creature attacks a random enemy for 30% normal damage.",Vicious Acid
Nether Boss,Pit Worm,Ceaseless Gladiator,Ceaseless Fighting,"When your creatures are killed, they attack a random enemy.",Ceaseless Fang
Nether Boss,Pit Worm,Ceaseless Gladiator,Ceaseless Flame,"When an enemy takes damage from Burning, it has a 50% chance to take this damage a second time. This effect can repeat multiple times in a row.",Ceaseless Spit
Nether Boss,Pit Worm,Ceaseless Gladiator,Ceaseless Vitality,"At the start of this creature's turn, it recovers 20% Health and gains Shelled.",Ceaseless Heart
Rodian Master,Pit Worm,Mastery Trait,Master of Pit Worms,"If all the creatures in your party are Pit Worms, their innate traits activate an additional time. This trait does not stack.",Sigil of the Pit Worm
Death,Pit Wraith,Pit Wraith Dominator,Decrepify,"After this creature attacks, it decreases the target's defense by 50%.",Dominator Ganglion
Death,Pit Wraith,Pit Wraith Liberator,Breaker,Your creatures deal 100% more damage to targets that are defending or provoking. This trait does not stack.,Liberator Ganglion
Death,Pit Wraith,Pit Wraith Lord,Through the Gloom,Your creatures deal 50% more damage to targets that are above 90% health. This trait does not stack.,Lord Ganglion
Death,Pit Wraith,Pit Wraith Obliterator,Unmending,Enemies take 0.5% more damage for every 1% health they have. This trait does not stack.,Obliterator Ganglion
Death,Pit Wraith,Pit Wraith Overmind,Soul Squelch,"After this creature attacks, it reduces the target's Maximum health to its Current health.",Overmind Ganglion
Death,Pit Wraith,Pit Wraith Redeemer,Stricken,"At the start of battle, this creature afflicts each enemy with 2 random debuffs. This trait does not stack.",Redeemer Ganglion
Death,Pit Wraith,Pit Wraith Tormenter,Haunting Memories,"At the end of each enemy's turn, this creature has a 50% chance to attack it if this creature is dead.",Tormenter Ganglion
Rodian Master,Pit Wraith,Mastery Trait,Master of Pit Wraiths,"If all the creatures in your party are Pit Wraiths, they are resistant to debuffs.",Sigil of the Pit Wraith
Sorcery,Plague Doctor,Plague Alchemist,Drained,"After an enemy loses stats, this creature deals damage to that enemy equal to 50% of the amount of stats lost.",Alchemist Scalpel
Sorcery,Plague Doctor,Plague Expert,Kismet,"After an enemy afflicts your creatures with a debuff, this creature afflicts the enemy with that debuff as well.",Expert Scalpel
Sorcery,Plague Doctor,Plague Herbalist,Maximize,"After this creature attacks, it converts each of the target's buffs into random debuffs.",Herbalist Scalpel
Death,Plague Doctor,Plague Phlebotomist,Blood and Power,Your creatures deal additional damage with attacks equal to 10% of the healing they've received in the current battle. This trait does not stack.,Phlebotomist Scalpel
Sorcery,Plague Doctor,Plague Quack,Black to White,"After an enemy's debuff wears off, it is afflicted with a random debuff. This trait does not stack.",Quack Scalpel
Sorcery,Plague Doctor,Plague Scholar,Insipid,Your creatures take 10% less damage for each debuff they have. This trait does not stack.,Scholar Scalpel
Sorcery,Plague Doctor,Plague Soothsayer,Metaphor,"After an enemy takes damage from Poisoned, Burning, or Blighted, your creatures recover health equal to 35% of the damage dealt. This trait does not stack.",Soothsayer Scalpel
Sorcery,Plague Doctor,Plague Surgeon,Liberation,This creature casts spells 1 additional time for each minion it has.,Surgeon Scalpel
Rodian Master,Plague Doctor,Mastery Trait,Master of Plague Doctors,"If all the creatures in your party are Plague Doctors, they gain the Drained trait at the start of battle.",Sigil of the Plague Doctor
Life,Priest,Desert Priest,Tender of Earth,"At the start of this creature's turn, your creatures gain a random Spell Gem that belongs to their class.",Desert Rod
Life,Priest,Fire Priest,Shepherd of Fire,"At the start of this creature's turn, it increases your creatures' attack by 15% of this creature's attack.",Shepherd of Fire
Life,Priest,Forest Priest,Zealot of the Forest,"At the start of this creature's turn, it increases your creatures' speed by 15% of this creature's speed.",Forest Rod
Life,Priest,Mountain Priest,Preacher of Stone,"At the start of this creature's turn, it increases other creatures' defense by 15% of this creature's defense.",Mountain Rod
Life,Priest,Priest of Light,Bearer of Needs,"At the start of this creature's turn, it heals your creatures equal to 15% of its Maximum health.",Light Rod
Life,Priest,Priest of Radiance,Radiant Eclipse,"At the start of this creature's turn, it grants your creatures a Barrier that absorbs damage equal to 15% of its Maximum health.",Radiance Rod
Life,Priest,Priest Vizier,Fanaticism,"At the start of this creature's turn, it grants your creatures 1 random buff.",Vizier Rod
Life,Priest,War Priest,Disciple of War,"At the start of this creature's turn, it removes 2 debuffs from your creatures.",War Rod
Life,Priest,Water Priest,Apostle of Water,"At the start of this creature's turn, it increases your creatures' intelligence by 15% of this creature's intelligence.",Water Rod
Rodian Master,Priest,Mastery Trait,Master of Priests,"If all the creatures in your party belong to the Priest race, their innate traits activate an additional time. This trait does not stack.",Sigil of the Priest
Sorcery,Purrghast,Purrghast,Memoriae,Your creatures have a 75% chance to maintain their Invisible buff after they attack. This trait does not stack.,Purrghast's Emblem
Sorcery,Raven,Raven Acolyte,Evocation,Your creatures have 50% more intelligence. This trait does not stack.,Acolyte Claw
Sorcery,Raven,Raven Batmaster,Swiftcasting,"When your creatures cast a spell, 35% of their speed is added to their intelligence to determine the potency of the spell. This trait does not stack.",Batmaster Claw
Sorcery,Raven,Raven Bloodmage,Blood Magic,"At the start of this creature's turn, it takes damage equal to 20% of its Maximum health and converts 200% of it into intelligence.",Bloodmage Claw
Sorcery,Raven,Raven Defiler,Everything's Gone,Enemies start battles with 80% health.,Defiler Claw
Sorcery,Raven,Raven Guardian,Mindful Awareness,"After your creatures are attacked, 35% of their intelligence is added to their defense when determining the damage taken. This trait does not stack.",Guardian Claw
Sorcery,Raven,Raven Lord,Alteration,Your creatures' spells deal 50% of their damage using speed instead of intelligence. This trait does not stack.,Lord Claw
Sorcery,Raven,Raven Ritualist,Psychic Barrier,"At the start of this creature's turn, it gains defense equal to 50% of its intelligence.",Ritualist Claw
Sorcery,Raven,Raven Seer,Farsight,"After your creatures gain a buff, they cast a random spell.  This trait can only activate once per turn. This trait does not stack.",Seer Claw
Rodian Master,Raven,Mastery Trait,Master of Ravens,Your Ravens have 15% more Intelligence and Speed for each Raven fighting on your side. This trait does not stack.,Sigil of the Raven
Death,Reaper,Blood Reaper,Decapitation,"After this creature attacks a creature with less than 35% health, it is killed, and your creatures recover 200% health.",Blood Scythe
Death,Reaper,Bone Reaper,Bonecraft,"After this creature attacks an ally with less than 35% health, it is killed, then this creature grants 50% of its attack, intelligence, and defense to all your other creatures.",Bone Scythe
Death,Reaper,Cursed Reaper,Soul Corruption,"After this creature attacks a creature with less than 35% health, it is killed, then this creature afflicts enemies with a random debuff for each buff the target had before it died.",Cursed Scythe
Death,Reaper,Incursion Reaper,Defy the Gods,"After this creature attacks an ally with less than 50% health, it is killed, then this creature resurrects it with 100% health and 50% more attack, intelligence, and speed.",Incursion Scythe
Death,Reaper,Plague Reaper,Assumption,"After this creature attacks a creature with less than 35% health, it is killed, and then this creature casts its first 3 spells.",Plague Scythe
Death,Reaper,Shadow Reaper,Shadow Scythe,"After this creature attacks an enemy with less than 35% health, it is killed, then this creature deals damage to adjacent enemies equal to 200% of the damage dealt by the attack.",Shadow Scythe
Death,Reaper,Soul Reaper,Soul Siphon,"After this creature attacks a creature with less than 35% health, it is killed, then this creature gives a copy of its trait to all your creatures.",Soul Scythe
Death,Reaper,Tech Reaper,Heart Versus Cog,Your creatures deal 10% more damage for each creature that has been killed in the current battle. This trait does not stack.,Tech Scythe
Rodian Master,Reaper,Mastery Trait,Master of Reapers,Your Reapers' traits now activate at 50% Health.,Sigil of the Reaper
Death,Revenant,Ascendant Revenant,Fireworks,"After this creature manually casts a spell, it deals damage to enemies equal to 40% of its speed.",Ascendant Lantern
Death,Revenant,Revenant Cabalist,Pain Redefined,"After this creature defends, it takes damage equal to 20% of its Maximum health and grants 1 random buff to all your creatures.",Cabalist Fin
Death,Revenant,Revenant Captain,Reign of Pain,This creature deals 5% more damage for every 1% health it is missing.,Captain Fin
Death,Revenant,Revenant Dagon,Lunacy,"Enemies take 40% more damage, but are immune to debuffs. This trait does not stack.",Dagon Fin
Death,Revenant,Revenant Horror,Delirium,"After this creature takes damage, it gains intelligence equal to 40% of the damage taken.",Horror Fin
Death,Revenant,Revenant King,Pact of the Deep,"At the start of battle, this creature steals 35% of your other creatures' health.",King Fin
Death,Revenant,Revenant Sealord,Internal Struggle,"After this creature casts a spell, it loses 25% Current health, adds this amount of health to its damage, and casts the spell 1 additional time.",Sealord Fin
Death,Revenant,Revenant Soldier,Blood For Blood,"When this creature attacks, it loses 20% Current health and adds 200% of this amount to the damage dealt.",Soldier Fin
Nether Boss,Revenant,Scylla and Charybdis,Gift of Scylla,"After your creatures die, they grant 25% of their Attack and Speed to all your creatures. This trait does not stack.",Scylla's Plume
Rodian Master,Revenant,Mastery Trait,Master of Revenants,"If all the creatures in your party are Revenants, they recover 50% Health at the end of their turns. This trait does not stack.",Sigil of the Revenant
Life,Rift Dancer,Aen Rift Dancer,Psychic Dance,All effects that activate when a creature dodges will activate 1 additional time. This trait does not stack.,Aen Silk
Life,Rift Dancer,Aerum Rift Dancer,Moon Dance,All effects that activate when a creature provokes will activate 1 additional time. This trait does not stack.,Aerum Silk
Life,Rift Dancer,Apollinaire,Renaissance,All effects that activate when a creature resurrects will activate 1 additional time.,Apollinaire Silk
Life,Rift Dancer,Inaer Rift Dancer,Fan Dance,All effects that activate when a creature defends will activate 1 additional time. This trait does not stack.,Inaer Silk
Life,Rift Dancer,Nadin Rift Dancer,Dark Dance,All effects that activate when a creature dies will activate 1 additional time. This trait does not stack.,Nadin Silk
Life,Rift Dancer,Nax Rift Dancer,What Is Left,This creature deals additional damage with attacks and spells equal to 1% of the stats it has gained in the current battle.,Nax Silk
Life,Rift Dancer,Ramun Rift Dancer,Sword Dance,All effects that activate when a creature deals critical damage will activate 1 additional time. This trait does not stack.,Ramun Silk
Rodian Master,Rift Dancer,Mastery Trait,Master of Rift Dancers,"If all the creatures in your party belong to the Rift Dancer race, their innate traits activate 1 additional time. This trait does not stack.",Sigil of the Rift Dancer
Sorcery,Robodomi,Blipzor,Reactor Shield,This creature is immune to instant-death effects in normal battles and can only take damage up to 60% of its Maximum health.,Shield Crust
Sorcery,Robodomi,Grivix,Destruction Beam,"At the start of this creature's turn, it kills the creature with the highest speed in normal battles.  In boss battles, this creature instead attacks it.  This trait can only activate once per battle.",Laser Barrel
Sorcery,Robodomi,Klyptar,Co-Pilots,This creature acts as if it is adjacent to all the Robodomi creatures fighting on your side.,Copilot's Seat
Sorcery,Robodomi,Mechto,Communication Services,"At the start of battle, your Robodomi creatures share their innate traits with adjacent Robodomi creatures.",Busted Intercom
Sorcery,Robodomi,Zarnox,Ejector Seat,"This creature is immune to damage from attacks and spells but its health is immediately set to 0 when it takes indirect damage.  This trait is ignored if this creature is affected by effects that make it immune to indirect damage, or if an ally has the same trait.",Ejector Seatbelt
Sorcery,Robodomi,Zyphra,Phasers,"When this creature attacks, it always does 0 damage but restores 1 charge to a non-Ultimate Spell.",Phasers
Rodian Master,Robodomi,Mastery Trait,Master of Robodomis,"If all the creatures in your party are Robodomis, they grant their allies Rebirth after they are killed.",Sigil of the Robodomi
Chaos,Salamander,Chaos Salamander,Hotspur,"At the start of battle, your creatures each have a 50% chance to cast one of their spells at random. This trait does not stack.",Chaos Oil
Chaos,Salamander,Earth Salamander,Memorial,"After your creatures are resurrected, they cast one of their spells at random. This trait does not stack.",Earth Oil
Chaos,Salamander,Fire Salamander,Until the End,"Before your other creatures die, they cast one of their spells at random. This trait does not stack.",Fire Oil
Chaos,Salamander,Ice Salamander,Naivety,"After your creatures take damage that exceeds 15% of their Maximum health, they cast one of their spells at random.  This trait can only activate once per turn for each creature. This trait does not stack.",Ice Oil
Chaos,Salamander,Thunder Salamander,Limitless,"When your creatures cast a spell, they have a 50% chance to cast it 1 additional time. This trait does not stack.",Thunder Oil
Chaos,Salamander,Water Salamander,Wallflower,"After your creatures defend or provoke, they cast one of their spells at random. This trait does not stack.",Water Oil
Chaos,Salamander,Wind Salamander,Simulation,"When your creatures cast a spell due to a Salamander trait, they cast another one of their spells at random. This trait does not stack.",Wind Oil
Rodian Master,Salamander,Mastery Trait,Master of Salamanders,"If all the creatures in your party are Salamanders, their spells are 60% more potent. This trait does not stack.",Sigil of the Salamander
Life,Sanctus,Caritas Sanctus,Charity,"After this creature is healed, it heals one of your other creatures for 300% of this amount.  This trait does not heal creatures that also have this trait.",Book of Charity
Life,Sanctus,Castitas Sanctus,Chastity,"While this creature has more than 90% health, it is Invisible.",Book of Chastity
Life,Sanctus,Humanitas Sanctus,Kindness,"At the start of this creature's turn, your other creatures gain attack, intelligence, defense, and speed equal to 5% of this creature's respective stats.",Book of Kindness
Life,Sanctus,Humilitas Sanctus,Humility,"After this creature is attacked, it reduces the enemy's attack by 50%.",Book of Humility
Life,Sanctus,Industrias Sanctus,Diligence,Your creatures' debuffs last for 1 turn.,Book of Diligence
Life,Sanctus,Magnificus Sanctus,Conservation of Energy,"After one of your creatures are killed, another one of your creatures has a 50% chance to be resurrected with 50% health. This trait does not stack.",Book of Imposition
Life,Sanctus,Patientias Sanctus,Patience,Enemies take 50% more indirect damage for each turn they've taken in the current battle. This trait does not stack.,Book of Patience
Life,Sanctus,Temperantias Sanctus,Temperance,"At the start of battle, your creatures' stats are set equal to the average of all their stats, excluding health.",Book of Temperance
Rodian Master,Sanctus,Mastery Trait,Master of Sanctuses,"If you have 6 different Sanctuses in your party, they gain 3 random Sin traits at the start of battle. This trait does not stack.",Sigil of the Sanctus
Nature,Satyr,Exiled Satyr,Languid Limbs,Enemies can only attack once at a time.,Exiled Hoof
Nature,Satyr,Satyr Dominator,Rough Recovery,Enemies can only heal each other 1 time per turn.,Dominator Hoof
Nature,Satyr,Satyr Guardian,Scant Stamina,Enemies can only resurrect 1 time per battle.,Guardian Hoof
Nature,Satyr,Satyr Rammer,Meaningless Mind,Enemies can only gain each stat 1 time per turn.,Rammer Hoof
Nature,Satyr,Satyr Squire,Faulty Fortune,Enemies can only gain 1 buff per turn.,Squire Hoof
Nature,Satyr,Spry Satyr,Somber Spirits,Enemies can only cast spells once at a time.,Spry Hoof
Rodian Master,Satyr,Mastery Trait,Master of Satyrs,"If all the creatures in your party are Satyrs, enemies start battles with 20% less stats. This trait does not stack.",Sigil of the Satyr
Death,Sea Shambler,Amorphous Shambler,The Sickness,"After an enemy is healed, it is afflicted with Blighted.",Amorphous Hook
Death,Sea Shambler,Innocent Shambler,Appetite For Eschar,"After your creatures deal damage as a result of Blighted, they recover health equal to 100% of the damage dealt. This trait does not stack.",Innocent Hook
Death,Sea Shambler,Lugubrious Shambler,Aggravated Illness,Enemies take 50% more damage from Blighted. This trait does not stack.,Lugubrious Hook
Death,Sea Shambler,Shambler Benefactor,You Monsters Are People,Enemies take 25% more damage from Blighted for each debuff they have. This trait does not stack.,Benefactor Hook
Death,Sea Shambler,Shambler Juggernaut,Vicar's Blessing,"After an enemy takes damage from Blighted, this creature has a 35% chance to cast Minor Healing on it. This trait does not stack.",Juggernaut Hook
Death,Sea Shambler,Shambler Recruiter,Chronic Affliction,"After an enemy takes damage from Blighted, it has a 50% chance to take the same amount of damage again. This trait does not stack.",Recruiter Hook
Death,Sea Shambler,Shambler Rescuer,Retrograde,Enemies with Blighted receive 50% more healing from all sources. This trait does not stack.,Rescuer Hook
Rodian Master,Sea Shambler,Mastery Trait,Master of Sea Shamblers,"If all the creatures in your party are Sea Shamblers, they take 12% less damage for each enemy that is afflicted with Blighted. This trait does not stack.",Sigil of the Sea Shambler
Life,Seraph,Andolin Seraph,Break the Cycle,"If this creature has provoked at least one time this battle, a random enemy is sent to the bottom of the Timeline each time it provokes after that.",Andolin Symbol
Life,Seraph,Kaito Seraph,Break of Dawn,Enemies take 20% more damage for each turn they've taken in the current battle. This trait does not stack.,Kaito Banner
Life,Seraph,Neralim Seraph,Chasing Infinity,"If this creature has provoked at least one time this battle, its spells no longer consume charges and have 50% more potency.",Neralim Symbol
Life,Seraph,Nex Seraph,Defy the Odds,"If this creature has attacked at least once this battle, it takes 65% less damage.",Nex Symbol
Life,Seraph,Siralim Seraph,Haven,"If this creature has defended at least one time this battle, your creatures have 50% more defense. This trait does not stack.",Siralim Symbol
Life,Seraph,Undolim Seraph,Ever Upwards,"If this creature has defended at least one time this battle, it resurrects allies with 50% health each time it defends after that.",Undolim Symbol
Life,Seraph,Vanelin Seraph,Almost Easy,"If this creature has attacked at least one time this battle, its attacks deal 200% more damage.",Vanelin Symbol
Rodian Master,Seraph,Mastery Trait,Master of Seraphs,Your Seraphs share their innate traits with each other.,Sigil of the Seraph
Death,Shade,Drifting Shade,Shadow Aegis,Your creatures take 95% less damage while they are Invisible. This trait does not stack.,Drifting Incense
Death,Shade,Dungeon Shade,Phase Shift,"After this creature is damaged by an attack or spell, it gains Invisible.",Dungeon Incense
Death,Shade,Evernight Shade,From Light Comes Darkness,"After your creatures are damaged by an enemy, they have a 50% chance to gain Invisible. This trait does not stack.",Evernight Incense
Death,Shade,Gateway Shade,Spook,"At the start of battle, this creature gains Invisible.  This creature deals 200% more damage while it is Invisible.  This creature's Invisible buff is no longer removed at the start of its turn.",Gateway Incense
Death,Shade,Hoar Shade,Dark Signs,Your creatures deal 100% more damage while they are Invisible. This trait does not stack.,Hoar Incense
Death,Shade,Spooky Shade,Spooky Technique,"After your creatures attack or cast a spell that removes their Invisible buff, they deal damage to all enemies equal to 35% of their defense. This trait does not stack.",Spooky Pumpkin
Death,Shade,Wandering Shade,Impossibility,Your creatures with Invisible are immune to damage from spells.,Wandering Incense
Death,Shade,Whispering Shade,Pariah,"After a creature is killed, your creatures gain Invisible.",Whispering Incense
Rodian Master,Shade,Mastery Trait,Master of Shades,"If all the creatures in your party are Shades, they gain Invisible at the end of their turns and have an independent 100% chance to dodge while they have this buff.",Sigil of the Shade
Death,Shadow,Shadow Cobra,All Hope Is Lost,Enemies with Feared cannot gain buffs.,Cobra Black Hole
Death,Shadow,Shadow Demon,Haunt,This creature's attacks deal 75% more damage and afflict the target with Feared.,Demonic Black Hole
Death,Shadow,Shadow Juggernaut,Taste of Fear,"After enemies with Feared are prevented from gaining stats, this creature gains those stats instead. This trait does not stack.",Juggernaut Black Hole
Death,Shadow,Shadow Moth,Cowardice,Enemies with Feared deal 60% less damage with attacks. This trait does not stack.,Moth Black Hole
Death,Shadow,Shadow Wolf,Unspeakable Frights,"At the start of an enemy's turn, they have a 20% chance to be sent to the bottom of the Timeline if they have Feared. This trait does not stack.",Wolf Black Hole
Death,Shadow,Shadow Zealot,Horrifying Visage,"At the start of battle, this creature afflicts 3 random enemies with Feared. This trait does not stack.",Zealot Black Hole
Nether Boss,Shadow,Inner Darkness,Breach,"After this creature is killed or resurrected, it afflicts enemies with Bomb.",Shadow Skull
Nether Boss,Shadow,Inner Darkness,Childhood's End,"The potency of the enemies' Bomb debuffs is shared with each other, but enemies take 50% less damage from this debuff. This trait does not stack.",Shadow Heart
Nether Boss,Shadow,Inner Darkness,Father Shadow,"After this creature damages an enemy with an attack or spell, it deals damage to a random enemy equal to 20% of the damage dealt.",Shadow Essence
Rodian Master,Shadow,Mastery Trait,Master of Shadows,"If all the creatures in your party are Shadows, enemies with Feared take 30% more damage and deal 30% less damage, and your creatures are immune to Feared. This trait does not stack.",Sigil of the Shadow
Chaos,Shapeshifter,Chaos Shapeshifter,Chaos Transformation,"When your creatures buff an enemy, they debuff them instead.  When your creatures debuff an ally, they buff them instead. This trait does not stack.",Chaos Plasma
Death,Shapeshifter,Death Shapeshifter,Death Transformation,"When your creatures increase an enemy's stats, they are instead decreased by 50% of the amount. This trait does not stack.",Death Plasma
Life,Shapeshifter,Life Shapeshifter,Life Transformation,"When your creatures heal an enemy, it instead takes damage equal to 50% of the amount it would have been healed. This trait does not stack.",Life Plasma
Sorcery,Shapeshifter,Master Shapeshifter,Transformation Mastery,Your Shapeshifters' innate traits are 50% more powerful. This trait does not stack.,Master Plasma
Nature,Shapeshifter,Nature Shapeshifter,Nature Transformation,"When your creatures deal damage to each other, they are instead healed for 50% of the amount of damage they would have received. This trait does not stack.",Nature Plasma
Sorcery,Shapeshifter,Shapeshifter Novice,Rapid Learning,Your Shapeshifters start battles with 1 additional trait. This trait does not stack.,Rapid Learning
Sorcery,Shapeshifter,Sorcery Shapeshifter,Sorcery Transformation,Your creatures' spells heal instead of dealing damage.,Sorcery Plasma
Sorcery,Shapeshifter,Unstable Shapeshifter,Diamond Hands,This creature takes 4% less damage and deals 20% more damage for each trait it has gained in the current battle.,Unstable Plasma
Rodian Master,Shapeshifter,Mastery Trait,Master of Shapeshifters,"Your Shapeshifters deal 20% more damage, take 5% less damage, and can equip 1 additional Spell Gem for each Shapeshifter fighting on your side. This trait does not stack.",Sigil of the Shapeshifter
Death,Sin,Acedia Sin,Sloth,Enemies start battles with 30% less attack and intelligence. This trait does not stack.,Book of Sloth
Death,Sin,Avaritia Sin,Greed,"At the start of battle, this creature steals 15% of your other creatures' attack, intelligence, defense, and speed.",Book of Greed
Death,Sin,Dolor Sin,Despair,"After an enemy loses stats, it is afflicted with a random debuff.",Book of Pain
Death,Sin,Gula Sin,Gluttony,"At the start of battle, 50% of this creature's attack, intelligence, and speed are converted into health.",Book of Gluttony
Death,Sin,Invidia Sin,Envy,"At the start of battle, set this creature's attack, intelligence, defense, speed, and health, to the highest of your other creatures' respective base stats.",Book of Envy
Death,Sin,Ira Sin,Wrath,"This creature always has Berserk and Savage, and deals 30% more damage.",Book of Wrath
Death,Sin,Luxuria Sin,Lust,"At the start of battle, this creature gains copies of up to 3 of the enemies' permanent Spell Gems.  This trait ignores other creatures with this trait.",Book of Lust
Death,Sin,Superbia Sin,Pride,"This creature always has Repelling, and takes 30% less damage.",Book of Pride
Rodian Master,Sin,Mastery Trait,Master of Sins,"If you have 6 different Sins in your party, they gain 3 random Sanctus traits at the start of battle. This trait does not stack.",Sigil of the Sin
Life,Siren,Siren Ascendant,Coerced Coexistence,"After an enemy attacks, this creature afflicts it with Scorned.  After an enemy casts, this creature afflicts it with Silenced.",Ascendant Bell
Life,Siren,Siren Beguiler,Siren Charms,"At the start of battle, this creature afflicts 3 random enemies with Confused. This trait does not stack.",Beguiler Bell
Life,Siren,Siren Coercer,Forbidden Lullaby,"After this creature is attacked, the enemy is afflicted with Sleeping.",Coercer Bell
Life,Siren,Siren Lifetaker,Beautiful Sorrow,"After one of your creatures dies, this creature gains their innate trait.",Lifetaker Bell
Life,Siren,Siren Oracle,In Plain View,"At the start of battle, this creature afflicts each enemy with Scorned or Silenced, depending on whether their attack or intelligence is higher.",Oracle Bell
Life,Siren,Siren Purifier,Dream Touch,"After this creature attacks, it afflicts the target with Sleeping.  In addition, your creatures' attacks never wake up enemies that have Sleeping.",Purifier Bell
Life,Siren,Siren Soothsayer,Filtered Truth,Enemies always have equal attack and intelligence; whichever is lower.,Soothsayer Bell
Nether Boss,Siren,Katarina,Katarina's Asylum,"When your creatures take damage, they take 35% more damage and gain Invisible.",Katarina's Visage
Nether Boss,Siren,Katarina,Katarina's Guidance,"At the start of battle, your creature that is highest on the Timeline gains 5 random buffs. This trait does not stack.",Katarina's Essence
Nether Boss,Siren,Katarina,Katarina's Return,"When your creatures take damage, they recover 30% Health. This trait does not stack.",Katarina's Brace
Rodian Master,Siren,Mastery Trait,Master of Sirens,"If all the creatures in your party belong to the Siren race, enemies can have Scorned and Silenced at the same time.",Sigil of the Siren
Death,Skeleton,Skeleton Buccaneer,All In,This creature's first attack each battle deals 300% more damage.,Buccaneer Bone
Death,Skeleton,Skeleton Cannoneer,Cannon Shot,"After this creature attacks, it afflicts the target and two other enemies with Vulnerable.",Cannoneer Bone
Death,Skeleton,Skeleton Gunslinger,Quick Shot,"After this creature attacks, it has a 50% chance to attack the same target again.  This effect can occur repeatedly.",Gunslinger Bone
Death,Skeleton,Skeleton Marksman,Aimed Shot,This creature's attacks deal 200% more damage to targets that are at 100% health.,Marksman Bone
Death,Skeleton,Skeleton Mortarman,Scatter Shot,"After this creature attacks, it deals 30% of the damage dealt to all other enemies.",Mortarman Bone
Death,Skeleton,Skeleton Sniper,Head Shot,"When this creature attacks, it has a 50% chance to deal 200% more damage.",Sniper Bone
Death,Skeleton,Skeleton Triggerman,Vital Shot,This creature's attacks deal 5% more damage for every 1% of health the target is missing.,Triggerman Bone
Rodian Master,Skeleton,Mastery Trait,Master of Skeletons,"If all the creatures in your party are Skeletons, they attack 1 additional time and have a 100% chance to deal critical damage. This trait does not stack.",Sigil of the Skeleton
Sorcery,Slime,Bile Slime,Secret Recipe,"After this creature is resurrected, your other creatures are resurrected as well.",Secret Recipe 
Sorcery,Slime,Blood Slime,Dispersion,"After this creature is healed, your other creatures that don't have this trait are healed for 50% of the amount as well.",Blood Ooze
Sorcery,Slime,Cursed Slime,False Prophecy,"This creature always has Cursed.  When this creature would take damage from Cursed, the damage is dealt to the enemy instead.",Cursed Ooze
Sorcery,Slime,Ectoplasmic Slime,Concoction,"After this creature gains a buff, your other creatures that don't have this trait gain a copy of that buff as well.",Ectoplasmic Ooze
Sorcery,Slime,Glutinous Slime,Abomination,"After this creature gains stats, your other creatures that don't have this trait gain 25% of those stats as well.",Glutinous Ooze
Sorcery,Slime,Infested Slime,Parasitic Illusion,"This creature always has Poisoned.  After this creature takes damage from Poisoned, 50% of the damage is dealt to all enemies.",Infested Ooze
Sorcery,Slime,Mercurial Slime,Diffusion,"After this creature gains a minion, your other creatures that don't have this trait gain that minion as well.",Mercurial Ooze
Sorcery,Slime,Paranormal Slime,Vanity,"After this creature gains Spell Gems, your other creatures that don't have this trait gain those Spell Gems as well.",Paranormal Ooze
Nether Boss,Slime,Flubris,Flubris's Engulfing,"When an enemy takes damage from Burning, it loses 20% Attack and Defense. This trait does not stack.",Flubris' Ichor
Nether Boss,Slime,Flubris,Flubris's Entrapment,"When an enemy takes damage from Poisoned or Burning, they have a 50% chance to be afflicted with a random debuff. This trait does not stack.",Flubris' Third Arm
Nether Boss,Slime,Flubris,Flubris's Toxicity,"When an enemy takes damage from Poisoned, it loses 20% Intelligence and Speed. This trait does not stack.",Flubris' Eyeballs
Rodian Master,Slime,Mastery Trait,Master of Slimes,"If all the creatures in your party are Slimes, they are resistant to debuffs and deal 30% more damage.",Sigil of the Slime
Sorcery,Smith,Black Crystal Smith,Unbreakable,"Your creatures' ""Class Strength"" Artifact properties prevent 50% more damage from that class. This trait does not stack.",Black Crystal Axe
Sorcery,Smith,Brim Smith,Dissection,"When your creatures attack, they deal additional damage equal to 50% of the total attack bonus on this creature's Artifact. This trait does not stack.",Brim Axe
Sorcery,Smith,Crystal Smith,Fool's Axiom,Your creatures have additional defense equal to 50% of the total defense bonus on this creature's artifact. This trait does not stack.,Crystal Axe
Sorcery,Smith,Dark Brim Smith,Battle Born,Your creatures' Spell Slots have a 10% greater chance to activate.,Dark Brim Axe
Sorcery,Smith,Death Crafter,Honed Blades,"Your creatures share 15% of their Artifacts' bonuses from attack, intelligence, defense, and speed with each other. This trait does not stack.",Death Axe
Sorcery,Smith,Depravity Smith,Braze,"Your creatures' ""Class Strength"" Artifact properties deal 50% more damage to that class. This trait does not stack.",Depravity Axe
Sorcery,Smith,Disease Crafter,Imbue,Your creatures' Stat Slots provide 15% more benefit. This trait does not stack.,Disease Axe
Sorcery,Smith,Hammer Lord,War Forged,"Your creatures' ""Gain Buff On Damage"" properties have a 100% greater chance to activate. This trait does not stack.",Ianne's Spare Hammer
Sorcery,Smith,Pestilence Crafter,Incursion,"Your creatures' ""Afflict Debuff On Damage"" properties have a 100% greater chance to activate. This trait does not stack.",Pestilence Axe
Sorcery,Smith,War Crafter,Warcraft,This creature's Stat Slots provide 40% more benefit.,War Axe
Nether Boss,Smith,Blacksmith Ianne,Ianne's Eccentricity,"After this creature attacks, the target deals 100 damage to all your creatures. This damage is not mitigated by Defense.",Ianne's Third Eye
Nether Boss,Smith,Blacksmith Ianne,Ianne's Oddity,"When your creatures take damage that exceeds 30% of their Maximum Health, reduce this damage by 50%. This trait does not stack.",Ianne's Bad Leg
Nether Boss,Smith,Blacksmith Ianne,Ianne's Quirk,After this creature attacks it casts Metamorphosis on the target.,Ianne's Chiclets
Rodian Master,Smith,Mastery Trait,Master of Smiths,"At the start of battle, if all the creatures in your party are Smiths, they share their Artifact's trait with the creature to the left.",Sigil of the Smith
Chaos,Smog,Cancerous Smog,Poison Inoculation,Your creatures start battle with Poisoned.  Your creatures recover health from Poisoned instead of taking damage from it.,Cancerous Smoke
Chaos,Smog,Festival Smog,Endless Distraction,"While this creature is provoking, your other creatures take 35% less damage. This trait does not stack.",Festival Drink
Chaos,Smog,Incendiary Smog,Vex,Enemies with both Burning and Poisoned take 50% more damage from these debuffs. This trait does not stack.,Incendiary Smoke
Chaos,Smog,Lethal Smog,Creeping Death,"After this creature defends or provokes, enemies that have Poisoned take damage equal to 3 turns of this debuff.",Lethal Smoke
Chaos,Smog,Noxious Smog,Contamination,This creature's attacks deal 75% more damage and afflict Poisoned.,Noxious Smoke
Chaos,Smog,Pestilent Smog,Malady,Enemies' Poisoned debuff lasts forever.  This effect also applies to your own creatures while you have a creature with the Poison Inoculation trait.,Pestilent Smoke
Chaos,Smog,Scourge Smog,Extermination,This creature deals 150% more damage to creatures with Poisoned. This trait does not stack.,Scourge Smoke
Chaos,Smog,Smog Lord,Transfusion,"After this creature attacks a creature with Poisoned, it deals damage equal to the amount this debuff would have dealt for 5 turns, then this debuff is removed.",Lord Smoke
Chaos,Smog,Toxic Smog,Tainted Blood,"After an enemy takes damage from Poisoned, all other enemies take damage equal to 35% of the damage dealt. This trait does not stack.",Toxic Smoke
Rodian Master,Smog,Mastery Trait,Master of Smogs,"When your creatures afflict enemies with Poisoned, the potency of this debuff is increased by 50% for each Smog fighting on your side. This trait does not stack.",Sigil of the Smog
Nature,Snaptrap,Alluring Snaptrap,Atrophy,"After an enemy gains a stat, it has a 25% chance to be sent to the bottom of the Timeline. This trait does not stack.",Alluring Pitcher
Nature,Snaptrap,Battrap,Debacle,"After an enemy is healed, it has a 25% chance to be sent to the bottom of the Timeline. This trait does not stack.",Bat Pitcher
Nature,Snaptrap,Parasitic Snaptrap,Great Fall,"After an enemy attacks, all other enemies each have a 10% chance to be sent to the bottom of the Timeline.  This trait can only activate on the enemies' first attack per turn. This trait does not stack.",Parasitic Pitcher
Nature,Snaptrap,Snaptrap Cultivar,Coming Down,"After an enemy gains a buff, it has a 25% chance to be sent to the bottom of the Timeline. This trait does not stack.",Cultivar Pitcher
Nature,Snaptrap,Sticky Snaptrap,Tumble Over,"After an enemy casts a spell, all other enemies each have a 10% chance to be sent to the bottom of the Timeline.  This trait can only activate on the enemies' first spell per turn. This trait does not stack.",Sticky Pitcher
Nature,Snaptrap,Wizened Snaptrap,Follow The Leader,"After an enemy is sent to the bottom of the Timeline, all other enemies each have a 5% chance to be sent to the bottom of the Timeline as well. This trait does not stack.",Wizened Pitcher
Rodian Master,Snaptrap,Mastery Trait,Master of Snaptraps,"If all the creatures in your party are Snaptraps, their innate traits have double the chance to activate. This trait does not stack.",Sigil of the Snaptrap
Sorcery,Soulflayer,Soulflayer Depriver,Of One Mind,"After your creatures that belong to your most common race attack, the others have a 5% chance to attack random enemies for 10% normal damage. This trait does not stack.",Sleepless Brain
Sorcery,Soulflayer,Soulflayer Dreamcaster,Suicide Pact,"After your creatures that belong to your most common race are killed, the others are killed as well. This trait does not stack.",Dreamweaver Brain
Sorcery,Soulflayer,Soulflayer Drone,Group Therapy,"After your creatures that belong to your most common race heal a creature, the others heal that same creature as well. This trait does not stack.",Drone Brain
Sorcery,Soulflayer,Soulflayer Overlord,Mass Resurrection,"After your creatures that belong to your most common race are resurrected, the others have a 30% chance to be resurrected with 50% health as well. This trait does not stack.",Queen Brain
Sorcery,Soulflayer,Soulflayer Peacemaker,Hubbub,"After your creatures that belong to your most common race provoke, the others provoke. This trait does not stack.",Peacemaker Brain
Sorcery,Soulflayer,Soulflayer Prober,Marshal,"After your creatures that belong to your most common race move to the top of the Timeline, the others have a 25% chance to attack a random enemy. This trait does not stack.",Healer Brain
Nether Boss,Soulflayer,Xyrxzys,Xyrxzy's Control,"After this creature attacks, the enemy attacks itself as well. The amount of damage is based on this creature's Attack. This trait does not stack.",Xyrxzy's Brain
Nether Boss,Soulflayer,Xyrxzys,Xyrxzy's Plan,"At the start of battle, your creatures gain Mind Control. This spell causes enemies to attack 1 additional time when they're affected by this spell.",Xyrxzy Flesh
Nether Boss,Soulflayer,Xyrxzys,Xyrxzy's Subversion,"After this creature manually casts a spell, it also casts 3 random enemies' spells as well. This trait does not stack.",Xyrxzy's Nose
Rodian Master,Soulflayer,Mastery Trait,Master of Soulflayers,"The first time your Soulflayers are killed, they are resurrected with 10% Health.",Sigil of the Soulflayer
Sorcery,Spacecat,Ancient Spacecat,Yowl!,This creature can equip Spell Gems from any class.  Your creatures have 10% more speed for each Sealed Spell Gem each of your creatures have. This trait does not stack.,Ancient Helmet
Sorcery,Spacecat,Astral Spacecat,Maow!,This creature can equip Spell Gems from any class.  Your creatures have 10% more intelligence for each Sealed Spell Gem each of your creatures have. This trait does not stack.,Astral Helmet
Sorcery,Spacecat,Black Spacecat,Hisss!,This creature can equip Spell Gems from any class.  Your creatures have 10% more defense for each Sealed Spell Gem each of your creatures have. This trait does not stack.,Black Helmet
Sorcery,Spacecat,Furious Spacecat,Chattering Chant,This creature can equip Spell Gems from any class.  Your creatures have 10% more attack for each Sealed Spell Gem each of your creatures have. This trait does not stack.,Furious Helmet
Sorcery,Spacecat,Gold Spacecat,Thrillful Trills,"This creature can equip Spell Gems from any class.  At the start of your creatures' turns, they are healed for 5% of their Maximum health for each Sealed Spell Gem each of your creatures have. This trait does not stack.",Gold Helmet
Sorcery,Spacecat,Peculiar Spacecat,Purrr,"This creature can equip Spell Gems from any class.  After this creature casts a spell, it is Sealed.",Peculiar Helmet
Rodian Master,Spacecat,Mastery Trait,Master of Spacecats,"If all the creatures in your party are Spacecats, they deal 5% more damage with attacks and spells for each permanent Spell Gem each of your creatures have that do not belong to their class. This trait does not stack.",Sigil of the Spacecat
Sorcery,Sparktail,Sparktail Courier,Recompense,"After this creature is attacked, it deals damage to all enemies equal to 30% of the damage taken.",Courier Spark
Sorcery,Sparktail,Sparktail Engineer,Comeuppance,"After this creature takes damage from spells, it deals damage to all enemies equal to 30% of the damage taken.",Engineer Spark
Sorcery,Sparktail,Sparktail Officer,Ravish,"After this creature takes damage, it deals damage to the enemy equal to 100% of the damage taken.",Officer Spark
Sorcery,Sparktail,Sparktail Professor,Seeth,This creature deals additional damage equal to 20% of the damage it has taken in the current battle.,Professor Spark
Sorcery,Sparktail,Sparktail Searcher,Conviviality,This creature deals additional damage equal to 5% of the damage your creatures have taken in the current battle.,Searcher Spark
Sorcery,Sparktail,Sparktail Student,Bombshell,Your creatures deal 75% more damage when it is not their turn. This trait does not stack.,Student Spark
Rodian Master,Sparktail,Mastery Trait,Master of Sparktails,"If all the creatures in your party are Sparktails, they share their innate traits with each other.",Sigil of the Sparktail
Death,Spectre,Abyssal Spectre,Cold Touch,"After this creature attacks, it decreases the target's highest stat by 20%.",Abyssal Embryo
Death,Spectre,Doomsday Spectre,Blessing From Below,"After this creature gains stats other than Maximum health, enemies lose 25% of that amount of the same stat. This trait does not stack.",Doomsday Embryo
Death,Spectre,Dread Spectre,Creation Dirge,"After this creature is attacked, it decreases the enemy's attack, defense, intelligence, and speed by 25%.",Dread Embryo
Death,Spectre,Entropic Spectre,Cripple,"After this creature casts a damaging spell on an enemy, the target loses intelligence equal to 100% of the damage dealt.",Entropic Embryo
Death,Spectre,Nightveil Spectre,Unspeakable Sins,"After an enemy is healed, it loses 35% attack and intelligence. This trait does not stack.",Nightveil Embryo
Death,Spectre,Prophetic Spectre,Experimentation,"After an enemy gains stats, this creature has a 30% chance to attack it.",Prophetic Embryo
Death,Spectre,Transient Spectre,Salted Earth,"After this creature defends or provokes, enemies lose 30% defense and speed.",Transient Spectre
Death,Spectre,Woeful Spectre,Guilt,"At the start of each enemy's turn, this creature decreases their lowest stat by 25%.",Woeful Spectre
Rodian Master,Spectre,Mastery Trait,Master of Spectres,Your Spectres decrease enemies' stats 50% more. This trait does not stack.,Sigil of the Spectre
Sorcery,Spelljuggler,Spelljuggler Bedazzler,Spectrometry,Your Spelljuggler creatures can equip Spell Gems from any class.,Multifaceted Ball
Sorcery,Spelljuggler,Spelljuggler Connoisseur,Prismatic Amplifier,Your creatures' spells have 100% more potency if the spell's class is different from the last spell cast in the current battle. This trait does not stack.,Fine Ball
Sorcery,Spelljuggler,Spelljuggler Conservator,Lucid Renewal,"If your creatures have collectively cast a spell from each class in the current battle, their Spell Gems no longer consume charges and have 50% more potency. This trait does not stack.",Recycled Ball
Sorcery,Spelljuggler,Spelljuggler Instructor,Shifting Brilliance,"After this creature casts a spell of a different class from the last spell cast in the current battle, your creatures gain 40% intelligence. This trait does not stack.",Training Ball
Sorcery,Spelljuggler,Spelljuggler Opportunist,Enochian,"After this creature casts a spell of a different class from the last spell cast in the current battle, enemies take damage equal to 35% of its intelligence.",Rough-hewn Ball
Sorcery,Spelljuggler,Spelljuggler Trapezist,Add to the Mix,"After an ally casts a spell of a different class from the last spell cast in the current battle, this creature casts one of its spells.",Patched Ball
Rodian Master,Spelljuggler,Mastery Trait,Master of Spelljugglers,"If all the creatures in your party are Spelljugglers, their single-target spells now target all the target's allies if the spell belongs to a different class than the last one they cast.",Sigil of the Spelljuggler
Sorcery,Spellmane,Ashskin Spellmane,Flamestalker,"At the start of battle, this creature gains Firestorm.  After this creature casts this spell, it gains Invisible and 20% intelligence.",Ashen Pelt
Sorcery,Spellmane,Cloudskin Spellmane,Skystalker,"At the start of battle, this creature gains Whirlwind.  After this creature casts this spell, it gains Invisible and 20% intelligence.",Cloudy Pelt
Sorcery,Spellmane,Dryskin Spellmane,Sandstalker,"At the start of battle, this creature gains Sandstorm.  After this creature casts this spell, it gains Invisible and 20% attack.",Dry Pelt
Sorcery,Spellmane,Rimeskin Spellmane,Snowstalker,"At the start of battle, this creature gains Snowstorm.  After this creature casts this spell, it gains Invisible and 20% attack.",Rime Pelt
Sorcery,Spellmane,Venomskin Spellmane,Vilestalker,"At the start of battle, this creature gains Acid Rain.  After this creature casts this spell, it gains Invisible and 20% speed.",Venomous Pelt
Sorcery,Spellmane,Voltskin Spellmane,Staticstalker,"At the start of battle, this creature gains Chain Lightning.  After this creature casts this spell, it gains Invisible and 20% speed.",Voltatic Pelt
Rodian Master,Spellmane,Mastery Trait,Master of Spellmanes,"If all the creatures in your party are Spellmanes, they are immune to Silenced and no Spell Gems can be sealed.",Sigil of the Spellmane
Life,Sphinx,Sphinx Avenger,Desert Glory,"After your creatures die, they have a 5% chance to be resurrected with 50% health for each creature of its own class fighting on your side. This trait does not stack.",Avenger Mane
Life,Sphinx,Sphinx Elder,Pharaoh's Boon,"Your creatures have 10% more attack, intelligence, defense, and speed for each creature of the same class fighting on your side. This trait does not stack.",Elder Mane
Life,Sphinx,Sphinx Healer,Rejuvenation,"At the start of your creatures' turns, they recover 12% health for each creature of the same class fighting on your side. This trait does not stack.",Healer Mane
Life,Sphinx,Sphinx Justicar,Recombobulation,"At the start of battle, your creatures are set to the same class, chosen randomly.",Justicar Mane
Life,Sphinx,Sphinx Ordainer,Blessing of Sands,Your creatures' traits and other effects act as if your party contains 3 more creatures that belong to the same class. This trait does not stack.,Ordainer Mane
Life,Sphinx,Sphinx Usurper,Prejudice,"After this creature attacks, it also attacks every other enemy that belongs to the same class as the target.",Usurper Mane
Life,Sphinx,Sphinx Zealot,Pharaoh's Bane,"Enemies have 5% less attack, intelligence, defense, and speed for each creature of this creature's own class fighting on your side. This trait does not stack.",Zealot Mane
Nether Boss,Sphinx,Ramses,Ramses's Conspiracy,Cursed enemies take damage at the start of their turns equal to 25% of this creature's Intelligence. This trait does not stack.,Ramses's Conspiracy
Nether Boss,Sphinx,Ramses,Ramses's Deception,"At the start of each Cursed enemy's turn, they have a 30% chance to attack one of their allies. This trait does not stack.",Ramses's Deception
Nether Boss,Sphinx,Ramses,Ramses's Plot,Cursed enemies take damage at the start of their turns equal to 25% of this creature's Attack. This trait does not stack.,Ramses's Plot
Rodian Master,Sphinx,Mastery Trait,Master of Sphinxes,Your Sphinxes start battles with Rebirth.,Sigil of the Sphinxe
Life,Spirit,Ancient Spirit,Essential Dignity,"After your creatures are healed, they gain a random buff. This trait does not stack.",Ancient Fluff
Life,Spirit,Clairvoyant Spirit,Abnegation,"After your creatures are healed, a random enemy takes damage equal to 50% of the amount of health recovered. This trait does not stack.",Clairvoyant Fluff
Death,Spirit,Evil Spirit,Doom and Gloom,"When an enemy would afflict this creature with a debuff, this creature has a 50% chance to afflict that enemy with the debuff instead.",Evil Fluff
Life,Spirit,Exalted Spirit,Benefic,"After your creatures are healed, they gain a Barrier that absorbs damage equal to 50% of the amount of health recovered. This trait does not stack.",Exalted Fluff
Life,Spirit,Fog Spirit,Absence of Light,"After an enemy is healed, this creature decreases their lowest stat by 25%.",Fog Fluff
Life,Spirit,Frozen Spirit,Dreams of Ice,"After your creatures are healed, they gain 25% defense. This trait does not stack.",Frozen Fluff
Life,Spirit,Holiday Spirit,Repetitive Holiday,"At the start of each of your creatures' turns, this creature has a 50% chance to be killed.  If it's already dead, it has a 50% chance to be resurrected with 50% health.",Holiday Gift
Life,Spirit,Malignant Spirit,Stay Dead,"After an enemy is resurrected, this creature deals damage to all enemies equal to 60% of its intelligence.",Malignant Fluff
Life,Spirit,Succubus Spirit,Carnal Genesis,"After your creatures are healed, they have a 10% chance to move to the top of the Timeline. This trait does not stack.",Succubus Fluff
Life,Spirit,Willow Spirit,Everglow,Your creatures recover 100% more health from healing effects. This trait does not stack.,Willow Fluff
Rodian Master,Spirit,Mastery Trait,Master of Spirits,Your Spirits' innate traits activate twice.,Sigil of the Spirit
Life,Stag,Stag Abstract,Prism,Your creatures' Spell Gems that have potency modifiers now use 100% of those stats.,Abstract Antler
Life,Stag,Stag Celestial,Sun Prayer,"Your creatures' ""Chance to Provoke"" Spell Gem properties have double the chance to activate. This trait does not stack.",Celestial Antler
Life,Stag,Stag Guardian,Moon Prayer,"Your creatures' ""Chance to Defend"" Spell Gem properties have double the chance to activate. This trait does not stack.",Guardian Antler
Life,Stag,Stag Guide,Christmas is Canceled,"At the start of battle, this creature afflicts 3 random enemies with Disarmed.",Reindeer Gift
Life,Stag,Stag Idol,Star Prayer,"Your creatures' ""Chance to Attack"" Spell Gem properties have double the chance to activate. This trait does not stack.",Idol Antler
Life,Stag,Stag Overseer,Touched By The Gods,"Your creatures' ""Chance to Cast Twice"" Spell Gem properties now activate 1 additional time.",Overseer Antler
Life,Stag,Stag Royal,Endlessly,"Your creatures' Spell Gems gain 50% more benefit from their ""More Charges"" properties. This trait does not stack.",Royal Antler
Life,Stag,Stag Spirit,Like Sand,"Your creatures' ""Cascading"" spells now consume 2 additional charges while they have over 50% of their total charges. This trait does not stack.",Spirit Antler
Rodian Master,Stag,Mastery Trait,Master of Stags,"If all the creatures in your party are Stags, their innate traits are 100% more effective. This trait does not stack.",Sigil of the Stag
Nature,Storm,Blizzard,Best Kind of Weather,"At the start of battle, your creatures gain Snowstorm.  This spell deals 100% more damage.",Blizzard Gift
Nature,Storm,Cyclone,Storm to Pass,"While this creature is above 90% health, enemies have a 20% chance to lose their turn at the start of their turn. This trait does not stack.",Cyclone Cloud
Nature,Storm,Hurricane,Powershift,"While this creature is above 90% health, it deals 100% more damage.",Hurricane Cloud
Nature,Storm,Malignant Storm,Wasted Age,"While this creature is above 90% health, it is immune to damage from spells.",Malignant Cloud
Nature,Storm,Raving Storm,Cloud Connected,"While this creature is above 90% health, it has Repelling and Immunity.",Raving Cloud
Nature,Storm,Red Storm,Sailor's Warning,"While this creature is above 90% health, it has 50% more attack, intelligence, defense, and speed.",Red Cloud
Nature,Storm,Storm Lord,Damage Control,"While this creature is above 90% health, your creatures take 65% less damage. This trait does not stack.",Lord Cloud
Nature,Storm,Thunder Storm,Eye of the Storm,"While this creature is above 90% health, your creatures' health cannot fall below 5%.  This effect is ignored if the incoming damage would exceed 100% of the creature's Maximum health.",Thunder Cloud
Rodian Master,Storm,Mastery Trait,Master of Storms,"If all the creatures in your party are Storms, their innate traits now activate while they're above 60% Health.",Sigil of the Storm
Nature,Tanukrook,Tanukrook,Monster Crown,"At the start of this creature's turn, it kills your other creatures and gains 20% of their stats (other than health).",Tanukrook Pact
Chaos,Toxdweller,Toxdweller Bloodbather,And You Get A Bomb,"At the start of battle, this creature afflicts 3 random enemies with Bomb.",Bloodbather Poison
Chaos,Toxdweller,Toxdweller Decoy,Not Quite A Dud,"When an enemy's Bomb detonates at the start of their turn, there is a 50% chance the Bomb debuff won't be removed from the creature. This trait does not stack.",Decoy Poison
Chaos,Toxdweller,Toxdweller Infector,Imminent Danger,"After your creatures attack an enemy with Bomb, the potency of the Bomb increases by 20%. This trait does not stack.",Infector Poison
Chaos,Toxdweller,Toxdweller Mutant,"Click, Click, Boom","After this creature defends or provokes, enemies take damage from their Bomb debuffs.",Mutant Poison
Chaos,Toxdweller,Toxdweller Parasite,Sharing Is Caring,"After an enemy's Bomb detonates, adjacent enemies take 100% of the detonation damage as well. This trait does not stack.",Parasite Poison
Chaos,Toxdweller,Toxdweller Slasher,A Gift For You,This creature's attacks deal 75% more damage and afflict the target with Bomb.,Slasher Poison
Nether Boss,Toxdweller,Spoonor,Spoonor's Breath,"At the start of this creature's turn, it increases the potency of enemies' Poisoned debuffs by 50%.",Spoonor's Spoon
Nether Boss,Toxdweller,Spoonor,Spoonor's Gift,"At the start of this creature's turn, it increases the potency of enemies' Bomb debuffs by 50%.",Spoonor's Spork
Nether Boss,Toxdweller,Spoonor,Spoonor's Other Breath,"At the start of this creature's turn, it increases the potency of enemies' Burning debuffs by 50%.",Spoonor's Fork
Rodian Master,Toxdweller,Mastery Trait,Master of Toxdwellers,Enemies' Bomb debuffs have an independent 50% chance to detonate 1 additional time for each Toxdweller in your party. This trait does not stack.,Sigil of the Toxdweller
Nature,Tremor,Ahnkol Tremor,Stomp,"When an enemy attacks, it has a 35% chance to be interrupted. This trait does not stack.",Ahnkol Soil
Nature,Tremor,Ahnok Tremor,Constrict,"At the start of this creature's turn, it afflicts a random enemy with Snared and Feared.",Ahnok Soil
Nature,Tremor,Gorlum Tremor,Solidarity,"At the start of battle, this creature Seals your creatures' first 2 Spell Gems and gains copies of them.",Gorlum Soil
Nature,Tremor,Hanyac Tremor,Twilight,"At the end of this creature's turn, if it didn't cause any damage during its turn, it attacks a random enemy for 200% normal damage.",Hanyac Soil
Nature,Tremor,Quamar Tremor,Jolt,"At the end of each enemy's turn, they are afflicted with Stoned. This trait does not stack.",Quamar Soil
Nature,Tremor,Quarnok Tremor,Rattle,"After an enemy defends or provokes, this creature attacks it and afflicts it with Stoned.",Quarnok Soil
Nature,Tremor,Urhul Tremor,Shake,"When an enemy casts a spell, it has a 35% chance to be interrupted. This trait does not stack.",Urhul Soil
Rodian Master,Tremor,Mastery Trait,Master of Tremors,Your Tremors have 25% more Defense for each Tremor fighting on your side. This trait does not stack.,Sigil of the Tremor
Chaos,Troll,Chaos Troll,Otherworld,Enemies take 20% more indirect damage. This trait does not stack.,Chaos Sweat
Nature,Troll,Troll Alemaster,Mystery Brew,"After this creature provokes, it casts a random Booze Spell for each time (up to 5) it has provoked in the current battle.",Alemaster Sweat
Nature,Troll,Troll Arsonist,Resin,"At the start of this creature's turn, it deals damage to a random enemy equal to 75% of its attack.",Arsonist Sweat
Nature,Troll,Troll Berserker,Misanthropy,"At the end of this creature's turn, it attacks 2 random enemies.",Berseker Sweat
Nature,Troll,Troll King,Sadism,"At the start of this creature's turn, enemies take damage equal to 15% of their Current health.",King Sweat
Nature,Troll,Troll Knife Juggler,Fan of Knives,"After an ally attacks, this creature deals damage to the target equal to 65% of its speed.",Knife Juggler Sweat
Nature,Troll,Troll Necksnapper,Skull Bash,"At the end of this creature's turn, it has a 50% chance to send a random enemy to the bottom of the Timeline.",Necksnapper Sweat
Nature,Troll,Troll Youngster,Rude Awakening,"After an enemy is resurrected, this creature deals damage to it equal to 50% of the enemy's Current health.",Youngster Sweat
Nature,Troll,Trollboar,Year of the Trollboar,"After this creature provokes, it deals damage to a random enemy equal to 25% of its intelligence.  This effect repeats once for every 5% health this creature is missing.",Year of the Trollboar
Rodian Master,Troll,Mastery Trait,Master of Trolls,Your Trolls have 25% more Attack and 10% less Intelligence for each Troll fighting on your side. This trait does not stack.,Sigil of the Troll
Death,Underdweller,Underdweller Fearmonger,Robbing the Grave,Creatures lose 35% more stats.  Your creatures cast spells that interact with Feared with 50% more potency. This trait does not stack.,Well-used Shovel
Death,Underdweller,Underdweller Hexblade,Creeping Doom,Enemies with Feared take 15% more damage for each Death creature fighting on your side. This trait does not stack.,Cursed Dagger
Death,Underdweller,Underdweller Mischiefmaker,Misery Loves Company,Your creatures have 2 more base stats that correspond to each of your creatures' classes. This trait does not stack.,Wind-up Rat Toy
Chaos,Underdweller,Underdweller Ripper,Mortal Terror,"After all start-of-battle effects, this creature attacks a random enemy with Feared and activates that enemy's on-death effects.",Bloody Top Hat
Nature,Underdweller,Underdweller Ritesmaster,Dark Ritual,"At the start of battle, your creatures share 10% of their class' corresponding stats with your other creatures.  Your creatures start battles at 50% health. This trait does not stack.",Skull-shaped Candle
Death,Underdweller,Underdweller Rot-thief,Feast and Famine,Enemies that die with Feared cannot be resurrected.,Gnawed Bone
Rodian Master,Underdweller,Mastery Trait,Master of Underdwellers,"If all the creatures in your party are Underdwellers, they cannot lose stats and their stat changes persist after death.",Sigil of the Underdweller
Life,Unguided,Unguided Agnostic,Dispossession,Your creatures take 50% less damage as a result of their class strength. This trait does not stack.,Dimensional Stardust
Life,Unguided,Unguided Desecrator,Mesmer,"After this creature damages an enemy, the enemy's class is changed to this creature's class weakness. This trait does not stack.",Demolisher Stardust
Life,Unguided,Unguided Heathen,Capitalize,Your creatures deal 75% more damage as a result of their class strength. This trait does not stack.,Errant Stardust
Life,Unguided,Unguided Judge,Quantum Flux,"After your creatures take damage from an enemy, their class is changed to the enemy's class weakness. This trait does not stack.",Merciful Stardust
Life,Unguided,Unguided Psychic,Bloodline,Your creatures always deal damage as if they are strong against their enemy's class. This trait does not stack.,Psychic Stardust
Life,Unguided,Unguided Sadist,Details Matter,Your creatures always take damage as if they are strong against their enemy's class. This trait does not stack.,Sadist Stardust
Rodian Master,Unguided,Mastery Trait,Master of Unguided,"If all the creatures in your party are Unguided, they deal 150% more damage to creatures that are weak against their class.",Sigil of the Unguided
Life,Unicorn,Pegasus,Chrysaor's Ambition,"After this creature attacks, it gives a random ally 2 random buffs.",Pegasus Horseshoe
Life,Unicorn,Unicorn Consecrator,Circle of Life,"After this creature attacks, it heals allies for 50% of the damage dealt.",Consecrator Horseshoe
Life,Unicorn,Unicorn Firewalker,Eruption,"After this creature attacks, it has a 50% chance to cast Volcano.",Firewalker Horseshoe
Life,Unicorn,Unicorn Holycaster,Divine Mending,"After this creature attacks, it heals its ally with the lowest health for 200% of the damage dealt.",Holycaster Horseshoe
Life,Unicorn,Unicorn Stormbringer,Righteous Winds,"After this creature attacks, it increases a random ally's attack and intelligence by 50%.",Stormbringer Horseshoe
Life,Unicorn,Unicorn Thundercracker,Spur of the Heavens,"After this creature attacks, it has a 50% chance to move a random ally to the top of the Timeline.",Thundercracker Horseshoe
Life,Unicorn,Unicorn Vivifier,Reinvigoration,"After this creature attacks, it resurrects a random ally with 50% health.",Vivifier Horseshoe
Nether Boss,Unicorn,Qila,Qila's Assurance,"After your creatures' Barrier buffs are destroyed, they gain Invisible.",Qila's Mane
Nether Boss,Unicorn,Qila,Qila's Defiance,"While your creatures have Barrier, they are resistant to debuffs.",Qila's Wing
Nether Boss,Unicorn,Qila,Qila's Safeguard,"While your creatures have Barrier, they take 40% less damage. This trait does not stack.",Qila's Horn
Rodian Master,Unicorn,Mastery Trait,Master of Unicorns,Your Unicorns attack 2 additional times. This trait does not stack.,Sigil of the Unicorn
Nature,Uralos,Uralos Healer,Healing Aura,"At the start of your Uralos creatures' turns, they recover health equal to 25% of their highest stat. This trait does not stack.",Unidentified Flask
Nature,Uralos,Uralos Knight,Formation,"After your Uralos creatures take damage from an attack or spell, your Uralos creatures gain 5% defense. This trait does not stack.",Battered Shield
Nature,Uralos,Uralos Savage,Hunger for Blood,"After your Uralos creatures attack, your Uralos creatures gain 10% attack. This trait does not stack.",Bloodstained Claw
Nature,Uralos,Uralos Spearmaster,War Dance,"After your creatures defend or provoke, your Uralos creatures gain 20% speed. This trait does not stack.",Primitive Spear
Nature,Uralos,Uralos Spellslinger,Escalation,"After your Uralos creatures manually cast a spell, your Uralos creatures gain 35% intelligence. This trait does not stack.",Arcane Staff
Nature,Uralos,Uralos Trickster,Cull the Weak,"After an enemy is killed, your Uralos creatures gain 15% stats. This trait does not stack.",Envenomed Dagger
Rodian Master,Uralos,Mastery Trait,Master of Uraloses,"If all the creatures in your party are Uraloses, they have a 50% chance to avoid indirect damage. This trait does not stack.",Sigil of the Uralos
Nature,Uralos,Uralos Warchief,Commanding Presence,Your Uralos creatures' innate traits are 50% more powerful. This trait does not stack.,Shattered Skull
Life,Valkyrie,Valkyrie Champion,Refraction,"After an enemy targets one of your creatures with a single-target spell, this creature casts the same spell on the enemy.",Champion Rapier
Life,Valkyrie,Valkyrie Duelist,Goad,Your creatures adjacent to this creature attack 2 additional times.,Duelist Rapier
Life,Valkyrie,Valkyrie Knight,Savior,This creature takes 50% of the damage in place of your other creatures from attacks and spells. This trait does not stack.,Knight Rapier
Life,Valkyrie,Valkyrie Lancer,Thorns,"After your creatures are attacked, they deal damage equal to 25% of their attack to the enemy.",Lancer Rapier
Life,Valkyrie,Valkyrie Priestess,Illumina,"After your creatures attack, they have a 35% chance to gain a Barrier that absorbs damage equal to 50% of their Maximum health. This trait does not stack.",Priestess Rapier
Life,Valkyrie,Valkyrie Queen,Sentinel,This creature and the creatures adjacent to this creature always have Taunting and Defensive.,Queen Rapier
Life,Valkyrie,Valkyrie Scout,Fight or Flight,"After your other creatures are attacked by an enemy, this creature attacks the enemy for 50% normal damage.",Scout Rapier
Life,Valkyrie,Valkyrie Shieldmaiden,Second Wind,"After your creatures are attacked, they recover health equal to 25% of their Maximum health.",Shieldmaiden Rapier
Rodian Master,Valkyrie,Mastery Trait,Master of Valkyries,"At the end of your Valkyries' turns, they defend. This trait does not stack.",Sigil of the Valkyrie
Death,Voidlord,Angelic Voidlord,Shadow Bulwark,"This creature always has Repelling, and takes 90% less indirect damage.",Angel Heart
Death,Voidlord,Demonic Voidlord,Aether Eyes,Your creatures' Repelling buffs now have a 35% chance to ignore damage from attacks. This trait does not stack.,Devil Heart
Death,Voidlord,Feral Voidlord,Esoteric Alteration,Your creatures' Repelling buffs now have a 60% chance to prevent damage from spells. This trait does not stack.,Werewolf Heart
Death,Voidlord,Imperial Voidlord,Contortion,"After your creatures with Repelling take damage from attacks or spells, they reflect 50% of the damage taken back on the enemy. This trait does not stack.",Imperial Heart
Death,Voidlord,Subversive Voidlord,Return to Source,Your creatures' Repelling buffs now give them a 50% chance to avoid being afflicted by debuffs. This trait does not stack.,Subversive Heart
Death,Voidlord,Vampiric Voidlord,Mind Fortress,"After your creatures take damage from a spell, they gain Repelling.",Vampire Heart
Rodian Master,Voidlord,Mastery Trait,Master of Voidlords,"If all the creatures in your party are Voidlords, they always have Repelling and take 30% less damage. This trait does not stack.",Sigil of the Voidlord
Sorcery,Vortex,Cerebral Vortex,Impedance,"At the start of battle, this creature Seals one of each enemy's Spell Gems. This trait does not stack.",Impedance
Sorcery,Vortex,Consuming Vortex,Simulacrum,"When an enemy casts a spell, this creature has a 35% chance to negate the spell.  When this happens, this creature gains a copy of that Spell Gem. This trait does not stack.",Consuming Wind
Sorcery,Vortex,Evil Vortex,Squall,"After an enemy is afflicted with a debuff, this creature casts a random spell.  This trait can only activate once per turn.",Evil Wind
Sorcery,Vortex,Mana Vortex,Stifle,"After an enemy casts a spell, this creature afflicts enemies with Silenced.",Mana Wind
Sorcery,Vortex,Ovoid Vortex,Ovular Barrage,"After this creature is attacked, it casts Verdant Spheres on the enemy.",Ovoid Egg
Sorcery,Vortex,Psychic Vortex,Mindbender,Your creatures have a 30% chance to avoid damage from spells. This trait does not stack.,Psychic Wind
Sorcery,Vortex,Sulfuric Vortex,Spiral Ward,This creature takes 2% less damage from spells for every 1% health it is missing.,Sulfuric Wind
Sorcery,Vortex,Untamed Vortex,Expansion,"After this creature takes damage, it gains attack equal to 50% of the damage it took.",Untamed Wind
Sorcery,Vortex,Vortex Observer,Disturbance,"After an enemy manually casts a spell, your creatures gain a copy of that Spell Gem.",Observer Wind
Rodian Master,Vortex,Mastery Trait,Master of Vortexes,"At the start of battle, your Vortexes gain the Spiral Ward trait.",Sigil of the Vortex
Life,Vulpes,Arcus Vulpes,Metaphysics,Your creatures deal 75% more damage with spells that don't belong to their class. This trait does not stack.,Arcus Ear
Life,Vulpes,Cosmos Vulpes,Zerda,"Your creatures' first 3 permanent, healing Spell Gems each have a 20% chance to be cast automatically at the start of battle. This trait does not stack.",Cosmos Ear
Life,Vulpes,Decaying Vulpes,Corsac,"This creature's first 3 permanent, healing Spell Gems each have a 50% chance to be cast automatically at the start of battle.",Decaying Ear
Life,Vulpes,Incandescent Vulpes,Naturalization,Your creatures take 4% less damage for each permanent Spell Gem they have. This trait does not stack.,Incandescent Ear
Life,Vulpes,Lost Vulpes,Lagopus,"Your creatures' first 3 permanent, stat-manipulating Spell Gems each have a 20% chance to be cast automatically at the start of battle. This trait does not stack.",Lost Ear
Life,Vulpes,Skyward Vulpes,Cana,"This creature's first 3 permanent, damaging Spell Gems each have a 50% chance to be cast automatically at the start of battle.",Skyward Ear
Life,Vulpes,Spirit Vulpes,Velox,"This creature's first 3 permanent, stat-manipulating Spell Gems each have a 50% chance to be cast automatically at the start of battle.",Spirit Ear
Life,Vulpes,Terra Vulpes,Pallida,"Your creatures' first 3 permanent, damaging Spell Gems each have a 20% chance to be cast automatically at the start of battle. This trait does not stack.",Terra Ear
Nether Boss,Vulpes,Cyhra,Cyhra's Adamance,Your creatures deal 50% more damage for each time they've been resurrected in the current battle. This trait does not stack.,Cyhra's Adamance
Nether Boss,Vulpes,Cyhra,Cyhra's Resilience,Your creatures take 15% less damage for each dead ally. This trait does not stack.,Cyhra's Broken Whiskers
Nether Boss,Vulpes,Cyhra,Cyhra's Trust,Your creatures deal 25% more damage for each dead ally. This trait does not stack.,Cyhra's Severed Tail
Rodian Master,Vulpes,Mastery Trait,Master of Vulpeses,"If all the creatures in your party are Vulpes, their innate traits now affect the first 5 permanent Spell Gems they have equipped.",Sigil of the Vulpes
Nature,Warhog,Accursed Warhog,Spirit Eater,"After this creature attacks, it afflicts the target with Cursed and decreases their speed by 15%.",Baleful Tusk
Nature,Warhog,Barbed Warhog,Blade Eater,"After this creature attacks, it afflicts the target with Disarmed and decreases their attack by 15%.",Bladed Tusk
Nature,Warhog,Dire Warhog,Hog Wild,"After your Warhog creatures afflict an enemy with a debuff, they gain a random buff. This trait does not stack.",Gold Tusk
Nature,Warhog,Mystic Warhog,Magic Eater,"After this creature attacks, it afflicts the target with Silenced and decreases their intelligence by 15%.",Runic Tusk
Nature,Warhog,Oozing Warhog,Life Eater,"After this creature attacks, it afflicts the target with Blighted and decreases their lowest stat by 30%.",Corroded Tusk
Nature,Warhog,Plated Warhog,Steel Eater,"After this creature attacks, it afflicts the target with Vulnerable and decreases their defense by 15%.",Armored Tusk
Rodian Master,Warhog,Mastery Trait,Master of Warhogs,"If all the creatures in your party are Warhogs, their innate traits are 100% more effective. This trait does not stack.",Sigil of the Warhog
Nature,Waspid,Waspid Guardian,Endless Swarm,"After this creature attacks, each of your dead Waspids have a 50% chance to be resurrected with 50% health.",Guardian Stinger
Nature,Waspid,Waspid Hiveleader,Hive Mind,"After this creature attacks, your other Waspids attack the same target for 30% normal damage.  This trait does not affect other creatures with the same trait.",Hiveleader Stinger
Nature,Waspid,Waspid Infiltrator,Infiltration,Your Waspids have 20% more speed for each Waspid fighting on your side. This trait does not stack.,Infiltrator Stinger
Nature,Waspid,Waspid Scout,Swarm,Your Waspids each have a 4% chance to start at the top of the Timeline for each Waspid fighting on your side. This trait does not stack.,Scout Stinger
Nature,Waspid,Waspid Slicer,Gore,"After your Waspids attack, they afflict the target with Poisoned and Bleeding.",Slicer Stinger
Nature,Waspid,Waspid Soldier,Final Sting,"This creature deals 300% more damage with attacks.  After this creature attacks, it is killed.",Soldier Stinger
Nature,Waspid,Waspid Worker,Disposability,Your other creatures' buffs persist through death.,Worker Stinger
Rodian Master,Waspid,Mastery Trait,Master of Waspids,"At the start of battle, your Waspids gain the Final Sting and Endless Swarm traits.",Sigil of the Waspid
Sorcery,Watcher,Coast Watcher,Baffle,This creature deals extra damage equal to the amount of intelligence it has greater than its target.,Coast Tears
Sorcery,Watcher,Glade Watcher,Affluence,This creature deals 50% more damage for each permanent Sorcery Spell Gem it has greater than its target.  Maximum of 300% bonus damage.,Glade Tears
Sorcery,Watcher,Hell Watcher,Sycophant,This creature deals 125% more damage for each additional dead creature you have greater than the enemy.,Hell Tears
Sorcery,Watcher,Inflatable Watcher,"Boing, Boing, Boing","After this creature is attacked, it attacks random enemies 3 times for 50% normal damage.",Inflatable Drink
Nether Boss,Watcher,Medierra,Medierra's Mockery,"After an enemy defends or provokes, each of your creatures have a 50% chance to do so as well. This trait does not stack.",Medierra's Eyelid
Nether Boss,Watcher,Medierra,Medierra's Reliance,"After an ally attacks, defends, or provokes, this creature has a 30% chance to do so as well.",Medierra's Tendons
Nether Boss,Watcher,Medierra,Medierra's Struggle,Your creatures take 1 extra turn if they're below 50% Health. This trait does not stack.,Medierra's Blood
Sorcery,Watcher,Rift Watcher,Prowess,This creature deals 50% more damage for each Sorcery creature you have greater than the enemy.,Rift Tears
Sorcery,Watcher,Roost Watcher,Gulper,"This creature deals 50% more damage for each buff, debuff, and minion it has greater than its target.",Roost Tears
Sorcery,Watcher,Sky Watcher,Subjugation,This creature deals extra damage equal to the amount of defense it has greater than its target.,Sky Tears
Sorcery,Watcher,Watcher Sentinel,Outnumbered,This creature deals 125% more damage for each additional living creature you have greater than your enemy.,Sentinel Tears
Rodian Master,Watcher,Mastery Trait,Master of Watchers,Your Watchers' traits act as if they have 50% more of their requirement for each Watcher fighting on your side. This trait does not stack.,Sigil of the Watcher
Death,Wight,Dread Wight,Undeath,"After this creature dies, it has a 50% chance to resurrect with 100% health.",Dread Rattle
Death,Wight,Frostbite Wight,Cold Like War,"After an enemy is resurrected, this creature attacks it 2 times and afflicts it with Frozen.",Frostbite Rattle
Death,Wight,Gravebane Wight,Woe,"After this creature dies, enemies take damage equal to 30% of its Maximum health.",Gravebane Rattle
Death,Wight,Headless Wight,No Head Necessary,"While this creature is dead, it has a 50% chance to attack enemies at the start of their turns.",Headless Pumpkin
Life,Wight,Holy Wight,Praise the Light,"After your creatures are resurrected, they cast Holy Nova. This trait does not stack.",Holy Rattle
Death,Wight,Reclusive Wight,Resurrection Code,"After this creature dies, it has a 50% chance to resurrect its allies with 50% health.",Reclusive Rattle
Death,Wight,Roofstalker Wight,Afterlife,"After this creature dies for the first time in battle, it resurrects with 50% health, and gains 50% attack, intelligence, defense, and speed.",Roofstalker Rattle
Death,Wight,Terror Wight,Dark Embrace,"After your creatures die, this creature gains 25% of their attack, intelligence, defense, and speed.",Terror Rattle
Death,Wight,Trepidation Wight,Last Stand,"After this creature dies, it attacks random enemies 5 times.",Trepidation Rattle
Nether Boss,Wight,Shackler,Shackler's Domination,Your Shades share their innate traits with each other.,Shackler's Chains
Nether Boss,Wight,Shackler,Shackler's Mastery,Your creatures' race-specific traits act as if your party contains 2 more creatures that belong to that race. This trait does not stack.,Shackler's Signet
Nether Boss,Wight,Shackler,Shackler's Trance,"This creature always deals 0 damage during its turn, but deals 200% more damage when it is not its turn.",Shackler's Cape
Rodian Master,Wight,Mastery Trait,Master of Wights,Your Wights always resurrect with 100% Health and Shelled.,Sigil of the Wight
Life,Wisp,Abyssal Wisp,Lyra,"This creature attacks and casts spells 3 additional times.  After this creature takes damage, it is sent to the bottom of the Timeline.",Abyssal Phylactery
Life,Wisp,Dancing Wisp,Overpowered,"This creature deals 100% more damage.  After this creature takes damage, it is sent to the bottom of the Timeline.",Dancing Phylactery
Life,Wisp,Laughing Wisp,Ethereal,"This creature is immune to debuffs and takes 50% less damage.  After this creature takes damage, it is sent to the bottom of the Timeline.",Laughing Phylactery
Life,Wisp,Scheming Wisp,Poof!,"This creature always deals critical damage and has an independent 90% chance to dodge attacks.  After this creature takes damage, it is sent to the bottom of the Timeline.",Scheming Phylactery
Life,Wisp,Wisp Seer,The Virtue of Patience,"At the start of this creature's turn, your creatures gain 3 random buffs.  After this creature takes damage, it is sent to the bottom of the Timeline.",Seer Phylactery
Life,Wisp,Wisp Watcher,Spasm,"At the start of this creature's turn, it casts its first five permanent Spell Gems.  After this creature takes damage, it is sent to the bottom of the Timeline.",Watcher Phylactery
Rodian Master,Wisp,Mastery Trait,Master of Wisps,"If all the creatures in your party are Wisps, they have a 25% chance to avoid damage and gain Shelled at the start of their turns. This trait does not stack.",Sigil of the Wisp
Nature,Wolpertinger,Docile Wolpertinger,Ditto,"After one of your creatures manually casts a Scourge spell, this creature casts the same Scourge spell.",Docile Carrot
Nether Boss,Wolpertinger,Furness,Furness' Decadence,Your creatures can cast Booze Spells without consuming Charges.,Broken Bottle
Nether Boss,Wolpertinger,Furness,Furness' Instability,"At the start of this creature's turn, it casts one of its permanent Booze Spells.",Pills
Nether Boss,Wolpertinger,Furness,Furness' Stupor,This creature's Booze Spells are 100% more potent.,Dried Vomit
Nature,Wolpertinger,Vampiric Wolpertinger,Soul Sucker,"After your creatures cast a damaging spell, they recover health equal to 30% of the damage dealt. This trait does not stack.",Vampiric Carrot
Nature,Wolpertinger,Vernal Wolpertinger,Camaraderie,"After this creature defends, it gains a Barrier that absorbs damage equal to 100% of its Maximum health.  If this creature already has a Barrier, it gives it to a random ally instead.",Gummy Egg
Nature,Wolpertinger,Vicious Wolpertinger,Colorblind,"After this creature attacks, it casts a Scourge spell that matches the target's class.",Vicious Carrot
Nature,Wolpertinger,Vile Wolpertinger,Fraud,Your creatures' Scourge spells no longer consume charges and cannot be Sealed.,Vile Carrot
Nature,Wolpertinger,Villous Wolpertinger,Echoing Incantation,This creature's single-target spells have a 35% chance to be cast 1 additional time.  This effect can occur repeatedly.,Villous Carrot
Nature,Wolpertinger,Viridian Wolpertinger,Bottom Feeder,Your creatures' Scourge spells also afflict the target with a debuff that is based on the type of Scourge spell that is cast. This trait does not stack.,Viridian Carrot
Nature,Wolpertinger,Volatile Wolpertinger,Prey,"At the start of battle, your creatures gain a Scourge spell that matches their class. This trait does not stack.",Volatile Carrot
Nature,Wolpertinger,Volcanic Wolpertinger,Whimsical,Your creatures' Scourge spells deal 100% more damage. This trait does not stack.,Volcanic Carrot
Rodian Master,Wolpertinger,Mastery Trait,Master of Wolpertingers,"If all the creatures in your party are Wolpertingers, their Scourge spells always deal critical damage and have a 50% chance to be cast 1 additional time. This effect can occur multiple times in a row. This trait does not stack.",Sigil of the Wolpertinger
Chaos,Wyvern,Wyvern Airslayer,Wings of Despair,"When an enemy would gain a buff, this creature has a 50% chance to gain it instead.",Airslayer Head
Chaos,Wyvern,Wyvern Daybreaker,Fallen Star,"When an enemy would gain stats, this creature has a 50% chance to gain them instead.",Daybreaker Head
Chaos,Wyvern,Wyvern Skystalker,Deep Inhalation,"After an enemy casts a spell on all your creatures, this creature has a 50% chance to cast the spell on the enemy creatures as well. This trait does not stack.",Skystalker Head
Chaos,Wyvern,Wyvern Sonicscreecher,Bounce,"After an enemy casts a single-target spell on one of your creatures, this creature has a 50% chance to cast the spell on a random enemy. This trait does not stack.",Sonicscreecher Head
Chaos,Wyvern,Wyvern Toxicfang,Currents,"After an enemy gains stats, this creature afflicts it with a random debuff.",Toxicfang Head
Chaos,Wyvern,Wyvern Windrider,Spell Stealer,"After an enemy casts a spell on all its allies, this creature has a 50% chance to cast the same spell on your creatures as well. This trait does not stack.",Windrider Head
Rodian Master,Wyvern,Mastery Trait,Master of Wyverns,Your Wyverns take 80% less damage from spells. This trait does not stack.,Sigil of the Wyvern
Sorcery,Yeti,Ancient Yeti,Winter Has Come,"At the start of battle, this creature afflicts 2 random enemies with Frozen.",Ancient Snowball
Sorcery,Yeti,Chillbreeze Yeti,Thermal Void,Enemies take 50% more damage while they are Frozen. This trait does not stack.,Chillbreeze Snowball
Sorcery,Yeti,Coldslam Yeti,Ice Nova,"After this creature provokes, each enemy has a 50% chance to be afflicted with Frozen.",Coldslam Snowball
Sorcery,Yeti,Frostbite Yeti,Brain Freeze,"After this creature is attacked, it afflicts the enemy with Frozen.",Frostbite Snowball
Sorcery,Yeti,Icemane Yeti,Lingering Frost,"After an enemy's Frozen debuff expires, this creature afflicts it with Snared.",Icemane Snowball
Sorcery,Yeti,Rimefist Yeti,Frost Breath,"After this creature dodges or deals critical damage, each enemy has a 50% chance to be afflicted with Frozen.",Rimefist Snowball
Sorcery,Yeti,Snowsting Yeti,Cold Snap,"When this creature damages a Frozen enemy, it deals 300% more damage and removes the debuff.",Snowsting Snowball
Nether Boss,Yeti,Vext,Vext's Antiquity,"When enemies lose stats, increase the amount of stats reduced by 50%. This trait does not stack.",Vext's Fingers
Nether Boss,Yeti,Vext,Vext's Boldness,Increases your creatures' maximum stat limit before they are subjected to diminishing returns by 50%. This trait does not stack.,Vext's Eyebrows
Nether Boss,Yeti,Vext,Vext's Invocation,"When your creatures gain stats, increase the amount of stats gained by 50%. This trait does not stack.",Vext's Toes
Rodian Master,Yeti,Mastery Trait,Master of Yetis,"At the start of battle, enemies are afflicted with Frozen if all the creatures in your party are Yetis.",Sigil of the Yeti
Boss,Zantai,Zantai Material,Zantai's Boon,"At the start of battle, this creature gains Mega Magic. Your creatures' Mega Magic now grants your creatures 3 random buffs.",Jewel of Zantai (Purple)
Boss,Zantai,Zantai Material,Zantai's Call,"At the start of battle, this creature gains Mega Magic. Your creatures' Mega Magic now grants your creatures 3 random minions.",Jewel of Zantai (Red)
Boss,Zantai,Zantai Material,Zantai's Cunning,"At the start of battle, this creature gains Mega Magic. Your creatures' Mega Magic ignores 50% of the enemies' Defense.",Jewel of Zantai (White)
Boss,Zantai,Zantai Material,Zantai's Embrace,"At the start of battle, this creature gains Mega Magic. Your creatures' Mega Magic now heals your creatures equal to 100% of the damage dealt.",Jewel of Zantai (Cyan)
Boss,Zantai,Zantai Material,Zantai's Envy,"At the start of battle, this creature gains Mega Magic. Your creatures' Mega Magic now afflicts enemies with 3 random debuffs.",Jewel of Zantai (Orange)
Boss,Zantai,Zantai Material,Zantai's Havoc,"At the start of battle, this creature gains Mega Magic. Your creatures' Mega Magic now deals a devastating amount of damage.",Jewel of Zantai (Blue)
Boss,Zantai,Zantai Material,Zantai's Inhibition,"At the start of battle, this creature gains Mega Magic. Your creatures' Mega Magic now decreases enemies' stats equal to 25% of the damage dealt.",Jewel of Zantai (Green)
Boss,Zantai,Zantai Material,Zantai's Perfection,"At the start of battle, this creature gains Mega Magic. Your creatures' Mega Magic has 3 extra Charges.",Jewel of Zantai (Yellow)
Boss,Zantai,Zantai Material,Zantai's Stratagem,"At the start of battle, this creature gains Mega Magic. The damage of your creatures' Mega Magic is now based on their highest stat.",Jewel of Zantai (Teal)
Boss,Zantai,Zantai Material,Zantai's Reign,"At the start of battle, this creature gains Mega Magic. Your creatures' Mega Magic now increases your creatures' stats equal to 15% of the damage dealt.",Jewel of Zantai (Magenta)