Name,Species,Class,Hlt,Atk,Int,Def,Spd,Total,R. Depth,Source,Trait Name,Item Name,Trait Description
Average Stats,,,34,19,19,18,18,108,,,,,
Cloth Abomination,Abomination,Death,42,22,12,17,17,110,1,Obtain Abomination Plush and bother it repeatedly,Extra Padding,No Material Exists,"At the start of battle, this creature gains a Barrier that absorbs damage equal to 200% of its highest stat."
Abomination Brute,Abomination,Death,42,22,12,17,17,110,15,"Path of the Damned, Titan's Wound, Forgotten Lab",Flesh Rot,Brute Stitches,"After an enemy is afflicted with either Weak or Vulnerable, this creature afflicts them with whichever of these debuffs the target doesn't already have."
Bile Abomination,Abomination,Death,42,22,12,17,17,110,90,"Path of the Damned, Titan's Wound, Forgotten Lab",Frailty,Bile Stitches,"When this creature Attacks an enemy with Vulnerable, it deals 100% more damage, recovers Health equal to 100% of the damage dealt, and removes this debuff."
Gore Abomination,Abomination,Death,36,23,13,18,18,108,60,"Path of the Damned, Titan's Wound, Forgotten Lab",Manipulate Fear,Gore Stitches,Enemy creatures with Weak have 50% less Attack and cannot deal critical damage. This trait does not stack.
Abomination Volatile,Abomination,Death,40,23,13,18,18,112,45,"Path of the Damned, Titan's Wound, Forgotten Lab",Quell,Volatile Stitches,"When this creature Attacks an enemy with Vulnerable, it deals 100% more damage. If this damage exceeds 35% of the target's Current Health, the target dies."
Wandering Abomination,Abomination,Death,39,22,12,17,17,107,75,"Path of the Damned, Titan's Wound, Forgotten Lab",Sin and Sentence,Wandering Stitches,"After this creature Attacks an enemy with both Weak and Vulnerable, it has a 50% chance to kill the target."
Ritual Abomination,Abomination,Death,42,22,12,17,17,110,10,"Path of the Damned, Titan's Wound, Forgotten Lab",Turn to Grey,Ritual Stitches,"After this creature is Attacked, enemies are afflicted with Vulnerable."
Flesh Abomination,Abomination,Death,36,23,13,18,18,108,30,"Path of the Damned, Titan's Wound, Forgotten Lab",Wretchedness,Flesh Stitches,Your creatures' attacks against enemy creatures with Vulnerable cannot be Dodged and have a 50% greater chance to deal critical damage. This trait does not stack.
Ryetrap,Alemental,Death,31,19,19,19,19,107,37,Gambling Dwarf Shop,Alcoholism,Bottle of Ryetrap,"After an enemy is afflicted with a debuff, they have a 10% chance to be sent to the bottom of the Timeline. This trait does not stack."
Vulperry,Alemental,Nature,33,18,18,18,18,105,37,Gambling Dwarf Shop,Bob and Weave,Bottle of Vulperry,Your creatures have an independent 25% chance to dodge for each buff the enemy has. This trait does not stack.
Lagergoyle,Alemental,Chaos,33,18,18,18,18,105,37,Gambling Dwarf Shop,Drinking Game,Bottle of Lagergoyle,"At the start of each enemy's turn, they have a 5% chance to be killed. This trait does not stack."
Woodka,Alemental,Nature,32,17,20,20,20,109,37,Gambling Dwarf Shop,Drunken Brawler,Bottle of Woodka,"After your creatures Dodge an attack, they counter-attack for 40% normal damage. This trait does not stack."
Scotchpion,Alemental,Chaos,33,18,18,20,20,109,37,Gambling Dwarf Shop,Drunken Rage,Bottle of Scotchpion,"At the start of each enemy's turn, they have a 5% chance to attack one of their allies for each debuff they have. This trait does not stack."
Vermowl,Alemental,Sorcery,33,18,18,18,18,105,37,Gambling Dwarf Shop,False Epiphany,Bottle of Vermowl,Enemies' spells cost 1 more Charge for every 2 debuffs they have. This trait does not stack.
Whiskull,Alemental,Death,31,19,19,19,19,107,37,Gambling Dwarf Shop,Hangover,Bottle of Whiskull,"At the start of each enemy's turn, this creature has a 35% chance to Cast a random Booze Spell. This trait does not stack."
Winegel,Alemental,Life,34,19,19,19,19,110,37,Gambling Dwarf Shop,Hangover Cure,Bottle of Winegel,"After your creatures heal an enemy, it has a 3% chance to be killed for each debuff it has. This trait does not stack."
Spirits,Alemental,Life,34,19,19,19,19,110,37,Gambling Dwarf Shop,Numbed Pain,Bottle of Spirits,"When your creatures would take damage from an attack or spell, they have a 5% chance to take 0 damage for each debuff they have. This trait does not stack."
Grenale,Alemental,Sorcery,33,18,18,18,18,105,37,Gambling Dwarf Shop,Slosh,Bottle of Grenale,"After your creatures manually Cast a spell, a random enemy is afflicted with a random debuff. This trait does not stack."
Nexus Amaranth,Amaranth,Life,43,15,15,25,15,113,37,Eternity's End (Spires),Collective Unconscious,Nexus Splinters,"After your creatures gain Defense, they gain an equal amount of Attack. This trait does not stack."
Radiant Amaranth,Amaranth,Life,39,15,15,25,15,109,90,Eternity's End (Spires),Crystallization,Radiant Splinters,"After this creature Casts a spell, your creatures gain 15% Defense."
Stardust Amaranth,Amaranth,Life,43,15,15,25,15,113,37,Eternity's End (Spires),Exalted Detriment,Stardust Splinters,Your creatures deal additional damage with attacks equal to 30% of their Defense. This trait does not stack.
Amaranthine,Amaranth,Life,39,15,15,25,15,109,75,Eternity's End (Spires),Incandescence,Amaranthine Splinters,"At the start of battle, this creature gains Maximum Health equal to 100% of its Defense."
Planetary Amaranth,Amaranth,Life,40,15,15,25,15,110,37,Eternity's End (Spires),Jailbreak,Planetary Splinters,Your creatures have 40% more Defense. This trait does not stack.
Enclave Amaranth,Amaranth,Life,43,15,15,25,15,113,60,Eternity's End (Spires),Memento Mori,Enclave Splinters,"After this creature is Attacked, the enemy takes damage equal to 75% of this creature's Defense."
Solar Amaranth,Amaranth,Life,40,15,15,25,15,110,415,Chaos Guild,Solar Flare,Solar Drink,"After this creature is Attacked while it is Defending or Provoking, it Casts Stellar Flare."
Lost Amaranth,Amaranth,Life,36,16,16,26,16,110,45,Eternity's End (Spires),Soulstone Splinter,Unguided Splinters,"After your creatures are Attacked, they gain 20% Defense. This trait does not stack."
Amphisbaena Prospector,Amphisbaena,Life,29,17,17,17,22,102,75,"Faraway Enclave, Where the Dead Ships Dwell, Amalgam Gardens",Careful What You Wish For,Prospector Cord,"After your creatures gain a buff, they gain an additional random buff, but their buffs only last for 1 turn. This trait does not stack."
Amphisbaena Vaccinator,Amphisbaena,Life,32,17,17,17,22,105,40,"Faraway Enclave, Where the Dead Ships Dwell, Amalgam Gardens",Grim Ailment,Vaccinator Cord,"After your creatures apply a debuff, they apply an additional random debuff, but their debuffs only last for 1 turn. This trait does not stack."
Amphisbaena Chef,Amphisbaena,Life,32,17,17,17,22,105,40,"Faraway Enclave, Where the Dead Ships Dwell, Amalgam Gardens",Multicast,Chef Cord,"Your creatures Cast spells 1 additional time, but their spells are 30% less potent. This trait does not stack."
Amphisbaena Arbitrator,Amphisbaena,Life,32,17,17,17,22,105,40,"Faraway Enclave, Where the Dead Ships Dwell, Amalgam Gardens",Multistrike,Attorney Cord,"Your creatures Attack 1 additional time, but all their attacks deal 30% less damage. This trait does not stack."
Amphisbaena Inspector,Amphisbaena,Life,33,18,17,17,22,107,60,"Faraway Enclave, Where the Dead Ships Dwell, Amalgam Gardens",Unbidden Miracle,Inspector Cord,"After your creatures are healed, they are healed an additional time, but they receive 50% less healing from all sources. This trait does not stack."
Amphisbaena Gardener,Amphisbaena,Life,32,17,17,17,22,105,45,"Faraway Enclave, Where the Dead Ships Dwell, Amalgam Gardens",Unrealized Potential,Horticulturist Cord,"After your creatures gain stats, they gain these stats an additional time, but they gain 50% fewer stats. This trait does not stack."
Imperial Angel,Angel,Life,27,22,17,17,22,105,25,Surathli God Shop (Favor Rank 14),Black Hole Halo,Imperial Claymore,This creature's attacks deal 75% more damage and afflict the target with Scorned.
Aegis Angel,Angel,Life,31,21,16,17,22,107,25,Surathli God Shop (Favor Rank 25),Hand of Light,Aegis Claymore,This creature's attacks deal 75% more damage and grant this creature Shelled.
Firewound Angel,Angel,Life,31,21,16,16,21,105,25,Surathli God Shop (Favor Rank 1),Pyre,Firewound Claymore,This creature's attacks deal 75% more damage and afflict the target with Burning.
Icewound Angel,Angel,Life,26,21,16,16,21,100,25,Surathli God Shop (Favor Rank 5),Rime,Icewound Claymore,This creature's attacks deal 75% more damage and afflict the target with Frozen.
Doomblight Angel,Angel,Life,32,22,17,14,19,104,25,Surathli God Shop (Favor Rank 11),Scourge,Doomblight Claymore,This creature's attacks deal 75% more damage and afflict the target with Weak.
Angel Soulslayer,Angel,Life,31,21,16,16,21,105,25,Surathli God Shop (Favor Rank 18),Soul to Keep,Soulslayer claymore,"This creature's attacks deal 75% more damage. After this creature Attacks, it gains a copy of the target's trait."
Goldblight Angel,Angel,Life,31,21,16,16,21,105,25,Surathli God Shop (Favor Rank 8),Stasis,Goldblight Claymore,This creature's attacks deal 75% more damage and afflict the target with Confused.
Thunderwound Angel,Angel,Life,26,21,21,16,16,100,415,Life Guild,Storm of the Century,Thunderwound Claymore,"After this creature Attacks, it Casts Lightning Storm."
Brain Animation,Animation,Sorcery,40,18,18,18,18,112,64,Astral Gallery (Statues),Red Tether,Red Shackle,"After an adjacent ally Attacks, this creature Attacks the enemy as well. This trait does not work with creatures that also have this trait."
Ear Animation,Animation,Sorcery,39,17,17,17,17,107,64,Astral Gallery (Statues),Green Tether,Green Shackle,"After an adjacent ally heals a creature, this creature is healed for the same amount and gains a Barrier that absorbs damage equal to 100% of the amount healed. This trait does not work with creatures that also have this trait."
Eye Animation,Animation,Sorcery,39,17,17,17,17,107,64,Astral Gallery (Statues),Yellow Tether,Yellow Shackle,"After this creature deals critical damage, its adjacent allies gain 30% Attack and Speed. This creature always has Savage."
Feet Animation,Animation,Sorcery,36,18,18,18,18,108,64,Astral Gallery (Statues),Blue Tether,Blue Shackle,"When an adjacent creature would take attack or spell damage or gain a buff or debuff, this creature becomes the new target instead."
Hand Animation,Animation,Sorcery,40,15,18,18,18,109,64,Astral Gallery (Statues),Silver Tether,Silver Shackle,"After an adjacent creature is killed, this creature gains 60% of its stats (other than Health)."
Lip Animation,Animation,Sorcery,40,15,18,18,18,109,75,Astral Gallery (Statues),Purple Tether,Purple Shackle,"After an adjacent ally Casts a spell, this creature Casts that spell as well. This trait does not work with creatures that also have this trait."
Animatus,Animatus,Death,40,25,25,25,25,140,19 (1 for Animator),Animator Specialization & Starter,Brilliant Creation,No Material Exists,"This creature has 15% more Attack and Intelligence for each dead creature on your side, and 15% more Defense and Speed for each living creature on your side."
Apis Warrior,Apis,Life,27,22,12,22,22,105,90,"The Barrens, Overgrown Temple",Crunch,Warrior Headdress,This creature's attacks deal 75% more damage and afflict the target with Vulnerable.
Apis Guardian,Apis,Life,26,21,11,21,21,100,46,"The Barrens, Overgrown Temple",Grit,Guardian Headdress,"At the start of battle, this creature's Attack is added to its Health and Defense, then its Attack is set to its minimum value."
Apis Endurer,Apis,Life,33,23,13,20,20,109,46,"The Barrens, Overgrown Temple",Long Live,Endurer Headdress,This creature takes 2% less damage from attacks (up to 90%) for every 1% Health it is missing.
Apis Majesty,Apis,Life,32,22,12,19,19,104,60,"The Barrens, Overgrown Temple",Necessitarianism,Majesty Headdress,"At the start of battle, this creature gains 100% Attack, Intelligence, Defense, and Speed. This creature deals 70% less damage."
Apis Adolescent,Apis,Life,26,21,11,21,21,100,415,Nature Guild,Primed And Ready,Adolescent Egg,"After an enemy Casts a spell on all your creatures, this creature Attacks it for 300% normal damage."
Apis Protector,Apis,Life,31,21,11,21,21,105,75,"The Barrens, Overgrown Temple",Righteous Concession,Protector Headdress,This creature and the creatures adjacent to it are resistant to debuffs.
Apis Charger,Apis,Life,32,21,11,21,21,106,46,"The Barrens, Overgrown Temple",Threshold,Charger Headdress,"After this creature Attacks, it afflicts the target with Scorned and Disarmed."
Apis Defender,Apis,Life,28,18,13,23,23,105,46,"The Barrens, Overgrown Temple",Vigilance,Defender Headdress,This creature intercepts attacks on its allies.
Corox Apocalypse,Apocalypse,Chaos,37,15,15,20,20,107,75,Great Pandemonium (Eggs),Culmination,Corox Sinew,Your creatures' spells deal 5% more damage for each spell all your creatures have manually Cast in the current battle. This trait does not stack.
Zarox Apocalypse,Apocalypse,Chaos,37,15,15,20,20,107,60,Great Pandemonium (Eggs),Mungus Harbinger,Zarox Sinew,Your creatures take 10% less damage for each turn they've taken in the current battle. Maximum of 90% damage reduction. This trait does not stack.
Inox Apocalypse,Apocalypse,Chaos,37,15,15,20,20,107,45 (1 for Reaver),"Great Pandemonium (Eggs), Reaver Starter",Naxor Harbinger,Inox SInew,Your creatures deal 40% more damage for each turn they've taken in the current battle. This trait does not stack.
Zzyia Apocalypse,Apocalypse,Chaos,32,18,18,18,18,104,415,Chaos Guild,Phase Out,Zzyia Sinew,Your creatures have a 5% chance (up to 50%) to avoid damage for each turn they've taken in the current battle. This trait does not stack.
Gorum Apocalypse,Apocalypse,Chaos,38,16,16,21,21,112,30,Great Pandemonium (Eggs),Quahn Harbinger,Gorum Sinew,Your creatures have a 25% chance to resist debuffs for each turn they've taken in the current battle. This trait does not stack.
Agor Apocalypse,Apocalypse,Chaos,40,15,15,20,20,110,22,Great Pandemonium (Eggs),Urdox Harbinger,Agor Sinew,Your creatures deal 50% more critical damage for each turn they've taken in the current battle. This trait does not stack.
Aaxer Apocalypse,Apocalypse,Chaos,37,15,15,20,20,107,22,Great Pandemonium (Eggs),Urh Harbinger,Aaxer Sinew,"Your creatures have 15% more Attack, Intelligence, Defense, and Speed for each turn they've taken in the current battle. This trait does not stack."
Woolly Arachnalisk,Arachnalisk,Nature,28,23,23,13,18,105,60,Arachnid Nest (Eggs),Arachnophobia,Woolly Mandible,Enemies with Snared take 65% more damage from their Poison debuff. This trait does not stack.
Ancient Arachnalisk,Arachnalisk,Nature,28,23,23,13,18,105,75,Arachnid Nest (Eggs),Consume,Ancient Mandible,"When this creature Attacks an enemy with Snared, it deals 150% more damage, recovers Health equal to 100% of the damage dealt, and removes this debuff."
Goliath Arachnalisk,Arachnalisk,Nature,28,23,23,13,18,105,45,Arachnid Nest (Eggs),Entrapment,Goliath Mandible,"After this creature is Attacked, it afflicts the enemy with Snared."
Canopy Arachnalisk,Arachnalisk,Nature,22,23,23,13,18,99,34,Arachnid Nest (Eggs),Here to Die,Canopy Mandible,"After an enemy is afflicted with either Bleeding or Poisoned, this creature afflicts them with whichever of these debuffs the target doesn't already have."
Creeping Arachnalisk,Arachnalisk,Nature,28,23,23,13,18,105,90,Arachnid Nest (Eggs),Hopelessness,Creeping Mandible,Enemies with Snared take 50% more damage. This trait does not stack.
Razorweb Arachnalisk,Arachnalisk,Nature,36,16,16,16,26,110,415,Nature Guild,Jagged Edges,Razorweb Mandible,"At the start of each creature's turn, enemies with Snared take damage equal to 10% of this creature's Speed. This trait does not stack."
Dragonlair Arachnalisk,Arachnalisk,Nature,28,23,23,13,18,105,34,Arachnid Nest (Eggs),Numbing Venom,Dragonlair Mandible,"After an enemy takes damage from Poisoned, they have a 50% chance to be afflicted with Snared. This trait does not stack."
Spitting Arachnalisk,Arachnalisk,Nature,28,23,23,13,18,105,34,Arachnid Nest (Eggs),Spit Poison,Spitting Mandible,"After this creature is Attacked, it afflicts enemies with Poisoned. If enemies already have this debuff, its potency is increased by 30% instead."
Living Arbiter,Arbiter,Nature,28,18,18,21,21,106,64,Land of Breath & Balance (Robes),In Favor of Survival,Vital Scales,"After start-of-battle effects are determined, 40% of this creature's Maximum Health is added to that of your other creatures."
Feeling Arbiter,Arbiter,Nature,29,19,19,19,19,105,64,Land of Breath & Balance (Robes),In Favor of Destruction,Emoting Scales,"After start-of-battle effects are determined, 40% of this creature's Attack is added to that of your other creatures."
Thinking Arbiter,Arbiter,Nature,30,20,20,19,19,108,64,Land of Breath & Balance (Robes),In Favor of Creation,Brainy Scales,"After start-of-battle effects are determined, 40% of this creature's Intelligence is added to that of your other creatures."
Breathing Arbiter,Arbiter,Nature,30,19,19,19,19,106,64,Land of Breath & Balance (Robes),In Favor of Protection,Durable Scales,"After start-of-battle effects are determined, 40% of this creature's Defense is added to that of your other creatures."
Moving Arbiter,Arbiter,Nature,29,19,19,19,19,105,64,Land of Breath & Balance (Robes),In Favor of Escape,Swift Scales,"After start-of-battle effects are determined, 40% of this creature's Speed is added to that of your other creatures."
Final Arbiter,Arbiter,Nature,30,20,20,19,19,108,64,Land of Breath & Balance (Robes),In Favor of All,Scaly Scales,"After start-of-battle effects are determined, this creature's lowest stat is set equal to its highest stat."
Aspect of Change,Aspect,Nature,29,19,19,14,24,105,16,Meraxis God Shop (Favor Rank 18),Call of Evolution,Change Figment,"After this creature dodges an attack, it Casts one of its spells. In addition, this creature has an independent 50% chance to dodge attacks."
Aspect of Seasons,Aspect,Nature,29,19,19,14,24,105,16,Meraxis God Shop (Favor Rank 14),Call of the Aspect,Seasons Figment,"This creature has an independent 12% chance to dodge attacks for each different type of Aspect fighting on your side. When it does, your Aspects gain 20% Attack, Intelligence, Defense, and Speed."
Springtime Aspect,Aspect,Nature,29,19,19,14,24,105,16,Meraxis God Shop (Favor Rank 8),Call of the Bloom,Springtime Figment,"After this creature dodges, your creatures recover 30% Health. In addition, this creature has an independent 50% chance to dodge attacks."
Aspect of Decay,Aspect,Death,27,17,17,17,27,105,415,Death Guild,Call of the Grave,Decay Figment,"After this creature dodges, enemies lose 20% of their highest stat. In addition, this creature has an independent 50% chance to dodge attacks. This trait does not stack."
Autumn Aspect,Aspect,Nature,29,19,19,14,24,105,16,Meraxis God Shop (Favor Rank 1),Call of the Harvest,Autumn Figment,"Your creatures always have Agile. In addition, this creature has an independent 50% chance to dodge attacks."
Summer Aspect,Aspect,Nature,26,19,19,14,24,102,16 (1 for Monk),"Meraxis God Shop (Favor Rank 5), Monk Starter",Call of the Solstice,Summer Figment,"After this creature dodges, it attacks the enemy. In addition, this creature has an independent 50% chance to dodge attacks."
Winter Aspect,Aspect,Nature,27,17,19,14,24,101,16,Meraxis God Shop (Favor Rank 11),Call of the Tundra,Winter Figment,"After this creature dodges, it Casts Snowstorm. In addition, this creature has an independent 50% chance to dodge attacks."
Aspect of Time,Aspect,Nature,29,19,19,14,24,105,16,Meraxis God Shop (Favor Rank 25),Call of Time,Time Figment,"After this creature dodges an attack, it gains a Barrier that absorbs damage equal to 50% of its Speed. In addition, this creature has an independent 50% chance to dodge attacks."
Asura Bonebreaker,Asura,Chaos,35,25,15,10,25,110,31,Cutthroat Jungle (Totems),Ferocity,Bonebreaker Tattoo,Your creatures always have Savage and have a 25% greater chance to deal critical damage. This trait does not stack.
Asura Strangler,Asura,Chaos,32,22,15,10,25,104,60,Cutthroat Jungle (Totems),Lacerate,Strangler Tattoo,"After your creatures deal critical damage, this creature afflicts the target with Silenced and Bleeding."
Asura Fleshstomper,Asura,Chaos,34,24,14,9,24,105,75,Cutthroat Jungle (Totems),Marked With Blood,Fleshstomper Tattoo,"After your other creatures deal critical damage with attacks, this creature Attacks the target."
Asura Heartripper,Asura,Chaos,35,25,15,10,25,110,45 (1 for Hell Knight),"Cutthroat Jungle (Totems), Hell Knight Starter",Pummel,Heartripper Tattoo,This creature deals 200% additional critical damage.
Zantai,Asura,Chaos,32,25,15,10,25,107,245,Defeat Lord Zantai at his portal,Quadhits,Zantai Tattoo,"When this creature Attacks, it Attacks a total of 4 times for 30% normal damage. It has a 10% chance to kill the target each time it deals critical damage."
Asura Gutslasher,Asura,Chaos,34,24,14,12,24,108,31,Cutthroat Jungle (Totems),Sidewinder,Gutslasher Tattoo,"After this creature deals critical damage, it has a 75% chance to attack again."
Asura Blooddrinker,Asura,Chaos,34,24,14,9,24,105,31,Cutthroat Jungle (Totems),Thirst For Blood,Blooddrinker Tattoo,"After your creatures deal critical damage, they recover Health equal to 100% of the damage dealt. This trait does not stack."
Siege Automaton,Automaton,Sorcery,34,19,19,19,19,110,64,Forgotten Lab (Inactive Automatons),Battle From Within,Siege Gear,"At the start of this creature's turn, it deals damage to enemies equal to 25% of its missing Health."
War Automaton,Automaton,Sorcery,33,18,18,18,18,105,64,Forgotten Lab (Inactive Automatons),Downturn,War Gear,"At the start of this creature's turn, it removes 1 buff from each enemy."
Cursed Automaton,Automaton,Sorcery,31,19,19,19,19,107,64,Forgotten Lab (Inactive Automatons),Euphoria,Cursed Gear,"At the start of this creature's turn, it reduces the enemies' Intelligence by 15% of this creature's Intelligence."
Decrepit Automaton,Automaton,Sorcery,32,17,20,20,20,109,64,Forgotten Lab (Inactive Automatons),Instigation,Decrepit Gear,"At the start of this creature's turn, it reduces the enemies' Defense by 15% of this creature's Defense."
Ancient Automaton,Automaton,Sorcery,34,19,19,19,19,110,64,Forgotten Lab (Inactive Automatons),Momentum,Ancient Gear,"At the start of this creature's turn, it reduces the enemies' Speed by 15% of this creature's Speed."
Arcane Automaton,Automaton,Sorcery,31,19,19,19,19,107,64,Forgotten Lab (Inactive Automatons),Motivation,Arcane Gear,"At the start of this creature's turn, it reduces the enemies' Attack by 15% of this creature's Attack."
Luxury Automaton,Automaton,Sorcery,31,19,19,19,19,107,64,Forgotten Lab (Inactive Automatons),Pandemic,Luxury Gear,"At the start of this creature's turn, it afflicts enemies with a random debuff."
Erebyss,Avatar,Death,38,18,18,18,18,110,245,Gate of the Gods,Avenged Sevenfold,No Material Exists,"After your creatures take damage from an attack or spell, they Cast a Scourge spell on the enemy. The type of Scourge spell is based on the enemy's class. This trait does not stack."
Mortem,Avatar,Death,38,18,18,17,17,108,245,Gate of the Gods,Blood Pact,No Material Exists,Your creatures deal additional damage equal to 5% of all the damage your creatures have dealt in the current battle. This trait does not stack.
Regalis,Avatar,Nature,37,17,17,20,20,111,245,Gate of the Gods,Brothel,No Material Exists,"At the start of battle, your other creatures with the same class as this creature share their innate trait with the creatures adjacent to them. This trait does not stack."
Gonfurian,Avatar,Chaos,38,18,18,17,18,109,245,Gate of the Gods,Eraser,No Material Exists,"After your creatures Attack, they reduce the target's Maximum Health by the same amount of damage dealt. This trait does not stack."
Perdition,Avatar,Life,38,18,18,17,18,109,245,Gate of the Gods,Euthanasia,No Material Exists,"After this creature damages an enemy below 50% Health, it Casts Death Siphon on it."
Zonte,Avatar,Sorcery,38,18,18,18,18,110,245,Gate of the Gods,Expanded Power,No Material Exists,Your creatures' damaging spells that have 'small' 'moderate' or 'large' potency now have 'massive' potency.
Vulcanar,Avatar,Chaos,38,18,18,18,18,110,245,Gate of the Gods,Firelord,No Material Exists,"When your creatures Attack, they deal 20% more damage for each time they've attacked in the current battle. This trait does not stack."
Torun,Avatar,Nature,36,16,16,19,19,106,245,Gate of the Gods,I HATE YOU !@#$ING ALL,No Material Exists,"AT THE END OF YOUR CREATURES' TURNS, THEY'LL SAY A LOT OF !@#$ED UP !@#$ TO THE ENEMIES. SINCE YOUR ENEMIES HAVE THE EMOTIONAL FORTITUDE OF A PIKACHU, THEY'LL CRY LIKE A BUNCH OF !@#$%ES AND DEAL 90% LESS DAMAGE. THIS TRAIT DOES NOT STACK, WHATEVER THE !@#$ THAT MEANS."
Tenebris,Avatar,Sorcery,38,18,18,18,18,110,245,Gate of the Gods,Lingering Essence,No Material Exists,This creature takes 18% less damage for each of its living allies. This trait does not work if another creature has this trait.
Vertraag,Avatar,Death,38,18,18,18,18,110,245,Gate of the Gods,Lune,No Material Exists,"After your creatures Cast a spell, they also Cast a random, powerful spell. This trait does not stack."
Meraxis,Avatar,Nature,36,16,19,19,19,109,245,Gate of the Gods,Marigold,No Material Exists,Your creatures' stats gained in battle are no longer subject to diminishing returns.
Aurum,Avatar,Sorcery,36,16,16,19,19,106,245,Gate of the Gods,Pandora,No Material Exists,"Your creatures can equip all Spell Gems, regardless of their class. After your creatures manually Cast a spell, they also Cast a random spell from their Spell Gem list from each other class."
Lister,Avatar,Life,38,18,18,17,17,108,245,Gate of the Gods,Perfect Imperfection,No Material Exists,"Your creatures deal 40% more damage and take 10% less damage for each turn they've taken in the current battle. At the start of battle, your creatures gain the Timewalk spell. This trait does not stack."
Aeolian,Avatar,Sorcery,38,18,18,18,18,110,245,Gate of the Gods,Periphery,No Material Exists,"Your creatures always dodge attacks and deal critical damage, but take 50% more damage. This trait does not stack."
Surathli,Avatar,Life,38,18,18,18,18,110,245,Gate of the Gods,Prayer Position,No Material Exists,"At the end of your creatures' turns, they Defend. Your creatures take 90% less damage while they're Defending. This trait does not stack."
Venedon,Avatar,Chaos,42,17,17,17,17,110,245,Gate of the Gods,Soul Reaver,No Material Exists,"After this creature damages an enemy, it steals their buffs and minions and gives them its debuffs. In addition, your creatures' buffs and minions last forever, and enemies' debuffs last forever."
Friden,Avatar,Death,38,18,18,17,18,109,245,Gate of the Gods,The Black,No Material Exists,"Enemies always have Poisoned, Blighted, Leeching, and Mending."
Tartarith,Avatar,Chaos,36,18,18,18,18,108,245,Gate of the Gods,The End,No Material Exists,"At the end of each enemy's turn, this creature deals damage to it equal to 40% of this creature's highest stat. This trait does not stack."
Caliban,Avatar,Chaos,38,18,18,18,18,110,245,Gate of the Gods,The Nether,No Material Exists,"At the start of your other creatures' turns, this creature performs an action depending on that creature's class. Chaos - Attack a random enemy. Death - Enemies are afflicted with a random debuff. Life - Your creatures gain a random buff. Nature - Your creatures gain 10% stats. Sorcery - Cast one of this creature's Spell Gems."
Yseros,Avatar,Life,42,17,17,17,17,110,245,Gate of the Gods,The Truth,No Material Exists,"Your creatures' Artifacts' Nether Stones are 100% more powerful, and their Nether Stones' Spell Gems have a 100% chance to activate. This trait does not stack."
Apocranox,Avatar,Nature,42,17,17,17,17,110,245,Gate of the Gods,Trick Shot,No Material Exists,"After this creature Attacks, it Casts 3 of its equipped Arrow spells."
Azural,Avatar,Sorcery,42,17,17,17,17,110,245,Gate of the Gods,Wintermaul,No Material Exists,"At the start of this creature's turn, it Casts Snowstorm. After your creatures Attack a Frozen enemy, they Cast Shatter on it. This trait does not stack."
Alexandria,Avatar,Death,38,18,18,18,18,110,245,Gate of the Gods,Boundless Creativity,No Material Exists,"After a creature gains or loses stats, its allies gain or lose 15% of those stats as well. This trait does not stack."
Anneltha,Avatar,Nature,38,18,18,18,18,110,245,Gate of the Gods,Grandiose,No Material Exists,"At the end of your creatures' turns, their turn counter increases by 3 additional turns. In addition, your creatures act as if they have 3 more buffs, debuffs, and minions than they actually have. This trait does not stack."
Ariamaki,Avatar,Nature,38,18,18,18,18,110,245,Gate of the Gods,Twilight Zone,No Material Exists,"Enemies deal damage with attacks and spells using their lowest stat, rather than their Attack or Intelligence. In addition, enemies take damage from attacks and spells based on their lowest stat, rather than Defense."
Genaros,Avatar,Chaos,38,18,18,18,18,110,245,Gate of the Gods,Surge of Vitality,No Material Exists,"After your creatures Attack or are Attacked, they gain 20% Maximum Health. This trait does not stack."
Muse,Avatar,Life,38,18,18,18,18,110,245,Gate of the Gods,"Better, Faster, Stronger",No Material Exists,"Your creatures' minions repeat their effects twice. If they don't have an effect that can be repeated, they are instead 100% more powerful. This trait does not affect Illusion. This trait does not stack."
Reclusa,Avatar,Death,38,18,18,18,18,110,245,Gate of the Gods,Speculation,No Material Exists,"When your creatures Attack or Cast a spell, they have a 100% chance to do so 1 additional time. This effect can occur repeatedly, but the chance decreases by a multiplicative 25% each time. This trait does not stack."
4080,Avatar,Chaos,38,18,18,18,18,110,245,Gate of the Gods,Robotic Armor,No Material Exists,"Your creatures are resistant to debuffs. After your creatures are afflicted with a debuff, they have a 50% chance to gain Immune. This trait does not stack."
Shallan,Avatar,Life,38,18,18,18,18,110,245,Gate of the Gods,Fae Dust,No Material Exists,Your creatures deal 5% more damage with attacks and spells and take 5% less damage (up to 90%) for each time they've Attacked or Cast a spell in the current battle. This trait does not stack.
T'mere M'rgo,Avatar,Sorcery,38,18,18,18,18,110,245,Gate of the Gods,Gemcutter,No Material Exists,Your creatures' Ultimate Spell Gems cannot be sealed and do not consume Charges. Your creatures are immune to Silenced.
Impaler Banshee,Banshee,Death,30,16,16,16,26,104,64,Ariamaki God Shop (Favor Rank 11),Empowered Bone Spear,Impaler Doll,"At the start of battle, this creature gains Bone Spear. When this creature Casts this spell, it Casts 1 additional time and ignores 25% of the target's Defense."
Styx Banshee,Banshee,Death,31,16,16,16,26,105,64,Ariamaki God Shop (Favor Rank 18),Empowered Chain Lightning,Styx Doll,"At the start of battle, this creature gains Chain Lightning. When this creature Casts this spell, its damage increases rather than decreases with each bounce."
Tormented Banshee,Banshee,Death,30,15,17,17,27,106,64,Ariamaki God Shop (Favor Rank 25),Empowered Death Blossom,Tormented Doll,"At the start of battle, this creature gains Death Blossom. When this creature Casts this spell, it deals a moderate amount of damage instead of a small amount of damage."
Abyss Banshee,Banshee,Death,30,15,16,16,26,103,64,Ariamaki God Shop (Favor Rank 1),Empowered Death Siphon,Abyss Doll,"At the start of battle, this creature gains Death Siphon. When this creature Casts this spell, it doesn't kill the target."
Destruction Banshee,Banshee,Death,31,16,16,16,26,105,64,Ariamaki God Shop (Favor Rank 8),Empowered Fireball,Destruction Doll,"At the start of battle, this creature gains Fireball. When this creature Casts this spell, it has a 75% chance to Cast it 1 additional time. This effect can occur repeatedly."
Anguish Banshee,Banshee,Death,33,18,15,15,25,106,64,Ariamaki God Shop (Favor Rank 5),Empowered Magic Missile,Anguish Doll,"At the start of battle, this creature gains Magic Missile. When this creature Casts this spell, it Casts 3 additional times."
Savage Banshee,Banshee,Death,32,17,17,14,27,107,64,Ariamaki God Shop (Favor Rank 14),Empowered Savage Spores,Savage Doll,"At the start of battle, this creature gains Savage Spores. When this creature Casts this spell, it increases your creatures' Defense instead of decreasing it."
Valentine Banshee,Banshee,Death,31,16,16,16,26,105,64,Ariamaki God Shop (Favor Rank 28),Empowered Soul Sacrifice,Valentine Doll,"At the start of battle, this creature gains Soul Sacrifice. When this creature Casts this spell, it also affects enemies."
Phobos Banshee,Banshee,Death,31,11,26,16,21,105,415,Death Guild,Tempest,Phobos Doll,Your creatures' single target spells have a 20% chance to also be Cast on all the target's allies. This trait does not stack.
Bard Caroller,Bard,Sorcery,40,18,28,13,13,112,415,Sorcery Guild,Christmas Music Sucks,Caroller Gift,The potency of your creatures' non-damaging spells is based on their Barrier absorption instead of intelligence.
Bard Fool,Bard,Sorcery,42,17,27,12,12,110,90,"Unsullied Meadows, Blood Grove",Fable,Fool Harp,"At the start of battle, this creature's race becomes Godspawn. Your creatures deal 25% more damage for each Godspawn creature fighting on your side. This trait does not stack."
Bard Poet,Bard,Sorcery,40,18,28,13,13,112,45,"Unsullied Meadows, Blood Grove",Hymn of Guile,Poet Harp,Enemies cannot gain Invisible.
Bard Trovatore,Bard,Sorcery,39,17,27,12,12,107,60,"Unsullied Meadows, Blood Grove",Hymn of Panic,Trovatore Harp,"At the start of battle, the Timeline is shuffled randomly."
Bard Versifier,Bard,Sorcery,40,18,28,13,13,112,75,"Unsullied Meadows, Blood Grove",Hymn of Strength,Versifier Harp,"When your creatures lose stats, the amount lost is reduced by 50%. This trait does not stack."
Bard Balladeer,Bard,Sorcery,43,17,27,12,12,111,1,"Unsullied Meadows, Blood Grove",Song of Alacrity,Balladeer Harp,Your creatures' attacks deal 50% of their damage using Speed instead of Attack. This trait does not stack.
Bard Jongleur,Bard,Sorcery,39,17,27,12,12,107,15,"Unsullied Meadows, Blood Grove",Song of Resolve,Jongleur Harp,Your creatures' attacks deal 50% of their damage using Defense instead of Attack. This trait does not stack.
Bard Minstrel,Bard,Sorcery,42,17,27,12,12,110,30,"Unsullied Meadows, Blood Grove",Song of Wit,Minstrel Harp,Your creatures' attacks deal 50% of their damage using Intelligence instead of Attack. This trait does not stack.
Crashing Basilisk,Basilisk,Chaos,36,21,21,16,16,110,22,Vulcanar God Shop (Favor Rank 11),Awakening,Crashing Husk,"If this creature does not take damage from attacks or spells between each of its turns, each of your creatures Cast one of their Spell Gems at random."
Spitting Basilisk,Basilisk,Chaos,35,20,20,20,15,110,22,Vulcanar God Shop (Favor Rank 25),Heated Ichor,Spitting Husk,"If this creature does not take damage from attacks or spells between each of its turns, it deals damage to enemies equal to 50% of its Current Health."
Dormant Basilisk,Basilisk,Chaos,34,19,19,19,14,105,22,Vulcanar God Shop (Favor Rank 5),Here Until Forever,Dormant Husk,"If this creature does not take damage from attacks or spells between each of its turns, it recovers 100% Health and gains Rebirth."
Roaring Basilisk,Basilisk,Chaos,32,20,20,20,15,107,22,Vulcanar God Shop (Favor Rank 14),No Sudden Movement,Roaring Husk,"If this creature does not take damage from attacks or spells between each of its turns, it afflicts enemies with Snared and decreases their Speed by 30%."
Lurking Basilisk,Basilisk,Chaos,35,20,20,20,15,110,22,Vulcanar God Shop (Favor Rank 8),Run Free,Lurking Husk,"If this creature does not take damage from attacks or spells between each of its turns, it Attacks each enemy."
Stomping Basilisk,Basilisk,Chaos,35,20,20,20,15,110,22,Vulcanar God Shop (Favor Rank 18),Sap,Stomping Husk,"If this creature does not take damage from attacks or spells between each of its turns, this creature Seals all the enemies' Spell Gems."
Ethereal Basilisk,Basilisk,Chaos,34,19,19,19,14,105,22,Vulcanar God Shop (Favor Rank 1),Sluice,Ethereal Husk,"If this creature does not take damage from attacks or spells between each of its turns, it Casts 3 of its Spell Gems at random."
Angel Bat,Bat,Life,27,17,17,17,27,105,415,Life Guild,Amongst Gods,Angel Bat Wings,"After an ally Attacks, this creature has a 20% chance to resurrect one of your creatures with 50% Health. This trait does not stack."
Vampire Bat,Bat,Chaos,26,23,13,13,28,103,30,"Great Pandemonium, Arachnid Nest, Damarel",Blood Sucker,Vampire Bat Wings,"After an ally Attacks, this creature recovers Health equal to 100% of the damage dealt."
Crypt Bat,Bat,Chaos,28,23,13,13,28,105,22,"Great Pandemonium, Arachnid Nest, Damarel",Bombardment,Crypt Bat Wings,"After an ally Attacks, this creature deals damage to the target equal to 35% of its Attack."
Mutated Crypt Bat,Bat,Chaos,27,22,12,13,27,101,75,"Great Pandemonium, Arachnid Nest, Damarel",Cloud of Bats,Mutated Crypt Bat Wings,"After an ally Attacks, this creature has a 50% chance to attack the same target."
Death Bat,Bat,Chaos,27,12,27,12,27,105,90,"Great Pandemonium, Arachnid Nest, Damarel",Dark Passenger,Death Bat Wings,"After an ally Attacks, this creature has a 35% chance to Cast Necrosis."
Pulse Bat,Bat,Chaos,27,22,12,13,28,102,22,"Great Pandemonium, Arachnid Nest, Damarel",Echolocation,Pulse Bat Wings,"After an ally Attacks, this creature gains 7% Speed."
Mutated Pulse Bat,Bat,Chaos,27,23,13,13,28,104,60,"Great Pandemonium, Arachnid Nest, Damarel",Screeching Barrage,Mutated Pulse Bat Wings,"After an ally Attacks, this creature deals damage to enemies equal to 25% of its Speed."
Slurping Bat,Bat,Chaos,23,23,13,13,28,100,105,"Great Pandemonium, Arachnid Nest, Damarel",Sluuurp!,Slurping Bat Wings,"After an ally Attacks, this creature afflicts the enemy with a random debuff."
Mutated Vampire Bat,Bat,Chaos,27,22,12,13,28,102,45,"Great Pandemonium, Arachnid Nest, Damarel",Vampiric Aura,Mutated Vampire Bat Wings,"After an ally Attacks, your creatures recover Health equal to 25% of the damage dealt."
Atlas Beacon,Beacon,Life,36,16,18,18,18,106,19,"Refuge of the Magi, Land of Breath & Balance",Heavy Weighs The Crown,Tyrant's Lantern,Your Chaos creatures and Beacon creatures always have Animated Gem.
Luna Beacon,Beacon,Life,38,18,18,18,18,110,19,"Refuge of the Magi, Land of Breath & Balance",Forbearance Forgone,Stoic's Lantern,"Your Sorcery creatures and Beacon creatures always have Protected. After an enemy Sorcery creature Casts a spell, that Spell Gem is Sealed and this creature's Spell Gems gain 1 Charge."
Lappet Beacon,Beacon,Life,38,18,18,18,18,110,30,"Refuge of the Magi, Land of Breath & Balance",Due Recompense,Predator's Lantern,"Your Nature creatures and Beacon creatures always have Leeching. When an enemy Nature creature would gain a stat, it loses that stat instead."
Deathshead Beacon,Beacon,Life,32,18,18,18,18,104,45,"Refuge of the Magi, Land of Breath & Balance",Pendulum's Return,Desecrator's Lantern,"Your Death creatures and Beacon creatures always have Agile. When an enemy Death creature would afflict your creatures with a debuff, they afflict them with a buff instead."
Pellucid Beacon,Beacon,Life,38,18,18,18,18,110,60,"Refuge of the Magi, Land of Breath & Balance",Purity and Emptiness,Zealot's Lantern,"Your Life creatures and Beacon creatures always have Berserk. When an enemy Life creature would heal one of its allies, it heals one of your creatures instead."
Rosy Beacon,Beacon,Life,38,18,18,18,18,110,75,"Refuge of the Magi, Land of Breath & Balance",Eternal Reprieve,Mendicant's Lantern,"At the start of each of your creatures' turns, all of your creatures have a 25% chance to recover 20% Health. This trait does not stack."
Calumnier Belle,Calumnier,Death,35,25,20,20,20,120,64,Overgrown Temple,One Of Us Must Change,Liar's Hoopskirt,This creature deals 200% more damage to enemies with the same Personalities that increase the same stats as this creature's Personality.
Calumnier Bete,Calumnier,Death,32,25,20,15,18,110,64,Overgrown Temple,Spite Match,Liar's Hand Mirror,"Enemies cannot gain this creature's Personality-decreased stats, and this creature Attacks enemies when this would happen."
Calumnier Dandy,Calumnier,Death,32,25,20,20,23,120,64,Overgrown Temple,Stolen Valor,Liar's Uniform,Your creatures cannot lose extra traits and Spell Gems in battle.
Calumnier Fop,Calumnier,Death,35,20,25,20,20,120,64,Overgrown Temple,False Bravado,Liar's Moustache,Your creatures gain 100% more benefit from their Personalities. This trait does not stack.
Calumnier Partycrasher,Calumnier,Death,32,25,20,15,18,110,64,Overgrown Temple,Su Casa Es Mi Casa,Liar's Invitation,This creature deals 200% more damage to enemies with the same Personalities that decrease the same stats as this creature's Personality.
Calumnier Socialite,Calumnier,Death,35,20,20,25,20,120,64,Overgrown Temple,Load-Bearing Makeup,Liar's Lipstick,Your creatures' Personality-increased stats cannot be decreased.
Brownie Trickster,Brownie,Nature,36,21,16,16,21,110,16,"The Swamplands, Fae Lands",Brain Bash,Trickster Maul,"After this creature Attacks, the target has a 100% chance and the enemies adjacent to the target have a 50% chance to be afflicted with Confused."
Brownie Loner,Brownie,Nature,34,21,16,16,21,108,105,"The Swamplands, Fae Lands",Independence,Loner Maul,"This creature's attacks always deal critical damage. In addition, this creature has an independent 30% chance to dodge attacks."
Shogun,Brownie,Nature,36,21,16,16,21,110,90,"The Swamplands, Fae Lands",Kirisute Gomen,Shogun Maul,"After this creature Attacks, and the damage exceeds 25% of the target's Maximum Health, this creature and the enemy are killed."
Blademaster,Brownie,Nature,36,21,16,16,21,110,75,"The Swamplands, Fae Lands",Overkill,Blademaster Maul,"After this creature Attacks, and the damage exceeds 35% of the target's Maximum Health, enemies take 70% of this damage as well."
Brownie Mauler,Brownie,Nature,33,21,16,16,21,107,16,"The Swamplands, Fae Lands",Sweeping Smash,Mauler Maul,"After this creature Attacks, it deals 70% of the damage dealt to adjacent enemies."
Brownie Brute,Brownie,Nature,37,22,17,15,20,111,60,"The Swamplands, Fae Lands",Ultimatum,Brute Maul,"After this creature Attacks, it deals damage to the target and enemies adjacent to the target equal to 50% of this creature's Current Health."
Brownie Captain,Brownie,Nature,35,20,15,15,20,105,30,"The Swamplands, Fae Lands",Wallop,Captain Maul,"After this creature Attacks, it decreases the Defense of the target and enemies adjacent to the target by 30%."
Brownie Enforcer,Brownie,Nature,35,20,15,15,20,105,45,"The Swamplands, Fae Lands",Wrecking Ball,Enforcer Maul,"After this creature Attacks, it afflicts the target with Vulnerable and Stone."
Topaz Carbuncle,Carbuncle,Sorcery,38,13,23,13,23,110,60,Temple of Lies (Horseshoes),Absolute Power,Topaz Trinket,This creature's attacks deal 5% more damage for each spell that has been Cast by all creatures in the current battle.
Ruby Carbuncle,Carbuncle,Sorcery,35,13,23,13,23,107,45,Temple of Lies (Horseshoes),Annex,Ruby Trinket,This creature has 5% more Intelligence for each spell that has been Cast by all creatures in the current battle.
Onyx Carbuncle,Carbuncle,Sorcery,38,13,23,13,23,110,30,Temple of Lies (Horseshoes),Magic Barrier,Onyx Trinket,"If your creatures have Cast a total of 12 or more spells in the current battle, your creatures are immune to debuffs."
Sapphire Carbuncle,Carbuncle,Sorcery,31,13,23,13,23,103,75,Temple of Lies (Horseshoes),Nirvana,Sapphire Trinket,"If your creatures have Cast a total of 7 or more spells in the current battle, this creature's spells are 50% more potent and no longer consume Charges."
Emerald Carbuncle,Carbuncle,Sorcery,35,13,23,13,23,107,28,Temple of Lies (Horseshoes),Paramount,Emerald Trinket,"After this creature takes damage, it has a 2% chance to Cast one of its spells for each spell that has been Cast by all creatures in the current battle. This trait can only activate once per turn."
Aquamarine Carbuncle,Carbuncle,Sorcery,35,13,23,13,23,107,28,Temple of Lies (Horseshoes),Thirst For Power,Aquamarine Trinket,"After your creatures Cast a spell, they have a 7% chance to gain a random buff for each spell that has been Cast by all creatures in the current battle. This trait does not stack."
Shadow Carnage,Carnage,Death,36,26,11,11,21,105,52,"Torture Chamber, Bastion of the Void, Overgrown Temple",Augmentation,Shadow Exoskeleton,"After this creature kills a creature, your creatures gain a random buff for each buff, debuff, and minion the target had before it died."
Rotten Carnage,Carnage,Death,41,26,11,11,21,110,52,"Torture Chamber, Bastion of the Void, Overgrown Temple",Consumption,Rotten Exoskeleton,"After this creature kills a creature, it gains 35% of the target's Attack, Intelligence, Defense, and Speed."
Carnage Tormenter,Carnage,Death,40,25,10,11,21,107,60,"Torture Chamber, Bastion of the Void, Overgrown Temple",Deadly Instincts,Tormenter Exoskeleton,"After this creature kills an enemy, it deals damage to all other enemies equal to 75% of this creature's Current Health."
Carnage Antagonizer,Carnage,Death,37,27,12,12,22,110,52,"Torture Chamber, Bastion of the Void, Overgrown Temple",Demoralize,Antagonizer Exoskeleton,"After this creature kills a creature, it reduces all enemies' Defense by 50%."
Fallen Carnage,Carnage,Death,43,28,13,6,23,113,52,"Torture Chamber, Bastion of the Void, Overgrown Temple",Midnight Feast,Fallen Exoskeleton,"After this creature kills a creature, it recovers 100% Health and takes another turn. This trait only allows the creature to take an additional turn once at a time."
Carnage Devourer,Carnage,Death,40,25,12,12,22,111,90,"Torture Chamber, Bastion of the Void, Overgrown Temple",Rapid Digestion,Devourer Exoskeleton,"After this creature kills a creature, it gains 5 random buffs."
Carnage Destructor,Carnage,Death,40,26,11,11,21,109,75,"Torture Chamber, Bastion of the Void, Overgrown Temple",Rend and Tear,Destructor Exoskeleton,"After this creature kills an enemy, it Attacks the creatures adjacent to it for 100% more damage."
Carver Heartseeker,Carver,Chaos,30,20,20,15,20,105,60,"Torture Chamber, Caustic Reactor, Kingdom of Heretics",Betrayal,Heartseeker Shiv,"After one of your creatures is damaged and their Health falls below 40%, this creature kills it and gains 100% of its Attack, Intelligence, Defense, and Speed."
Wicked Carver,Carver,Chaos,27,20,20,15,20,102,7,"Torture Chamber, Caustic Reactor, Kingdom of Heretics",Cold Blood,Wicked Shiv,"When this creature deals damage, it deals between 50% and 250% normal damage."
Feral Carver,Carver,Chaos,27,23,13,23,18,104,415,Chaos Guild,Confrontation,Feral Shiv,"At the start of this creature's turn, it Attacks a random enemy for 50% normal damage. Then, that enemy Attacks this creature."
Carver Chopper,Carver,Chaos,28,21,21,16,21,107,90,"Torture Chamber, Caustic Reactor, Kingdom of Heretics",Eradication,Chopper Shiv,Your creatures have an independent 25% chance to deal critical damage with attacks for each debuff the enemy has. This trait does not stack.
Twisted Carver,Carver,Chaos,30,20,20,15,20,105,15,"Torture Chamber, Caustic Reactor, Kingdom of Heretics",Peekaboo!,Twisted Shiv,"This creature can target Invisible creatures, and your creatures deal 150% more damage to Invisible creatures. This trait does not stack."
Demented Carver,Carver,Chaos,30,20,20,15,20,105,30,"Torture Chamber, Caustic Reactor, Kingdom of Heretics",Roulette,Demented Shiv,"When this creature Attacks, it has a 50% chance to deal no damage and heal all your creatures for the amount of damage it would have dealt. Otherwise, it deals 50% more damage."
Carver Shadowstalker,Carver,Chaos,32,22,22,12,17,105,75,"Torture Chamber, Caustic Reactor, Kingdom of Heretics",Subversion,Shadowstalker Shiv,This creature's attacks deal 75% more damage and afflict the target with Disarmed.
Carver Sadist,Carver,Chaos,30,20,20,15,20,105,45,"Torture Chamber, Caustic Reactor, Kingdom of Heretics",Wild Stabs,Sadist Shiv,"After this creature Defends, it Attacks enemy creatures at random for 50% normal damage. This effect happens 3 to 5 times."
Almighty Cataclysm,Cataclysm,Nature,40,25,25,25,25,140,64,Land of Breath & Balance,Wrath of the Almighty,Almighty Eye Shard,"At the end of each creature's turn, this creature has a 10% chance to cast Death and Destruction."
Cosmic Cataclysm,Cataclysm,Nature,42,25,25,25,23,140,64,Land of Breath & Balance,Wrath of the Cosmos,Cosmic Eye Shard,"At the end of each creature's turn, this creature has a 10% chance to cast Kilonova."
Explosive Cataclysm,Cataclysm,Nature,35,28,20,15,22,120,64,Land of Breath & Balance,Wrath of the Great War,Explosive Eye Shard,"At the end of each creature's turn, this creature has a 10% chance to cast Grand Explosion."
Glacial Cataclysm,Cataclysm,Nature,38,15,25,25,17,120,64,Land of Breath & Balance,Wrath of the Glacier,Glacial Eye Shard,"At the end of each creature's turn, this creature has a 10% chance to cast Icicle Rain."
Nuclear Cataclysm,Cataclysm,Nature,38,28,28,15,11,120,64,Land of Breath & Balance,Wrath of Humanity,Nuclear Eye Shard,"At the end of each creature's turn, this creature has a 10% chance to cast Nuclear Blast."
Oceanic Cataclysm,Cataclysm,Nature,42,15,25,25,13,120,64,Land of Breath & Balance,Wrath of the Ocean,Oceanic Eye Shard,"At the end of each creature's turn, this creature has a 10% chance to cast Mega Tsunami."
Pandemic Cataclysm,Cataclysm,Nature,35,15,28,20,22,120,64,Land of Breath & Balance,Wrath of the Pandemic,Pandemic Eye Shard,"At the end of each creature's turn, this creature has a 10% chance to cast Cloud of Anguish."
Sky Cataclysm,Cataclysm,Nature,38,20,25,20,17,120,64,Land of Breath & Balance,Wrath of the Sky,Sky Eye Shard,"At the end of each creature's turn, this creature has a 10% chance to cast EF5 Tornado."
Storm Cataclysm,Cataclysm,Nature,35,20,25,15,25,120,64,Land of Breath & Balance,Wrath of the Storm,Storm Eye Shard,"At the end of each creature's turn, this creature has a 10% chance to cast Raiden."
Terra Cataclysm,Cataclysm,Nature,45,20,15,28,12,120,64,Land of Breath & Balance,Wrath of the Earth,Terra Eye Shard,"At the end of each creature's turn, this creature has a 10% chance to cast Richter 10."
Volcanic Cataclysm,Cataclysm,Nature,40,25,20,20,15,120,64,Land of Breath & Balance,Wrath of the Volcano,Volcanic Eye Shard,"At the end of each creature's turn, this creature has a 10% chance to cast Magma Shower."
Centaur Raider,Centaur,Nature,36,21,16,16,21,110,45,"Unsullied Meadows, Blood Grove",Anticipation,Raider Tuft,"After an enemy is killed, this creature Attacks random enemies 3 times."
Centaur Runner,Centaur,Nature,33,21,16,16,21,107,60,"Unsullied Meadows, Blood Grove",Infinite Struggle,Runner Tuft,"After this creature Attacks, it has a 25% chance to continue Attacking the target for each debuff it has."
Centaur Ranger,Centaur,Nature,36,21,16,11,21,105,1,"Unsullied Meadows, Blood Grove",On The Rocks,Ranger Tuft,"When this creature Attacks, it Attacks an additional number of times equal to the number of spells your creatures Casted since it last Attacked."
Centaur Warrior,Centaur,Nature,35,20,15,15,20,105,15,"Unsullied Meadows, Blood Grove",Paradigm,Warrior Tuft,"After this creature is Attacked, it Attacks the enemy."
Centaur Chaser,Centaur,Nature,33,21,16,16,21,107,75,"Unsullied Meadows, Blood Grove",Square Nothing,Chaser Tuft,"After this creature Attacks, it deals 60% of the damage dealt to each enemy that has at least one of the same debuffs as its target."
Centaur Wrangler,Centaur,Nature,35,20,15,15,20,105,30,"Unsullied Meadows, Blood Grove",Sunny Disposition,Wrangler Tuft,"After an enemy Casts a spell, this creature Attacks it."
Centaur Duelist,Centaur,Nature,36,21,16,16,21,110,90,"Unsullied Meadows, Blood Grove",Touch of Red,Duelist Tuft,"When your creatures Attack an enemy multiple times in a row on the same turn, the damage of all their attacks is increased by 25% for each attack. This trait does not stack."
Centaur Khan,Centaur,Nature,31,21,21,12,22,107,415,Nature Guild,War Stomp,Khan Tuft,"After this creature deals critical damage, it deals 20% of this damage to all other enemies."
Cerberus Gatewatcher,Cerberus,Chaos,36,16,21,21,16,110,45,"Great Pandemonium, Overgrown Temple",Abaddon's Boon,Gatewatcher Chain,"This creature can't Cast spells manually. After this creature Defends, it Casts one of its spells that can target all your creatures."
Lightning Cerberus,Cerberus,Chaos,34,14,21,21,16,106,75,"Great Pandemonium, Overgrown Temple",Burst of Power,Lightning Chain,"This creature can't Cast spells manually. After this creature Attacks, each of its non-Ethereal Spell Gems have a 20% chance to be cast."
Caustic Cerberus,Cerberus,Chaos,35,15,20,20,15,105,22,"Great Pandemonium, Overgrown Temple",Channeling,Caustic Chain,"This creature can't Cast spells manually. Your creatures have 5% more Attack, Intelligence, Speed, Defense, or Health for each non-Ethereal Chaos, Sorcery, Nature, Death, or Life Spell Gem this creature has equipped. This trait does not stack."
Cerberus Hellguard,Cerberus,Chaos,32,12,23,23,18,108,60,"Great Pandemonium, Overgrown Temple",Hellblast,Hellguard Chain,"This creature can't Cast spells manually. After this creature Provokes, it Casts one of its spells that can target all enemy creatures."
Ashmouth Cerberus,Cerberus,Chaos,36,16,21,21,16,110,22,"Great Pandemonium, Overgrown Temple",Spell Tap,Ashmouth Chain,"This creature can't Cast spells manually, but can equip 3 extra Spell Gems. At the start of battle, your creatures gain copies of this creature's non-Ethereal Spell Gems. This trait does not stack."
Cerberus Banelord,Cerberus,Chaos,34,14,19,22,17,106,30,"Great Pandemonium, Overgrown Temple",Wrath of the Underworld,Banelord Chain,"This creature can't Cast spells manually. After this creature takes damage from any source, it has a 30% chance to Cast one of its spells."
Bound Cerberus,Cerberus,Chaos,35,15,20,20,15,105,90,"Great Pandemonium, Overgrown Temple",Zero to One,Bound Chain,"This creature can't Cast spells manually. After this creature Attacks, it Casts one of its single-target spells on the target."
Bhasa Cherub,Cherub,Life,41,16,21,11,21,110,25,"Azure Dream, Land of Breath & Balance",Great Conjunction,Radiant Energy,"After your creatures are killed, they have a 25% chance to be resurrected with 50% Health and a Barrier that absorbs damage equal to 50% of their Maximum Health. This trait does not stack."
Surya Cherub,Cherub,Life,41,16,21,11,21,110,25,"Azure Dream, Land of Breath & Balance",Triple Suns,Blazing Energy,"Your creatures take 90% less damage from Bleeding, Poisoned, Burning, and Bomb."
Preta Cherub,Cherub,Life,38,16,21,11,21,107,30,"Azure Dream, Land of Breath & Balance",Sundered and Undone,Sinister Energy,"When your creatures with Barrier take damage, the Barrier shatters, dealing damage to enemies equal to 35% of its potency. This trait does not stack."
Vipina Cherub,Cherub,Life,42,17,21,11,21,112,45,"Azure Dream, Land of Breath & Balance",The Two Made One,Floral Energy,Your creatures' Barrier buffs have 50% more maximum absorption. This trait does not stack.
Chandra Cherub,Cherub,Life,40,15,20,13,20,108,60,"Azure Dream, Land of Breath & Balance",By My Hand,Celestine Energy,"When your creatures damage enemies with Shelled, all subsequent effects such as on-attack or on-cast effects are no longer prevented."
Nisha Cherub,Cherub,Life,43,18,23,8,18,110,75,"Azure Dream, Land of Breath & Balance",Or Else By None,Negative Energy,"After this creature Provokes, its Barrier shatters, dealing damage to enemies equal to 50% of its potency and healing your creatures for the same amount."
Arcana Chimera,Chimera,Sorcery,34,14,14,22,22,106,64,T'Mere M'rgo God Shop (Favor Rank 1),Eldritch Creation,Impossible Recipe,"At the start of battle, your creatures gain 2 Spell Gems that corresponds to their Fused creature's class. This trait does not stack."
Blessed Chimera,Chimera,Sorcery,37,17,17,20,20,107,64,T'Mere M'rgo God Shop (Favor Rank 5),Raging Spirit,Orthodox Recipe,"After your creatures are killed, they have a 35% chance to be resurrected with 50% Health and gain a random trait that belongs to their Fused creature's race. This trait does not stack."
Draco Chimera,Chimera,Sorcery,33,16,16,21,21,107,64,T'Mere M'rgo God Shop (Favor Rank 8),Divine Form,Complicated Recipe,Your creatures start battles with 100% more of whatever stat corresponds to their Fused creature's class. This trait does not stack.
Undying Chimera,Chimera,Sorcery,33,16,16,21,21,107,64,T'Mere M'rgo God Shop (Favor Rank 11),Appreciation For Ancestry,Forbidden Recipe,Your creatures deal 75% more damage and take 50% less damage from creatures that belong to their Fused creature's class. This trait does not stack.
Valor Chimera,Chimera,Sorcery,36,16,16,21,21,110,64,T'Mere M'rgo God Shop (Favor Rank 14),Valiant Heart,Hidden Recipe,Your creatures Attack and Cast 1 additional time for each creature with the same secondary Fusion fighting on your side. This trait does not stack.
Wylder Chimera,Chimera,Sorcery,35,15,15,20,20,105,64,T'Mere M'rgo God Shop (Favor Rank 18),Fairy Blood,Natural Recipe,"At the start of battle, your creatures gain a random trait that belongs to their Fused creature's class. This trait does not stack."
Experimental Clockwork,Clockwork,Sorcery,29,19,19,19,19,105,64,Damarel (Cog Pile),Autonomous Attack,Neural Attack Implant,"At the start of this creature's turn, it gains 10% Attack plus 10% of the total amount of Attack it has received in the current battle."
Foghorn Clockwork,Clockwork,Sorcery,30,20,18,18,18,104,64,Damarel (Cog Pile),Autonomous Intelligence,Neural Intelligence Implant,"At the start of this creature's turn, it gains 10% Intelligence plus 10% of the total amount of Intelligence it has received in the current battle."
Industrial Clockwork,Clockwork,Sorcery,31,21,21,16,16,105,64,Damarel (Cog Pile),Autonomous Speed,Neural Speed Implant,"At the start of this creature's turn, it gains 10% Speed plus 10% of the total amount of Speed it has received in the current battle."
Siege Clockwork,Clockwork,Sorcery,30,20,18,18,18,104,64,Damarel (Cog Pile),Autonomous Defense,Neural Defense Implant,"At the start of this creature's turn, it gains 10% Defense plus 10% of the total amount of Defense it has received in the current battle."
Battle Clockwork,Clockwork,Sorcery,27,17,17,20,20,101,64,Damarel (Cog Pile),Autonomous Health,Neural Health Implant,"At the start of this creature's turn, it gains 10% Maximum Health plus 10% of the total amount of Maximum Health it has received in the current battle."
War Clockwork,Clockwork,Sorcery,29,19,19,18,18,103,75,Damarel (Cog Pile),Autonomous Network,Neutral Hive Network Implant,"After your Clockwork creatures' innate traits activate, your other creatures gain 10% of these stats as well. This trait does not stack."
Static Clutcher,Clutcher,Chaos,28,20,20,10,25,103,90,Titan's Wound (Effigies),Brain Zap,Static Finger,"After an enemy dodges an attack, enemies are afflicted with Confused."
Venomous Clutcher,Clutcher,Chaos,30,20,20,13,25,108,60,Titan's Wound (Effigies),Contagion,Venomous Finger,"After an enemy dodges, this creature afflicts it with Poisoned and Silenced."
Whiptail Clutcher,Clutcher,Chaos,28,18,21,11,26,104,105,Titan's Wound (Effigies),Lash,Whiptail Finger,"After an enemy dodges an attack, they take damage equal to 30% of their Current Health. This trait does not stack."
Doom Clutcher,Clutcher,Chaos,33,23,18,8,23,105,75,Titan's Wound (Effigies),Pain Flurry,Doom Finger,"After an enemy dodges, this creature Casts a random spell from each class."
Vital Clutcher,Clutcher,Chaos,30,20,20,10,25,105,15,Titan's Wound (Effigies),Seize,Vital Finger,"After an enemy dodges, this creature afflicts it with Stone and Snared."
Deep Clutcher,Clutcher,Death,38,18,15,15,25,111,415,Death Guild,Shadowmeld,"Deep Finger, Heh",Your creatures have an independent 10% chance to dodge for each debuff the enemy has. This trait does not stack.
Necrotic Clutcher,Clutcher,Chaos,30,20,20,10,25,105,10,Titan's Wound (Effigies),Smack Around,Necrotic Finger,"After an enemy dodges an attack from one of your other creatures, this creature Attacks the enemy 2 times."
Ethereal Clutcher,Clutcher,Chaos,27,20,20,10,25,102,45,Titan's Wound (Effigies),Sticky Fingers,Ethereal Finger,"After an enemy dodges, this creature decreases its Speed by 50%."
Flamegrip Clutcher,Clutcher,Chaos,30,20,20,10,25,105,30,Titan's Wound (Effigies),Vehemence,Flamegrip Finger,"After an enemy dodges, this creature afflicts it with Burning and Scorned."
Cold Cockatrice,Cockatrice,Chaos,38,18,18,18,18,110,34,"Arachnid Nest, Gambler's Hive, Amalgam Gardens",Blending In,Cold Comb,"At the start of battle, the classes of the last 3 creatures in your party are changed to that of the first creature in your party."
Contagious Cockatrice,Cockatrice,Chaos,38,18,18,18,18,110,75,"Arachnid Nest, Gambler's Hive, Amalgam Gardens",Cock-a-doodle-doo,Contagious Comb,"At the start of battle, your Cockatrice creatures gain a random Cockatrice trait. This trait does not stack."
Clamorous Cockatrice,Cockatrice,Chaos,38,18,18,18,18,110,34,"Arachnid Nest, Gambler's Hive, Amalgam Gardens",Odd One,Cacophonous Comb,"Your creatures' traits, spells, and other effects that are affected by the number of creatures that belong to a certain race act as if they have 2 more of those creatures fighting on your side. This trait does not stack."
Clawing Cockatrice,Cockatrice,Chaos,36,16,18,18,18,106,60,"Arachnid Nest, Gambler's Hive, Amalgam Gardens",Outcast No Longer,Clawing Comb,"At the start of battle, the races of the last 3 creatures in your party are changed to that of the first creature in your party."
Carrion Cockatrice,Cockatrice,Chaos,35,18,18,18,18,107,45,"Arachnid Nest, Gambler's Hive, Amalgam Gardens",Strength In Numbers,Carrion Comb,"Your creatures' traits, spells, and other effects that are affected by the number of creatures that belong to a certain class act as if they have 2 more of those creatures fighting on your side. This trait does not stack."
Cave Cockatrice,Cockatrice,Chaos,38,18,18,18,18,110,34,"Arachnid Nest, Gambler's Hive, Amalgam Gardens",Weird Dance,Cave Comb,"At the start of battle, this creature gains 2 random traits that belong to the same race as the first creature in your party."
Blobbarian,Concoction,Chaos,34,19,19,22,12,106,7,Caustic Reactor (Oozes),Acid Body,Blobbarian Gel,"After this creature is Attacked, it afflicts the enemy with Disarmed and Seals one of their Spell Gems."
Mystery Mucus,Concoction,Chaos,33,21,21,21,11,107,45,Caustic Reactor (Oozes),Dissolve,Mystery Gel,Enemies that are Disarmed have a 50% chance for their Attacks to fail. This trait does not stack.
Gooarrior,Concoction,Chaos,35,20,20,20,10,105,30,Caustic Reactor (Oozes),Overcome,Gooarrior Gel,"After this creature attacks, its Artifact's Spell Slot has an independent 50% chance to activate."
Sludgechemist,Concoction,Chaos,35,20,20,20,10,105,60,Caustic Reactor (Oozes),Reticence,Sludgechemist Gel,Enemies gain 35% less benefit from their Artifacts' Stat Slots (other than Health). This trait does not stack.
Gloopidator,Concoction,Chaos,34,19,22,22,12,109,15,Caustic Reactor (Oozes),Squelch,Gloopidator Gel,"After an enemy is afflicted with Disarmed, they are also afflicted with Scorned or Silenced, depending on whether their Attack or Intelligence is higher. This trait does not stack."
Swordslime,Concoction,Chaos,37,21,21,21,11,111,75,Caustic Reactor (Oozes),Yuck,Swordslime Gel,Enemies that are Disarmed cannot dodge or deal critical damage.
Magma Construct,Construct,Chaos,33,25,15,20,15,108,52,Arena Shop (Rank 25),Chaos Through Creation,Magma Soul,"After this creature Attacks, it Casts a Living Lance spell that matches the target's class."
Heavenshield Construct,Construct,Life,27,17,22,22,17,105,52,Arena Shop (Rank 15),Defiance,Heavenshield Soul,"At the start of battle, this creature and the creatures adjacent to it Cast a random Living Shield spell."
Redsteel Construct,Construct,Chaos,32,27,14,19,14,106,52,Arena Shop (Rank 1),Feed the Fire,Redsteel Soul,Your creatures have 20% more Attack for each time any of your creatures have manually Cast an Arsenal Spell in the current battle. This trait does not stack.
Nightveil Construct,Construct,Death,38,13,23,16,18,108,52,Arena Shop (Rank 5),Forsaken Horizon,Nightveil Soul,"This creature can Cast Arsenal Spells without consuming Charges, and these spells are Cast 2 additional times."
Astro Construct,Construct,Sorcery,31,16,21,21,16,105,52,Arena Shop (Rank 45),Helix,Astro Soul,Your creatures have 20% more Defense for each non-Ethereal Arsenal Spell they have equipped. This trait does not stack.
Skywatch Construct,Construct,Life,28,13,23,23,18,105,52,Arena Shop (Rank 20),I Am Above,Skywatch Soul,"After one of your creatures manually Casts an Arsenal Spell, your other creatures' Artifacts have a 35% chance to Cast the spell in their Spell Slot. This trait does not stack."
Willow Construct,Construct,Nature,33,23,18,18,13,105,52,Arena Shop (Rank 40),Justice For None,Willow Soul,"When your creatures are afflicted with a debuff, they have a 25% chance to Cast Living Helmet. This trait does not stack."
Silverbone Construct,Construct,Death,37,12,22,22,17,110,52,Arena Shop (Rank 10),Masquerade,Silverbone Soul,"At the start of battle, your creatures gain 2 random Arsenal Spells. This trait does not stack."
Treewall Construct,Construct,Nature,30,20,20,20,15,105,52,Arena Shop (Rank 30),Safety Pin,Treewall Soul,"After this creature is damaged by an attack or spell, it has a 30% chance to Cast Living Armor. After this creature Attacks, it Casts Living Axe."
Bloodmail Construct,Construct,Sorcery,31,16,21,21,16,105,52,Arena Shop (Rank 35),Stay Inspired,Bloodmail Soul,Your creatures have 20% more Intelligence for each time any of your creatures have manually Cast an Arsenal Spell in the current battle. This trait does not stack.
Frostbite Cruncher,Cruncher,Sorcery,38,23,18,23,8,110,30,Temple of Lies (Gem Dust),Munch,Frostbite Carapace,"After this creature Attacks, it Seals one of the target's Spell Gems and gains 20% Attack."
Elder Cruncher,Cruncher,Sorcery,38,23,18,23,8,110,28,Temple of Lies (Gem Dust),No Prayers,Elder Carapace,"When this creature Attacks, it deals 15% more damage for each Sealed Spell Gem the target has."
Prismatic Cruncher,Cruncher,Sorcery,38,23,18,23,8,110,75,Temple of Lies (Gem Dust),Relish the Kill,Rainbow Carapace,"After this creature kills an enemy, it Seals the enemy's Spell Gems and gains 20% Attack and 10% Defense for each Spell Gem it sealed."
Bloodstone Cruncher,Cruncher,Sorcery,35,23,18,23,8,107,28,Temple of Lies (Gem Dust),Shellshock,Bloodsucker Carapace,"After this creature is Attacked, it Seals one of the target's Spell Gems and Provokes."
Jewel Cruncher,Cruncher,Sorcery,38,23,18,23,8,110,60,Temple of Lies (Gem Dust),Shorted Out,Treasure Carapace,"After this creature is affected by an enemy's spell, it Seals the Spell Gem and gains a copy of it."
Possessed Cruncher,Cruncher,Sorcery,35,23,18,23,8,107,45,Temple of Lies (Gem Dust),Something To Complain About,Possessed Carapace,Enemies deal 10% less damage for each Sealed Spell Gem they have.
Dusk Crusader,Crusader,Life,32,27,17,18,12,106,30,"Frostbite Caverns, Eternity's End, Forgotten Lab",Amalgamy,Dusk Hammer,"After this creature Attacks, it gains 30% Defense."
Sun Crusader,Crusader,Life,33,28,18,15,13,107,75,"Frostbite Caverns, Eternity's End, Forgotten Lab",Bathed in Light,Sun Hammer,"After this creature Attacks, it recovers 75% Health."
Blood Crusader,Crusader,Life,32,27,17,17,12,105,4,"Frostbite Caverns, Eternity's End, Forgotten Lab",Blood Weapon,Blood Hammer,"This creature always has Mending and Leeching, and this creature receives 100% more healing from all sources."
Holy Crusader,Crusader,Life,28,28,18,18,13,105,45,"Frostbite Caverns, Eternity's End, Forgotten Lab",Faith's Armor,Holy Hammer,"After this creature Attacks or is Attacked, it gains Shelled."
Mist Crusader,Crusader,Life,33,28,18,12,13,104,60,"Frostbite Caverns, Eternity's End, Forgotten Lab",Galvanization,Mist Hammer,"After this creature Attacks, it gains a Barrier that absorbs damage equal to 50% of its Health."
Heretic Crusader,Crusader,Sorcery,30,20,21,16,16,103,415,Sorcery Guild,Inner Force,Heretic Hammer,Your creatures deal additional damage with attacks and spells equal to 50% of the potency of their Barrier.
Moon Crusader,Crusader,Life,28,28,18,18,13,105,90,"Frostbite Caverns, Eternity's End, Forgotten Lab",Lunar Ending,Moon Hammer,"After this creature Attacks, it has a 75% chance to Cast Holy Smite. Otherwise, it Casts Holy Nova."
Dawn Crusader,Crusader,Life,31,26,18,18,13,106,15,"Frostbite Caverns, Eternity's End, Forgotten Lab",Royal Authority,Dawn Hammer,"This creature always has Protected and Repelling, and Defends at the end of its turn."
Ceaseless Maker,Demigod,Life,35,20,20,17,15,107,25,"Azure Dream, Astral Gallery",Anomaly,Ceaseless Crown,The damage this creature deals with attacks and spells is based on its Defense rather than its Attack or Intelligence. This creature deals 50% less damage.
Infinite Lord,Demigod,Life,35,20,20,15,15,105,30,"Azure Dream, Astral Gallery",Calamity,Infinite Crown,This creature deals additional damage equal to 75% of its missing Health.
Immortal King,Demigod,Life,38,20,20,15,15,108,75,"Azure Dream, Astral Gallery",Celestial Fortitude,Immortal Crown,Your creatures cannot take damage that exceeds 20% of their Maximum Health. The amount of damage prevented cannot exceed 100% of the creature's Maximum Health.
Eternal Divinity,Demigod,Life,38,23,20,15,15,111,90,"Azure Dream, Astral Gallery",Consciousness,Eternal Crown,"At the start of battle, this creature gains Maximum Health equal to 15% of your other creatures' Maximum Health."
Timeless Master,Demigod,Life,36,21,21,16,16,110,25,"Azure Dream, Astral Gallery",Equilibrium,Timeless Crown,This creature deals additional damage with attacks and spells equal to 25% of the total damage the enemy has received in the current battle.
Supreme Administrator,Demigod,Death,36,16,21,16,21,110,415,Death Guild,Reconstructed Memories,Supreme Crown,"After this creature Attacks, it Casts the last spell that any creature Cast in the current battle."
Omnipotent Deity,Demigod,Life,38,23,23,12,12,108,60,"Azure Dream, Astral Gallery",Singularity,Omnipotent Crown,"Your creatures have additional Attack, Intelligence, and Defense equal to 10% of their Current Health. This trait does not stack."
Celestial Idol,Demigod,Life,38,23,20,15,15,111,45,"Azure Dream, Astral Gallery",Solence,Celestial Crown,"After this creature is Attacked, it sets the enemy's stats equal to its lowest stat."
Denizen Gemini,Denizen,Nature,35,15,25,20,15,110,,Where the Dead Ships Dwell,Fishing for Compliments,Deletable Selfie,"After one of your creatures Cast a single-target healing spell on an enemy with Mania, that enemy Casts that spell on your creature as well. This trait does not stack."
Elegant Denizen,Denizen,Sorcery,35,15,25,20,15,110,,Where the Dead Ships Dwell,Round of Applause,Briny Tux,"After an ally heals an enemy, the enemy is afflicted with Mania. After an enemy with Mania Casts a healing spell, this creature Casts Words of Encouragement on them."
Melodic Denizen,Denizen,Life,35,20,25,20,20,120,,Where the Dead Ships Dwell,End On a High Note,Gilded Lyre,"If an enemy's Mania potency is greater than 100% of its Maximum Health when it dies, it cannot be resurrected."
Operatic Denizen,Denizen,Nature,32,20,25,15,18,110,,Where the Dead Ships Dwell,Adoring Fans,Opera Glasses,"After an enemy with Mania heals your creatures, your creatures gain their highest stat (other than Health) equal to 10% of the amount healed. This trait does not stack."
Pearlescent Denizen,Denizen,Sorcery,32,15,28,15,20,110,,Where the Dead Ships Dwell,Eureka!,Nacre Crown,This creature always has Mania and has additional Intelligence equal to 5% of the potency of its Mania. This creature cannot be immune to Mania.
Tipsy Denizen,Denizen,Nature,32,20,25,15,18,110,,Where the Dead Ships Dwell,Tardy to the Party,Broken Pocket Watch,"At the start of battle, if your creature's top-most Spell Gem is Party in the Back, they Cast Chrysalis on themselves. This trait does not stack."
Stone Devil,Devil,Chaos,28,23,23,18,13,105,30,"Great Pandemonium, Caustic Reactor, Gambler's Hive",Angel's Horror,Stone Bracer,This creature deals 200% more damage to Life creatures and takes 65% less damage from them.
Doom Devil,Devil,Chaos,31,22,22,17,12,104,60,"Great Pandemonium, Caustic Reactor, Gambler's Hive",Devil's Deceit,Doom Bracer,This creature deals 200% more damage to Chaos creatures and takes 65% less damage from them.
Twisted Devil,Devil,Chaos,31,23,23,15,13,105,7,"Great Pandemonium, Caustic Reactor, Gambler's Hive",Dragon's Undoing,Twisted Bracer,This creature deals 200% more damage to Sorcery creatures and takes 65% less damage from them.
Bunny Devil,Devil,Chaos,33,23,23,15,10,104,415,Chaos Guild,Eggnapper,Bunny Egg,"At the start of battle, this creature Seals your creatures' non-ethereal Spell Gems and gains a copy of them."
Cinder Devil,Devil,Chaos,32,22,23,18,13,108,15,"Great Pandemonium, Caustic Reactor, Gambler's Hive",Giant's Destruction,Cinder Bracer,This creature deals 200% more damage to Nature creatures and takes 65% less damage from them.
Skull Devil,Devil,Chaos,32,22,23,18,13,108,45,"Great Pandemonium, Caustic Reactor, Gambler's Hive",Revenant's Toll,Skull Bracer,This creature deals 200% more damage to Death creatures and takes 65% less damage from them.
Smoke Devil,Devil,Chaos,32,23,23,18,13,109,75,"Great Pandemonium, Caustic Reactor, Gambler's Hive",Smoking Kills,Smoke Bracer,"Your creatures deal 100% more damage to creatures that belong to their own class, and take 35% less damage from them. This trait does not stack."
Krampus,Devil,Chaos,32,22,22,18,13,107,415,Chaos Guild,You Ruined Christmas,Christmas Bracer,Your Devil creatures share their innate traits with each other.
Diabolic Menace,Diabolic Horde,Chaos,41,16,16,16,21,110,90,Kingdom of Heretics (Blood Stains),Diabolic Brilliance,Menace Flag,Your Diabolic Horde's Spell Gems have 1 more Charge for each Diabolic Horde fighting on your side. This trait does not stack.
Diabolic Bhuta,Diabolic Horde,Chaos,39,14,17,17,22,109,150,Kingdom of Heretics (Blood Stains),Diabolic Celebration,Bhuta Flag,"At the start of battle, your Diabolic Horde gain a random Spell Gem that belongs to their class for each Diabolic Horde fighting on your side. This trait does not stack."
Diabolic Commander,Diabolic Horde,Chaos,42,17,16,16,21,112,60,Kingdom of Heretics (Blood Stains),Diabolic Fortitude,Commander Flag,Your Diabolic Horde have 10% more Health for each Diabolic Horde fighting on your side. This trait does not stack.
Diabolic Insurgent,Diabolic Horde,Chaos,41,16,16,16,21,110,120,Kingdom of Heretics (Blood Stains),Diabolic Heritage,Insurgent Flag,"After your Diabolic Horde receive a buff, they share a copy of that buff with all the Diabolic Horde fighting on your side."
Diabolic Nemesis,Diabolic Horde,Chaos,38,16,16,16,21,107,105,Kingdom of Heretics (Blood Stains),Diabolic Link,Nemesis Flag,"At the start of battle, your Diabolic Horde share their Maximum Health with each other. Then, their Maximum Health is decreased by 75%."
Diabolic Watchman,Diabolic Horde,Chaos,40,15,15,18,20,108,58,Kingdom of Heretics (Blood Stains),Diabolic Might,Watchman Flag,Your Diabolic Horde have 10% more Attack for each Diabolic Horde fighting on your side. This trait does not stack.
Diabolic Henchman,Diabolic Horde,Chaos,41,16,16,16,21,110,58,Kingdom of Heretics (Blood Stains),Diabolic Onslaught,Henchman Flag,Your Diabolic Horde have 10% more Speed for each Diabolic Horde fighting on your side. This trait does not stack.
Diabolic Intruder,Diabolic Horde,Chaos,41,16,16,16,21,110,58,Kingdom of Heretics (Blood Stains),Diabolic Power,Intruder Flag,Your Diabolic Horde have 10% more Intelligence for each Diabolic Horde fighting on your side. This trait does not stack.
Diabolic Observer,Diabolic Horde,Chaos,41,16,16,16,21,110,75,Kingdom of Heretics (Blood Stains),Diabolic Protection,Observer Flag,Your Diabolic Horde take 5% less damage for each Diabolic Horde fighting on your side. This trait does not stack.
Diabolic Spectator,Diabolic Horde,Chaos,40,15,15,18,23,111,58,Kingdom of Heretics (Blood Stains),Diabolic Resilience,Spectator Flag,Your Diabolic Horde have 10% more Defense for each Diabolic Horde fighting on your side. This trait does not stack.
Diabolic Rebel,Diabolic Horde,Chaos,43,18,18,13,18,110,135,Kingdom of Heretics (Blood Stains),Diabolic Revolution,Rebel Flag,Your creatures' Diabolic Horde traits act as if your party contains 3 more Diabolic Horde. This trait does not stack.
Djinn Illusionist,Djinn,Sorcery,36,13,28,13,18,108,30,"Refuge of the Magi, The Barrens",Alleviation,Illusionist Lamp,This creature deals 10% more damage with spells for each Charge the Spell Gem is missing.
Djinn Arcanomancer,Djinn,Sorcery,35,13,28,13,18,107,60,"Refuge of the Magi, The Barrens",Ascendancy,Arcanomancer Lamp,This creature can Cast without consuming Charges.
Djinn Ghula,Djinn,Sorcery,31,13,28,13,18,103,75,"Refuge of the Magi, The Barrens",Atmosphere,Ghula Lamp,"After this creature Provokes, it Casts Elemental Barrage."
Vengeful Djinn,Djinn,Sorcery,35,13,28,13,18,107,90,"Refuge of the Magi, The Barrens",Celebrate Decline,Vengeful Lamp,"When your creatures' Artifact's Spell Slots activate, these spells are Cast 1 additional time. This trait does not stack."
Djinn Dreamweaver,Djinn,Sorcery,38,13,28,13,18,110,19 (1 for Cabalist),"Refuge of the Magi, The Barrens, Cabalist Starter",Chain Spells,Dreamweaver Lamp,"After this creature manually Casts a spell, it Casts 2 random spells that belong to the same class."
Unchained Djinn,Djinn,Sorcery,38,13,28,13,18,110,105,"Refuge of the Magi, The Barrens",Ley Lines,Unchained Lamp,"After this creature Defends, your creatures gain 2 random Ethereal Spell Gems."
Djinn Evoker,Djinn,Sorcery,35,13,28,13,18,107,45,"Refuge of the Magi, The Barrens",Mega Bomb,Evoker Lamp,"After this creature Provokes, it deals damage to enemies equal to 5% of its Intelligence for each Ethereal Spell Gem it has."
Djinn Pyromancer,Djinn,Sorcery,38,13,28,13,18,110,19,"Refuge of the Magi, The Barrens",Pyromaniac,Pyromancer Lamp,"After one of your creatures manually Cast a spell, this creature deals damage to all enemies equal to 35% of its Intelligence."
Bastion,Doom Fortress,Chaos,42,17,17,27,7,110,58,Gonfurian God Shop (Favor Rank 14),Congregation,Bastion Brick,"After this creature Provokes, your creatures gain 35% Defense and Speed."
Stronghold,Doom Fortress,Chaos,43,18,18,27,7,113,58,Gonfurian God Shop (Favor Rank 1),Derision,Stronghold Brick,"This creature always has Taunting, and it takes 50% less damage while it is Provoking."
Mouth of Hell,Doom Fortress,Chaos,43,18,18,23,8,110,58,Gonfurian God Shop (Favor Rank 18),Glass House,Hell Brick,"After this creature Provokes, it attacks a random enemy for each Doom Fortress fighting on your side."
Citadel,Doom Fortress,Chaos,42,17,17,27,7,110,58,Gonfurian God Shop (Favor Rank 25),Mind Prison,Citadel Brick,"After this creature Provokes, it Seals 3 of a random enemy's Spell Gems."
Necropolis,Doom Fortress,Chaos,42,17,17,27,7,110,58,Gonfurian God Shop (Favor Rank 5),Necrotic Protection,Necropolis Brick,Your creatures take 50% less damage while Provoking. This trait does not stack.
Pandemonium King,Doom Fortress,Chaos,42,17,17,27,7,110,N/A,Pandemonium Shrine,Pandemonium Prayer,No Material Exists,"At the end of this creature's turn, it Casts 3 random Chaos spells."
Pandemonium Queen,Doom Fortress,Chaos,43,18,17,27,7,112,N/A,Pandemonium Shrine,Pandemonium Sin,No Material Exists,"At the end of this creature's turn, it attacks each enemy for 100% extra damage."
Crypt,Doom Fortress,Chaos,42,17,17,27,7,110,58,Gonfurian God Shop (Favor Rank 11),Rally,Crypt Brick,"After this creature Provokes, your creatures gain 25% Attack and Intelligence."
Alcazar,Doom Fortress,Chaos,40,17,17,27,7,108,58,Gonfurian God Shop (Favor Rank 8),Steadfast Resilience,Alcazar Brick,"After your creatures Provoke, they gain 35% Defense and recover 25% Health. This trait does not stack."
Death Guard,Doomguard,Chaos,39,12,17,27,17,112,58,Kingdom of Heretics (Knights),Awareness,Death Helmet,Your creatures no longer take additional damage from critical damage.
Infernal Guard,Doomguard,Chaos,41,11,16,26,16,110,58,Kingdom of Heretics (Knights),Bulwark,Infernal Helmet,This creature and your creatures adjacent to it take 50% less damage. This trait does not stack.
Sentry Guard,Doomguard,Chaos,39,12,17,27,17,112,90,Kingdom of Heretics (Knights),Fortification,Sentry Helmet,Your creatures take 5% less damage for each time they've taken damage in the current battle. Maximum of 90% damage reduction. This trait does not stack.
Perdition Guard,Doomguard,Chaos,41,11,16,26,16,110,75,Kingdom of Heretics (Knights),Guardian,Perdition Helmet,This creature intercepts attacks on its adjacent allies and takes 50% less damage.
Abaddon Guard,Doomguard,Chaos,41,11,16,26,16,110,60,Kingdom of Heretics (Knights),Hell's Protection,Abaddon Helmet,Your creatures take 1% less damage for every 1% of Health they're missing. Maximum of 50% damage reduction. This trait does not stack.
Pit Guard,Doomguard,Chaos,42,11,16,26,16,111,58,Kingdom of Heretics (Knights),Rampart,Pit Helmet,"At the start of battle, your creatures adjacent to this creature gain 65% of its Defense, Health, and Speed."
Chaos Guard,Doomguard,Chaos,39,12,17,27,17,112,58,Kingdom of Heretics (Knights),Vigor,Chaos Helmet,Your creatures take 25% less damage. This trait does not stack.
Subaqueous Dragon,Dragon,Sorcery,32,20,20,15,20,107,90,"Temple of Lies, Fae Lands",Blend,Subaqueous Dragon Scale,"At the start of battle, your Fused creatures' classes change to match that of their primary parent."
Dragon Guardian,Dragon,Sorcery,35,20,20,15,20,110,30,"Temple of Lies, Fae Lands",Corrosive Dragon Breath,Guardian Dragon Scale,"After an enemy Defends or Provokes, this creature reduces all enemies' Defense by 40%. This trait does not stack."
Dragon Scout,Dragon,Sorcery,36,20,20,15,20,111,75,"Temple of Lies, Fae Lands",Deflective Dragon Armor,Scout Dragon Scale,"After an enemy attacks, this creature reduces all enemies' Attack by 20%. This trait does not stack."
Fortune Dragon,Dragon,Sorcery,36,21,21,11,16,105,415,Sorcery Guild,Dragon Dance,Fortune Lantern,"After this creature Attacks, it deals damage equal to 30% of the target's Current Health."
Dragon Revenant,Dragon,Sorcery,35,20,19,14,19,107,45,"Temple of Lies, Fae Lands",Dynamic Dragon Scales,Revenant Dragon Scale,"After an enemy Casts a spell, this creature reduces all enemies' Intelligence by 35%. This trait does not stack."
Dragon Spirit,Dragon,Sorcery,38,13,18,28,13,110,415,Sorcery Guild,Memento Vivere,Spirit Dragon Scale,"After an enemy gains a buff, one of your creatures is resurrected with 100% Health and gains Shelled. This trait does not stack."
Dragon Soldier,Dragon,Sorcery,35,20,20,15,20,110,28,"Temple of Lies, Fae Lands",Menacing Dragon Fangs,Soldier Dragon Scale,"After an enemy dodges an attack, this creature deals damage to all enemies equal to 35% of this creature's Intelligence. This trait does not stack."
Dragon Queen,Dragon,Sorcery,34,19,19,17,19,108,60,"Temple of Lies, Fae Lands",Piercing Dragon Claws,Queen Dragon Scale,"After an enemy gains a buff or minion, this creature deals damage to all enemies equal to 30% of this creature's Speed. This trait does not stack."
Dragon Sentinel,Dragon,Sorcery,35,20,20,15,20,110,28,"Temple of Lies, Fae Lands",Sweeping Dragon Tail,Sentinel Dragon Scale,"After an enemy deals critical damage, this creature reduces all enemies' Speed by 50%. This trait does not stack."
Dryad Vindicator,Dryad,Nature,31,16,16,21,21,105,64,Shallan God Shop (Favor Rank 25),Absolution,Vindicator Dew,"After an enemy is afflicted with a debuff, they lose 15% Attack and Intelligence. This trait does not stack."
Dryad Warden,Dryad,Nature,30,15,15,23,20,103,64,Shallan God Shop (Favor Rank 18),Duplication,Warden Dew,"After this creature Provokes, your other creatures gain a copy of this creatures' buffs."
Dryad Naturalist,Dryad,Nature,28,16,16,21,21,102,64,Shallan God Shop (Favor Rank 5),Extension,Naturalist Dew,"After this creature Defends, the duration of your creatures' buffs is extended by 2 turns, and your creatures' minions gain 1 stack."
Dryad Seductress,Dryad,Nature,31,16,16,21,21,105,64,Shallan God Shop (Favor Rank 14),Green Eyes,Seductress Dew,"After any creature gains a buff, this creature gains that buff as well."
Dryad Proliferator,Dryad,Nature,29,17,17,22,22,107,64,Shallan God Shop (Favor Rank 8),Moonlight,Proliferator Dew,"Your creatures have 7% more Attack, Intelligence, and Defense for each buff they have. This trait does not stack."
Dryad Sunbather,Dryad,Nature,28,16,16,21,21,102,415,Nature Guild,Oulala,Sunbather Drink,Enemies that are Confused deal 150% more damage to each other with attacks. This trait does not stack.
Dryad Raincaller,Dryad,Nature,32,17,17,21,21,108,64,Shallan God Shop (Favor Rank 11),Soothing Rain,Raincaller Dew,"After this creature Defends, your creatures recover 20% Health for each buff they have."
Dryad Keeper,Dryad,Nature,28,16,16,21,21,102,64,Shallan God Shop (Favor Rank 1),Surge,Keeper Dew,"When your creatures gain a buff, they gain 15% Attack and Intelligence. This trait does not stack."
Vegetable Dumpling,Dumpling,Nature,43,18,18,16,16,111,1,Rare Encounter with Dumpling in party,Clean Eating,Vegetable Dough Ball,"The first time your Dumplings die in battle, they are resurrected with 1 Health. This trait does not stack."
Squash,Dumpling,Nature,42,17,17,17,17,110,1,Gather squash in Apocranox's realm with Dumpling in party,Extra Treat,Smelly Pumpkin,"Your Dumplings' spells do not consume Charges, but they can only Cast spells a maximum of 3 times per turn."
Melon,Dumpling,Nature,42,17,17,17,17,110,1,Gather fruit in Torun's realm with Dumpling in party,Glucose,Melon Drink,Your Dumplings have a 10% chance to start battles at the top of the Timeline for each Dumpling fighting on your side. This trait does not stack.
Nugget,Dumpling,Nature,40,18,17,18,18,111,1,Defeating Treasure Golems,Greed is Good,Golden Dough Ball,Your Dumplings deal 7% more damage for each turn all your Dumplings have taken a turn in the current battle. This trait does not stack.
Omelette,Dumpling,Nature,42,17,17,17,17,110,1,Complete 100 realm quests at highest depth with Dumpling in party,High Protein,Scrambled Egg,Your Dumplings have a 10% chance to resist debuffs for each Dumpling fighting on your side. This trait does not stack.
Pudding,Dumpling,Nature,40,15,18,18,18,109,1,"After obtaining Dumpling, fuse any two members of the dumpling race",Proof Is In the Pudding,Pudding Gift,Your Dumplings can equip 1 more Spell Gem for each Dumpling fighting on your side. This trait does not stack.
King Dumpling,Dumpling,Nature,45,20,20,20,20,125,1,Rare Nether Realm encounter while using a full team of Dumplings,Rich Get Richer,Royal Dough Ball,"After one of your Dumplings are killed, this creature gains 50% of their highest stat."
Dumpling,Dumpling,Nature,43,17,17,17,17,111,1,Rare Encounter,Secret Ingredient,Raw Dough Ball,"At the start of battle, your Dumplings gain Current and Maximum Health equal to 15% of all your Dumplings' Maximum Health. This trait does not stack."
Cursed Effigy,Effigy,Death,35,15,25,20,15,110,64,Damarel,The Grudge,Cursed Button,This creature always has Cursed. The damage your creatures take from Cursed is based on their lowest stat rather than Attack.
Dancing Effigy,Effigy,Death,30,20,20,15,25,110,64,Damarel,Jungle Boogie,Dancing Button,"This creature has 50% more Speed for each of Cursed, Burning, Poisoned and Bleeding it has."
Falconer Effigy,Effigy,Death,32,25,20,15,18,110,64,Damarel,Outstanding,Falconer Button,"After this creature takes indirect damage, it gains 20% Attack."
Healing Effigy,Effigy,Death,38,15,22,20,15,110,64,Damarel,Suture Technique,Healing Button,"After your creatures take indirect damage, they are healed for 20% of their Maximum Health. This trait does not stack."
Knight Effigy,Effigy,Death,35,20,15,28,12,110,64,Damarel,Pins and Needles,Effigy Button,"After this creature takes indirect damage, it gains 20% Defense."
Noble Effigy,Effigy,Death,35,15,25,20,15,110,64,Damarel,Malediction,Noble Button,"This creature's spells are 25% more potent for each of Cursed, Burning, Poisoned, and Bleeding it has."
Wildfire Efreet,Efreet,Sorcery,36,16,21,16,21,110,22,"Great Pandemonium, Astral Gallery",Ashes to Ashes,Wildfire Ashes,"After this creature Attacks, it afflicts the target with Burning. If the target already has Burning, it afflicts all enemies with Burning."
Flametongue Efreet,Efreet,Sorcery,34,16,21,16,21,108,90,"Great Pandemonium, Astral Gallery",In Flames,Flametongue Ashes,Your creatures recover health from Burning instead of taking damage. Your creatures start each battle with Burning.
Ashbone Efreet,Efreet,Sorcery,37,17,20,15,20,109,75,"Great Pandemonium, Astral Gallery",Infinite Inferno,Ashbone Ashes,Enemies' Burning debuff lasts forever. This effect also applies to your own creatures while you have a creature with the In Flames trait.
Frostfire Efreet,Efreet,Sorcery,36,16,21,16,21,110,30,"Great Pandemonium, Astral Gallery",Living Flame,Frostfire Ashes,"After an enemy takes damage from Burning, this creature deals 30% of that damage to all other enemies. This trait does not stack."
Volcanic Efreet,Efreet,Sorcery,34,14,19,17,22,106,22,"Great Pandemonium, Astral Gallery",Smolder,Volcanic Ashes,"After this creature Attacks a creature with Burning, the target takes damage equal to 4 turns of this debuff."
Obsidian Efreet,Efreet,Sorcery,35,15,20,15,20,105,45,"Great Pandemonium, Astral Gallery",Snuff,Obsidian Ashes,"When an enemy's Burning debuff expires or is removed, deal damage to it equal to 5 turns of this debuff. This trait does not stack."
Dreadful Efreet,Efreet,Sorcery,36,16,21,16,21,110,60,"Great Pandemonium, Astral Gallery",Stoke,Dreadful Ashes,"After this creature Defends or Provokes, it increases the potency of each enemy's Burning debuff by 65%."
Eft Elder,Eft,Nature,31,21,16,16,21,105,1,Apocranox God Shop (Favor Rank 11),Dismemberment,Elder Skull,"After this creature Attacks, it decreases the target's Intelligence by 10% for each Eft fighting on your side. This trait does not stack."
Eft Scavenger,Eft,Nature,28,21,16,16,21,102,1,Apocranox God Shop (Favor Rank 18),Hamstring,Scavenger Skull,"After this creature Attacks, it decreases the target's Speed by 10% for each Eft fighting on your side. This trait does not stack."
Eft Stalker,Eft,Nature,29,22,17,17,22,107,1,Apocranox God Shop (Favor Rank 5),Maim,Stalker Skull,"After this creature Attacks, it decreases the target's Attack by 10% for each Eft fighting on your side. This trait does not stack."
Bloody Eft,Eft,Nature,33,23,16,16,21,109,1,Apocranox God Shop (Favor Rank 14),Pride of the Pack,Bloody Skull,"Your Efts always have one of the following buffs for each Eft fighting on your side: Savage, Splashing, Protected, Berserk, Agile, Warded. Buffs are prioritized in that order."
Eft Climber,Eft,Nature,28,21,16,16,21,102,1,Apocranox God Shop (Favor Rank 8),Render Flesh,Climber Skull,"After this creature Attacks, it decreases the target's Defense by 10% for each Eft fighting on your side. This trait does not stack."
Eft Howler,Eft,Nature,29,22,17,17,22,107,1,Apocranox God Shop (Favor Rank 1),Throat Ripper,Howler Skull,"After one of your Efts attack, all of your Efts recover Health equal to 5% of the damage dealt for each Eft fighting on your side. This trait does not stack."
Brambled Egg,Eggxotic,Nature,35,15,15,28,17,110,,Unsullied Meadows,Egg-log,Thorny Eggshell,"This creature always has Defensive. After your Eggxotic creatures take damage, they deal damage to the enemy equal to 10% of their Defense. This trait does not stack."
Egg Over Breezy,Eggxotic,Nature,30,15,20,15,30,110,,Unsullied Meadows,Egg Cloustard,Breezy Eggshell,This creature always has Agile. Your other Eggxotic creatures have an independent 20% chance to dodge. This trait does not stack.
Egg-Drop Sleuth,Eggxotic,Sorcery,32,15,25,15,23,110,,Unsullied Meadows,Soup-ffleyed,Mysterious Eggshell,"This creature always has Proficient. After an enemy Attacks your Eggxotic creatures, they are afflicted with Confused."
Eggs Benedictator,Eggxotic,Chaos,32,25,20,15,18,110,,Unsullied Meadows,Egg Flourish-tine,Commander Eggshell,This creature always has Leeching. Your Eggxotic creature always have Berserk.
Romulette,Eggxotic,Chaos,35,25,15,25,10,110,,Unsullied Meadows,Testu-Oyakodon,Armored Eggshell,"This creature always has Savage. After an enemy Attacks your Eggxotic creatures, the targeted creature gains Shelled."
Scorched Egg,Eggxotic,Sorcery,35,15,20,25,15,110,,Unsullied Meadows,Lava-Broiled,Heated Eggshell,This creature always has Repelling. Your other Eggxotic creatures always have Warded.
Electropod Ant,Electropod,Nature,28,16,16,21,26,107,64,"Forgotten Lab, Gambler's Hive",Thread Pool,Capacitor,Your Electropod creatures have 10% more Speed for each Electropod fighting on your side. This trait does not stack.
Electropod Beetle,Electropod,Nature,30,15,15,20,25,105,64,"Forgotten Lab, Gambler's Hive",High Performance,Inductor,Your Electropod creatures have 7% more Speed for each empty Spell Gem slot they have. Maximum of 8 Spell Gem slots per creature. This trait does not stack.
Electropod Fly,Electropod,Nature,32,15,15,20,25,107,64,"Forgotten Lab, Gambler's Hive",Infinite Scaling,Transformer,"At the start of battle, your Electropod creatures share 15% of their Speed with each other. This trait does not stack."
Electropod Mantis,Electropod,Nature,30,15,15,20,25,105,64,"Forgotten Lab, Gambler's Hive",Networking,Resistor,Your creatures' Electropod traits act as if your party contains 3 more Electropod creatures. This trait does not stack.
Electropod Scorpion,Electropod,Nature,33,18,18,17,22,108,75,"Forgotten Lab, Gambler's Hive",Spin Cycle,Transistor,"At the start of this creature's turn, it deals damage to a random enemy equal to 75% of its Speed."
Electropod Spider,Electropod,Nature,30,15,15,20,25,105,64,"Forgotten Lab, Gambler's Hive",Malware,Diode,"At the start of each enemy's turn, this creature has a 20% chance to deal damage to them equal to 40% of its Speed. This trait does not stack."
Ancloudysaur,Elementasaur,Nature,32,20,20,15,25,112,,Cutthroat Jungle,Cloudy Constitution,Cloud Fragment,This creature always has Vulnerable. Your creatures with Vulnerable gain 50% more stats from all sources. This trait does not stack.
Brockiosaurus,Elementasaur,Nature,40,15,15,28,12,110,,Cutthroat Jungle,Orthoclase,Orthoclase Feldspar,This creature always has Stone. Your creatures with Stone have 50% more Defense. Enemies cannot be resistant to Stone. This trait does not stack.
Darknonychus,Elementasaur,Nature,32,25,20,15,18,110,,Cutthroat Jungle,Sleepwalking,Moon Shard,This creature always has Sleeping. Your creatures with Sleeping Attack or Cast their top-most spell at the start of their turns. Your creatures with Sleeping have a 50% chance to afflict the target with Sleeping with attacks and spells. This trait does not stack.
Holyguanadon,Elementasaur,Nature,35,20,25,20,10,110,,Cutthroat Jungle,Ignorance is Bliss,Holy Symbol,"This creature always has Mania and Mending. After your creatures take damage from Mania, a random enemy takes that damage as well. After your creatures are healed by Mending, a random enemy is healed for that amount as well. This trait does not stack."
Thunder-Rex,Elementasaur,Nature,38,25,20,20,17,120,,Cutthroat Jungle,Negative Charge,Resonate Fang,This creature always has Silenced. Your creatures' Lightning Storm acts as if they have 50% more Intelligence for each creature on your team afflicted with Silenced. This trait does not stack.
Triflaratops,Elementasaur,Nature,35,25,15,20,15,110,,Cutthroat Jungle,Molten Spray,Molten Keratin,"This creature always has Scorned. After your creatures with Scorned Attack, they deal damage to each enemy equal to 50% of the damage dealt. This trait does not stack."
Veliceoraptor,Elementasaur,Nature,30,20,25,15,25,115,,Cutthroat Jungle,Frost Affinity,Unmelting Ice,This creature always has Frozen. Your creatures with Frozen can still act and can Cast spells that interact with Frozen without consuming Charges. This trait does not stack.
Vinosaurus,Elementasaur,Nature,35,25,15,25,10,110,,Cutthroat Jungle,Barbed Vines,Poisoned Barb,This creature always has Snared. Your creatures with Snared intercept attacks and single-target spells on allies and take damage based on their Attack instead of Defense. This trait does not stack.
Windactyl,Elementasaur,Nature,30,15,25,15,28,113,,Cutthroat Jungle,Sandstorm,Bottled Wind,"This creature always has Blind. When your creatures with Blind Cast a spell that targets more than one creature, it instead targets all creatures and has 100% more potency. This trait does not stack."
Jingle Elf,Elf,Nature,33,18,18,18,18,105,415,Nature Guild,Annoying Bobblehead,Jingle Gift,Creatures cannot gain buffs until after their first turn.
Elf Brawler,Elf,Nature,27,24,9,19,24,103,415,Nature Guild,Brawl,Brawler Poem,"After this creature Attacks, it has a 20% chance to Attack a random enemy. This effect can occur repeatedly."
Elf Monk,Elf,Nature,33,18,18,18,18,105,34,Regalis God Shop (Favor Rank 5),Forgiveness And Other Blunders,Monk Poem,Effects that activate when creatures Provoke are ignored.
Elf Barbarian,Elf,Nature,30,18,18,18,18,102,34,Regalis God Shop (Favor Rank 11),Hate and Other Triumphs,Barbarian Poem,Effects that activate when creatures die are ignored. This trait does not work in boss battles.
Elf Rogue,Elf,Nature,31,18,18,18,18,103,34,Regalis God Shop (Favor Rank 18),Justice and Other Fallacies,Rogue Poem,Effects that activate when creatures are resurrected are ignored.
Elf Drifter,Elf,Nature,33,18,18,17,18,104,34,Regalis God Shop (Favor Rank 25),Life and Other Illusions,Drifter Poem,Effects that activate when creatures Attack are ignored.
Elf Huntsman,Elf,Nature,30,18,18,18,18,102,34,Regalis God Shop (Favor Rank 14),Love and Other Disasters,Huntsman Poem,Effects that activate when creatures are afflicted with a buff or debuff are ignored.
Elf Cleric,Elf,Nature,30,18,18,18,18,102,34,Regalis God Shop (Favor Rank 1),Madness And Other Ideals,Cleric Poem,Effects that activate when creatures Defend are ignored.
Elf Mystic,Elf,Nature,33,18,18,18,18,105,34,Regalis God Shop (Favor Rank 8),Peace and Other Myths,Mystic Poem,Effects that activate when creatures dodge attacks are ignored.
Efflorescent Ent,Ent,Nature,32,18,23,23,13,109,45,"The Swamplands, Blood Grove",Black Lotus,Efflorescent Branch,Your creatures take 40% less damage while they have Mending. This trait does not stack.
Aspen Ent,Ent,Nature,43,18,18,18,13,110,415,Nature Guild,Cycle of Life,Aspen Branch,"After this creature is resurrected, it gains 100% Maximum Health."
Evergreen Ent,Ent,Nature,37,17,22,22,12,110,415,Nature Guild,Infested With Ants,Evergreen Gift,"At the start of this creature's turn, it deals damage to random enemies equal to 30% of its lowest stat. This effect happens 3 times."
Ebony Ent,Ent,Nature,34,17,22,22,12,107,1,"The Swamplands, Blood Grove",Nature's Blessing,Ebony Branch,Your creatures always have Mending and take 15% less damage. This trait does not stack.
Hemlock Ent,Ent,Nature,38,18,23,18,13,110,15,"The Swamplands, Blood Grove",Nutrient Blood,Hemlock Branch,"Your creatures recover 15% Health at the start of their turn. If they have Mending, they recover 50% Health instead. This trait does not stack."
Ashwood Ent,Ent,Nature,35,17,22,22,12,108,60,"The Swamplands, Blood Grove",Optimism,Ashwood Branch,"After this creature is Attacked, it gains 25% Defense and Speed."
Timeworn Ent,Ent,Nature,37,17,22,22,12,110,75,"The Swamplands, Blood Grove",Sacred Bark,Timeworn Branch,"After your creatures are Attacked, 50% of the damage received is added to this creature's Barrier."
Ancient Ent,Ent,Nature,37,17,22,22,12,110,90,"The Swamplands, Blood Grove",Stampede,Ancient Branch,"After this creature Attacks, Defends, or Provokes, it Casts Wrath of Nature."
Elder Ent,Ent,Nature,36,16,21,21,11,105,30,"The Swamplands, Blood Grove",Unscathed,Elder Branch,"After your creatures are Attacked, their Mending buffs heal them immediately. This trait does not stack."
Abacus,Exotic,Chaos,31,18,18,18,18,103,20,Otherworld Portal,Numerical Nightmare,Bloody Beads,"This creature has 75% more Attack and Speed while its level is odd, and 75% more Intelligence and Defense while its level is even."
Abandoned Homunculus,Exotic,Sorcery,38,13,23,16,16,106,20,Otherworld Portal,Lab Assistant,Alchemical Catalyst,Your creatures' Spell Gems that have the same name as this creature's Spell Gems deal 50% more damage. This trait does not stack.
Acrova,Exotic,Chaos,24,19,19,13,24,99,20,Otherworld Portal,Piercing Speed,Sharp Shell,This creature's attacks and spells ignore 30% of its enemies' Defense.
Ameteris Krin,Exotic,Sorcery,41,21,16,16,16,110,20,Otherworld Portal,Cantripology,Ametrine Shard,"After this creature Attacks, it Casts its top-most, Unsealed Spell Gem. Then, that Spell Gem is Sealed."
Arcian Warbeast,Exotic,Chaos,37,20,15,15,20,107,20,Otherworld Portal,Hungering Void,Voidborne Crystal Scraps,"At the start of this creature's turn, it Seals one of each creature's Spell Gems."
Avaricious Draco,Exotic,Sorcery,41,16,16,16,21,110,20,Otherworld Portal,Draconic Arrogance,Pure Dragon Blood,This creature has additional stats (other than Health) equal to 5% of your other creatures' highest stats.
Avion,Exotic,Nature,43,17,17,17,17,111,20,Otherworld Portal,Counter Slash,Avion Claw,"After this creature is Attacked, it deals damage to the enemy equal to 65% of this creature's Attack."
Bad Apple,Exotic,Death,35,20,20,20,15,110,20,Otherworld Portal,Squirmies,Apple Core,"This creature starts battle with Writhelings. Each time this creatures takes damage from an attack or spell, it gains another stack of Writhelings."
Band Warchief,Exotic,Chaos,38,21,16,16,21,112,20,Otherworld Portal,Bloodripper,Blood Banner,"After this creature Attacks, it afflicts the target with Bleeding. If the target already has Bleeding, it deals 120% more damage."
Bane of Piety,Exotic,Death,35,20,25,20,20,120,20,Otherworld Portal,Weapons of Mass Distortion,Bloodsoaked Cross,"At the start of battle, this creature's Artifact's Spell Slot gem is replaced with an Ultimate Spell Gem of this creature's equipped Relic's corresponding avatar."
Bashloack,Exotic,Death,38,18,18,18,18,110,20,Otherworld Portal,Eery Veil,Ghostly Ear,"At the start of battle, this creature and creatures adjacent to it gain Invisible."
Bejem,Exotic,Sorcery,36,11,22,17,22,108,20,Otherworld Portal,Natural Beauty,Jewel Shell,"At the start of battle, your creatures gain Crystal Shield. In addition, your creatures' Barrier buffs are 40% stronger. This trait does not stack."
Besieged Beast,Exotic,Life,35,18,15,28,14,110,20,Otherworld Portal,Lord of the Castle,Ominous Stone Crest,"When your creatures gain Defense, the amount is increased by 50%. This trait does not stack."
Bilemaw,Exotic,Nature,30,25,15,18,20,108,20,Otherworld Portal,Indigestion,Massive Jawbone,This creature ignores 10% of enemies' Defense for each dead creature.
Bomballoon,Exotic,Chaos,25,25,25,15,20,110,20,Otherworld Portal,Pop!,Bouquet of Balloons,"After this creature takes damage from an attack or spell, each enemy has a 50% chance to be afflicted with Bomb. If they already have Bomb, they take damage equal to 1% to 160% of their Bomb's potency."
Bumblebig,Exotic,Nature,37,27,12,7,27,110,20,Otherworld Portal,Sting Martyr,Sacrificial Stinger,"This creature's attacks deal 125% more damage. After this creature Attacks, it loses 10% Maximum Health."
Byakko,Exotic,Sorcery,35,20,15,15,25,110,20,Otherworld Portal,Tiger's Spirit,Constellation of Byakko,Your Exotic creatures' attacks deal additional damage with attacks and spells equal to 25% of their Speed. This trait does not stack.
Celestial Scarapin,Exotic,Life,35,20,20,25,20,120,20,Otherworld Portal,Atmospheric Interference,Chitinous Feather,"After this creature damages an enemy, it gains 50% of that damage as a Barrier."
Chatter,Exotic,Sorcery,30,25,15,15,25,110,20,Otherworld Portal,Multibite,Flawless Tooth,"When this creature Attacks, it has a 25% chance to Attack repeatedly."
Chosen of the Fae,Exotic,Nature,30,18,18,18,18,102,20,Otherworld Portal,Graced by Whimsy,Spriggan's Eye,This creature has a 50% chance to gain double stats from stat-boosting effects.
Chronoshatter Wyrm,Exotic,Chaos,35,20,25,20,10,110,20,Otherworld Portal,Time Fracture Resonance,Temporal Glass,"While this creature is at the bottom of the Timeline, your creatures do not consume Charges when they Cast spells. In addition, their spells always deal critical damage and have 100% more potency."
Clawtail Wyrm,Exotic,Chaos,33,28,18,13,13,105,20,Otherworld Portal,Clawtail Symbiosis,Clawtail Parasite,"After this creature Attacks, it takes another turn. This trait only allows the creature to take an additional turn once at a time."
Clingslime,Exotic,Sorcery,32,20,20,20,18,110,20,Otherworld Portal,Ultra Cling,Priceless Shell,"After this creature damages an enemy with an attack or spell, it has a 50% chance to afflict the target with Snared."
Colacanth,Exotic,Nature,28,16,21,21,21,107,20,Otherworld Portal,Sugar Rush,Can o' Canth,"When this creature Casts a spell, the spell has 20% more potency for each buff it has. At the end of this creature's turn, its buffs are removed."
Conductive Carcharin,Exotic,Sorcery,31,11,26,16,21,105,20,Otherworld Portal,Conductivity,Lightning Fin,Your creatures' Splashing buffs deal 100% more damage. This trait does not stack.
Cootie,Exotic,Death,32,20,20,15,23,110,20,Otherworld Portal,Lovesick,Desperate Love,"After this creature Attacks or is Attacked, it afflicts the target with up to 3 of its debuffs."
Copycat,Exotic,Sorcery,30,20,25,20,25,120,20,Otherworld Portal,Mimicry,Spellbinding Aura,"After an enemy Attacks, this creature has a 10% chance to Attack the enemy. After an enemy Casts, this creature has a 10% chance to cast that spell in your favor."
Cranium Cluster,Exotic,Death,43,17,17,27,7,111,20,Otherworld Portal,Marrow Metabolism,Skull Shard,"After this creature takes damage, its minions gain 1 stack."
Critical Mass,Exotic,Death,35,25,20,20,20,120,20,Otherworld Portal,Mass Effect,Fused Atoms,"Your creatures act as if they have taken damage, Attacked, and Cast spells 1 additional time for each time their on-critical effects have triggered in the current battle. This trait does not stack."
Davey,Exotic,Death,38,18,18,18,18,110,20,Otherworld Portal,Black Fog,Black Raindrop,"After this creature afflicts an enemy with a debuff, it deals damage to the enemy equal to 15% of its lowest stat for each debuff the enemy has."
Defiant Defiler,Exotic,Sorcery,40,18,18,18,18,112,20,Otherworld Portal,Redemption,Certificate of Absolution,"After this creature is killed, it heals your other creatures for an amount equal to 100% of its Maximum Health."
Demon King,Exotic,Chaos,39,17,17,17,17,107,20,Otherworld Portal,Sacrificial Will,Book of Infinity,"After this creature is killed, your other creatures gain a random buff and a random minion."
Dire Werewolf,Exotic,Death,38,18,18,18,18,110,20,Otherworld Portal,Backup Packup,Werewolf Whistle,"After this creature Attacks, one of your creatures gains 3 stacks of Dire Wolves."
Doedoodle,Exotic,Nature,35,15,15,28,17,110,20,Otherworld Portal,Counter Sweep,Stone Wool,"After this creature is Attacked, it deals damage to enemies equal to 5% of its Defense for each time it has been Attacked in the current battle."
Dollface,Exotic,Chaos,30,25,20,15,20,110,20,Otherworld Portal,Bloodbath,Mannequin Blade,"After this creature Attacks, the target is afflicted with Bleeding and this creature has a 25% chance to cast Hemorrhage on each enemy that already has Bleeding."
Dozen of Rot,Exotic,Death,35,15,25,20,15,110,20,Otherworld Portal,Rotten Revenge,Bad Egg,"After this creature takes damage from an attack or spell, it Casts Putrescent Odor."
Dr. Concocto,Exotic,Chaos,32,15,25,18,20,110,20,Otherworld Portal,Potion Time!,Mystery Vial,"At the end of your other creatures' turns, this creature has a 10% chance to Cast Concoction. After this creature Attacks, it has a 25% chance to Cast Concoction."
Draconic Strix,Exotic,Sorcery,35,15,25,15,20,110,20,Otherworld Portal,Ancient Wisdom,Ancient Feather,"When a creature would gain or lose stats, 10% of this creature's Intelligence is added to this amount for each turn it has taken this battle. This creature starts battles with its turn counter at 3. This trait does not stack."
Duckgundr,Exotic,Chaos,35,18,18,18,18,107,20,Otherworld Portal,Stick Soul,Roll of Tape,"This creature's buffs, debuffs, and minions persist through death."
Dust Fairy,Exotic,Nature,25,20,20,15,30,110,20,Otherworld Portal,Dusty Struggle,Faceful of Dust,"After this creature Attacks, Casts, Defends or Provokes, it and its adjacent allies are afflicted with a random debuff and have a 20% chance to be sent to the top of the Timeline. This trait will not activate if another creature in your party has it as well."
Eye of the Gorgon,Exotic,Death,35,15,25,25,10,110,20,Otherworld Portal,Petrified Hope,Gorgon's Eye,"At the start of this creature's turn, each enemy has a 50% chance to be afflicted with Stone and Feared."
Forgotten Disciple,Exotic,Death,38,18,18,18,18,110,20,Otherworld Portal,Burden of Guilt,Unlit Candle,"After this creature Defends, all creatures lose 1 buff and 1 debuff."
Frosty Freezy,Exotic,Nature,32,15,25,20,18,110,20,Otherworld Portal,Chill Out!,Frozen Dessert,"After an enemy Casts a spell, this creature afflicts it with Frozen."
Furious Frank,Exotic,Chaos,35,25,15,20,15,110,20,Otherworld Portal,Barbecue Time,Mystery Meat,"After this creature deals damage with an attack or spell, the enemy has a 50% chance to be afflicted with Burning."
Fury Stormer,Exotic,Nature,32,15,28,15,20,110,20,Otherworld Portal,Gathering Storm,Crackling Talon,"After this creature is forcibly moved on the Timeline, it Casts Snowstorm, Firestorm or Sandstorm if they're equipped. In addition, your creatures have 50% more Intelligence. This trait does not stack."
Gemstone Trader,Exotic,Sorcery,30,15,28,20,17,110,20,Otherworld Portal,Lunatic Generosity,Bismuth Crystal,"At the start of battle, all creatures gain a copy of this creature's first 3 Spell Gems. These Spell Gems have 1 Charge."
Genbu,Exotic,Sorcery,38,18,18,18,18,110,20,Otherworld Portal,Connections,Constellation of Genbu,Your creatures have 10% more stats (other than Health) for each Exotic creature fighting on your side. This trait does not stack.
Genetic Anomaly,Exotic,Chaos,35,22,22,22,19,120,20,Otherworld Portal,Mass Mutation,Gene Splicer,"At the start of battle, this creature shares its Fused trait with one creature of each other class on your team. If this trait is the creature's Fused trait, it shares its innate trait instead. This trait does not stack."
Gravebound Eidolon,Exotic,Death,35,22,22,22,19,120,20,Otherworld Portal,Beyond the Veil,Strings of Shadow,"This creature can be affected by stat changes while dead and does not lose stats on death. This creature's traits remain active while dead, except for traits that would redirect attacks or take damage in place of allies."
Gravekeeper,Exotic,Death,41,16,16,18,18,109,20,Otherworld Portal,Corpse Keeper,Grave Shovel,"At the start of your creatures' turns, they gain 1 stack of Zombies. This trait does not stack."
Gravewood Ghost,Exotic,Death,30,25,15,18,18,106,20,Otherworld Portal,Inoculant,Old World Microbe,"After this creature Casts a spell, it increases the potency of enemies' Burning, Poisoned and Bomb debuffs by 10%."
Greybeard,Exotic,Sorcery,39,17,17,17,17,107,20,Otherworld Portal,Greybeard's Blessing,Black Ear,Your creatures grant 100% more healing to enemies with Blighted. This trait does not stack.
Grovewalker,Exotic,Death,42,17,17,17,17,110,20,Otherworld Portal,Forest's Curse,Rotting Antler,"After an enemy Attacks, the target afflicts the enemy with 2 random debuffs. This trait does not stack."
Grubette,Exotic,Nature,27,17,18,18,23,103,20,Otherworld Portal,Grubby Strength,Pocket Grubs,"After this creature is killed, it deals damage to enemies equal to 3% of its lowest stat, multiplied by the number of times it Attacked in the current battle."
Haunting Glass,Exotic,Sorcery,35,20,25,20,20,120,20,Otherworld Portal,Karmic Reflection,Mirror's Edge,"After this creature takes damage from an attack or spell, it deals damage to enemeis equal to 25% of its missing Health."
Heartminder,Exotic,Life,38,18,18,18,18,110,20,Otherworld Portal,Hearts and Minds,Living Blood,"At the start of this creature's turn, it gives away 20% of its stats (other than Health) to your other creatures."
Helios,Exotic,Life,30,20,15,18,20,103,20,Otherworld Portal,Propulsion,Angelic Halo,"After this creature is forcibly moved to the top of the Timeline, it gains Splashing and 75% Attack."
Hermitey,Exotic,Nature,39,14,24,14,19,110,20,Otherworld Portal,Pocket Tank,Decorated Shell,"While this creature has at least 3 buffs, it intercepts enemies' attacks on its allies and takes 50% less damage. This trait does not stack."
Hot Lips,Exotic,Chaos,30,25,20,15,20,110,20,Otherworld Portal,Red Hot Kiss,Red Hot Lipstick,"At the start of this creature's turn, each enemy has a 50% chance to be afflicted with Burning and Confused."
Huanglong,Exotic,Sorcery,38,18,18,17,18,109,20,Otherworld Portal,Golden Aura,Constellation of Huanglong,"After your Exotic creatures are killed, your other Exotic creatures gain a random trait. This trait does not stack."
Hydra,Exotic,Chaos,42,16,16,16,21,111,20,Otherworld Portal,Reactive Heads,Hydra's Scale,"After your creatures are damaged by an attack or spell, they have a 15% chance to be sent to the top of the Timeline."
I Scream Man,Exotic,Sorcery,32,15,25,20,18,110,20,Otherworld Portal,Freezer Blast,I Scream Cone,"At the start of this creature's turn, it Casts Deep Freeze."
Infinite Eggling,Exotic,Chaos,30,10,25,18,20,103,20,Otherworld Portal,Chaotic Potential,Anarchic Egg Shell,"After this creature gains stats, it has a 5% chance to Cast a random Morph spell."
Iridris,Exotic,Sorcery,40,18,18,18,18,112,20,Otherworld Portal,Red In Tooth And Claw,Crimson Powder,"After this creature is Attacked, it has a 50% chance to be sent to the top of the Timeline."
Iron Maiden,Exotic,Death,40,15,15,28,12,110,20,Otherworld Portal,Agonizing Entrapment,Bloody Spike,"After this creature takes damage, the enemy is afflicted with Snared and Bleeding. Enemies with Snared take 50% more damage from Bleeding. This trait does not stack."
Jack Frost,Exotic,Sorcery,32,20,25,15,18,110,20,Otherworld Portal,Winter's Edge,Frozen Christmas Lights,"After this creature deals damage with an attack or spell, the enemy has a 50% chance to be afflicted with Frozen."
Jack o' Lantern,Exotic,Sorcery,32,18,25,15,20,110,20,Otherworld Portal,Trick or Treat!,Spooky Lantern,"After this creature takes damage from an attack or spell, it Casts Fireball on the enemy. After this creature Attacks, it has a 35% chance to Cast Grand Fireball."
Jackal Swarm,Exotic,Chaos,32,24,15,15,24,110,20,Otherworld Portal,Total Discord,Fang Necklace,"When this creature Casts a spell, the targets of the spell are reversed. This trait does not apply to enemies."
Jaculus,Exotic,Nature,32,22,15,15,20,104,20,Otherworld Portal,Breakneck,Piercing Legs,This creature ignores enemies' Barrier and Shelled buffs.
Junkyard,Exotic,Chaos,35,25,15,20,15,110,20,Otherworld Portal,Road Rage,Old Tire,"After this creature Attacks, it has a 25% chance to Attack random enemies repeatedly."
Kavnak,Exotic,Chaos,31,11,26,15,20,103,20,Otherworld Portal,Shared Consciousness,Kavnak's Worm,"After an ally manually Casts a spell, this creature has a 50% chance to Cast that spell as well."
Kegstruct,Exotic,Sorcery,35,20,25,20,10,110,20,Otherworld Portal,Weaponized Spirit,Robokeg,Booze Spells also count as Arsenal Spells and vice-versa.
King Croak,Exotic,Death,38,15,25,20,12,110,20,Otherworld Portal,Croak of the King,Crown of Death,"After an ally is killed, this creature Casts Cry of the Mandrake."
Kirin,Exotic,Sorcery,38,18,18,18,18,110,20,Otherworld Portal,Celestial,Constellation of Kirin,Your Exotic creatures always have Mending and Leeching.
Kobold,Exotic,Nature,39,16,16,16,21,108,20,Otherworld Portal,Grovel and Beg,Kobold's Guidebook,"While this creature has less than 75% Health, it has 50% more Speed and has a 50% chance to avoid damage."
Lavalotl,Exotic,Chaos,43,17,17,17,17,111,20,Otherworld Portal,Cauterize the Wound,Lava Bubble,"This creature is healed instead of damaged by Bleeding and Burning, but at 50% effectiveness."
Legion,Exotic,Death,42,17,17,17,17,110,20,Otherworld Portal,Assimilate,Fragmented Blood,"After this creature takes damage from an attack or spell, it gains 5% stats."
Lizard Wizard,Exotic,Sorcery,37,15,25,15,15,107,20,Otherworld Portal,Lizardry,Lizard Wizard's Tome,Your creatures' Ethereal Spell Gems do not consume Charges. This trait does not stack.
Loki,Exotic,Nature,35,20,20,20,25,120,20,Otherworld Portal,Rallying Bark,Slobbery Tennis Ball,Your creatures take 5% less damage for each different minion they have. This trait does not stack.
Lunaris,Exotic,Life,35,20,25,20,20,120,20,Otherworld Portal,Lights Out,Glowing Moonstone,"At the start of this creature's turn, each enemy has a 50% chance to be afflicted with Silenced and Sleeping."
Lunatio,Exotic,Chaos,27,27,17,12,22,105,20,Otherworld Portal,Twin Souls,Lost Soul,This creature's attacks deal 75% more damage and it Attacks 1 additional time.
Magicalope,Exotic,Sorcery,37,10,25,10,25,107,20,Otherworld Portal,Unrevealed Secret,Cryptid Tarot,"After this creature dodges an attack, the enemy is afflicted with a random debuff."
Mathemagician,Exotic,Chaos,32,12,27,12,22,105,20,Otherworld Portal,Chaotic Mind,Math Textbook,"When this creature Casts a spell, the spell's potency is 100% to 200% of its normal amount."
Megalodon,Exotic,Nature,40,28,10,25,17,120,20,Otherworld Portal,Giant Bite,Mythical Tooth,"After this creature Attacks, it deals damage to all enemies equal to 1% to 100% of the damage dealt."
Melishell,Exotic,Nature,38,15,20,25,12,110,20,Otherworld Portal,Buzz Breathing,Nacreous Jelly,"At the start of your creatures' turns, they recover 10% Health for each buff they have. This trait does not stack."
Mimpling,Exotic,Chaos,30,20,25,20,25,120,20,Otherworld Portal,Surprise Treat,Rotten Dough,"After your creatures recieve a debuff, their on-buff effects activate. If you have a Dumpling or Mimic creature fighting on your side, this effect repeats 1 additional time. This trait does not stack."
Mind Reaver,Exotic,Sorcery,30,25,23,13,13,104,20,Otherworld Portal,Mind Reave,Reaver's Skull,"After an enemy Casts a spell, this creature deals damage to it equal to 35% of this creature's Intelligence."
Miracle Spider,Exotic,Sorcery,30,25,25,15,25,120,20,Otherworld Portal,Mega Spider Blast,Spider Silk Suit,"Your creatures start battles with 1 stack of Spiderlings. Your creatures' Spiderlings now also activate when their master deals damage, and the amount of damage done is now based on their highest stat instead of Health. This trait does not stack."
Nguruvilu,Exotic,Sorcery,39,17,17,17,17,107,20,Otherworld Portal,Turbulent Waters,Turbulent Waters,"After this creature Attacks, it has a 50% chance to Cast Maelstrom."
Nightmare,Exotic,Death,35,25,20,20,20,120,20,Otherworld Portal,Eternal Rest,Blanket of Eternal Rest,"At the end of each enemy's turn, they have a 10% chance to be afflicted with Sleeping. At the start of this creature's turn, it Attacks each enemy with Sleeping for 50% normal damage. This trait does not stack."
Nine Tailed Harvester,Exotic,Death,35,18,18,18,18,107,20,Otherworld Portal,Nine Tails' Knowledge,Book of Nine Tails,Your creatures' spells are 30% more potent. This trait does not stack.
Nox Sinon,Exotic,Sorcery,42,17,17,17,17,110,20,Otherworld Portal,Unleash the Horde,Nox's Staff,Your creatures can have 3 additional stacks of each minion. This trait does not affect minions that normally have a maximum of 1 stack. This trait does not stack.
Obscene Blight,Exotic,Chaos,33,18,18,13,23,105,20,Otherworld Portal,Alchemist's Fury,Corrupted Geode,"After this creature Attacks, it afflicts the target with Blind and Confused."
Ol' Nog,Exotic,Chaos,34,24,18,18,16,110,20,Otherworld Portal,Bang-A-Rang,NT4 Explosive Powder,"After an enemy takes damage from Bomb, this creature afflicts it with Burning and Poisoned. If the enemy already has these debuffs, their potency is increased by 30% instead."
One-Punch Snowman,Exotic,Chaos,35,30,15,20,10,110,20,Otherworld Portal,One-Hit Wonder,Circus Ticket,"When your creatures Attack, their additional attacks are consolidated into the original attack with 100% more damage. This trait does not stack."
Oni-Goroshi,Exotic,Death,42,17,17,17,17,110,20,Otherworld Portal,Her Embrace,Oni Fragment,This creature's Attacks deal 150% more damage and it has a 100% chance to deal critical damage. This creature skips every other turn.
Orc Bowman,Exotic,Chaos,32,28,15,15,20,110,20,Otherworld Portal,Powerful Draw,Composite Longbow,"This creature can only equip Arrow spells, but they can be from any class. This creature's single-target Arrow spells deal additional damage equal to 50% of its Attack. This creatures's Splitting Arrow and Fragmenting Arrow spells deal 100% more damage."
Orphaned Minion,Exotic,Sorcery,38,18,18,18,18,110,20,Otherworld Portal,Last Ward,Memory of Binding,"This creature takes 20% less damage. After this creature is damaged by an enemy and it survives from this damage, the enemy takes damage equal to 80% of the damage dealt. This damage counts as spell damage."
Otherworldly Visitor,Exotic,Death,35,15,25,18,15,108,20,Otherworld Portal,Love Thyself,Otherworlder's Soul,"After an enemy gains Maximum Health, this creature Casts Vitality Explosion on it. This trait does not stack."
Ouroboros,Exotic,Sorcery,35,20,25,20,20,120,20,Otherworld Portal,Infinity,Infinity Symbol,"After a creature Casts a spell, this creature has a 10% chance to Cast Continuum."
Paladin Crab,Exotic,Life,39,9,9,27,27,111,20,Otherworld Portal,Shining Armor,Crab Shield,"While your creatures have Barrier, they have 50% more Defense. This trait does not stack."
Parasitic Copycat,Exotic,Death,30,25,20,15,20,110,20,Otherworld Portal,Imprudence,Pet Copykitten,"At the end of each creature's turn, this creature stops Defending and Provoking and gains 20% Attack if it was Defending or Provoking."
Paroxys,Exotic,Chaos,33,23,23,13,13,105,20,Otherworld Portal,Confusion and Empathy,Warped Neuron,"This creature's spell potency is based on its Attack, and the damage of its attacks is based on its Intelligence."
Petrafortis,Exotic,Chaos,35,18,18,18,18,107,20,Otherworld Portal,Bulky Body,Muscular Stone,"This creature has 100% more stats (other than Health), but has a 50% chance to lose its turn."
Phenominal Possum,Exotic,Sorcery,30,15,28,15,22,110,20,Otherworld Portal,Don't Touch My Garbage,Filthy Gem,"This creature gains a copy of all different Ethereal Spell Gems other creatures recieve after start-of-battle effects. After this creature is killed, each other creature takes damage equal to 3% of the stats corresponding to its gems' classes per Ethereal Spell Gem it has. After this creature is resurrected, it is killed."
Piscacanth,Exotic,Nature,40,18,18,18,18,112,20,Otherworld Portal,Ancient Buffoonery,Electric Fossil,This creature deals 15% more damage for each creature below it on the Timeline at the start of battle.
Plains Felkat,Exotic,Nature,30,25,15,15,25,110,20,Otherworld Portal,Chase Down,Plains Whisper,"After this creature Attacks, it afflicts the target with Bleeding. When this creature or adjacent allies Attack an enemy with Bleeding, the enemy cannot dodge."
Pontiff of Luck,Exotic,Life,38,18,18,18,18,110,20,Otherworld Portal,Spin the Wheel,Broken Roulette Wheel,"Whenever it is an enemy's turn, any random effects that fail to occur are re-rolled an additional time. This trait does not stack."
Prismagician,Exotic,Sorcery,30,15,28,15,22,110,20,Otherworld Portal,Prismagic,Rainbow Prism,"This creature can equip 3 additional Spell Gems, and it can equip spells from any class. Your creatures with Arcane Cast spells with 15% more Intelligence for each different class of spell this creature has equipped. This trait does not stack."
Proto-Brachyura,Exotic,Nature,42,17,17,27,7,110,20,Otherworld Portal,Crab Trap,Buttery Bait,"After this creature is Attacked while it is Defending, it reduces the enemy's Defense and Speed by 35%."
Proxigeist,Exotic,Sorcery,39,17,17,17,17,107,20,Otherworld Portal,Projection,Wireframe Matrix,"After an adjacent ally Attacks, Casts a spell, Defends, or Provokes, this creature has a 50% chance to perform that action as well."
Puffergryph,Exotic,Chaos,40,15,15,25,15,110,20,Otherworld Portal,Puff Up,Pufferfish Spike,"After this creature is Attacked, it gains 30% Attack and Intelligence."
Rhozzgon,Exotic,Nature,42,17,17,17,17,110,20,Otherworld Portal,Wrath of Krorena,Nature's Fury,Your creatures deal 65% more damage to enemies that belong to their own class. This trait does not stack.
Ripper,Exotic,Chaos,30,28,15,15,22,110,20,Otherworld Portal,Out For Blood,Blood-soaked Knife,"At the end of each enemy's turn, this creature has a 35% chance to Cast Killstreak."
Sapphire Drake,Exotic,Life,43,17,17,17,17,111,20,Otherworld Portal,Healing Breath,Drake Teeth,"At the start of this creature's turn, it heals one of your creatures for 150% Health."
Sculpt,Exotic,Sorcery,32,20,25,20,13,110,20,Otherworld Portal,Perfect Replica,Morphing Clay,"After this creature Attacks, it transforms into a copy of the target and gains its Spell Gems."
Seiryu,Exotic,Sorcery,37,17,25,15,15,109,20,Otherworld Portal,Scaling,Constellation of Seiryu,Your Exotic creatures have 7% more Intelligence for each non-Ethereal Spell Gem they have equipped. This trait does not stack.
Singerbread Man,Exotic,Chaos,38,23,13,13,23,110,20,Otherworld Portal,Sugar and Slice,Nasty Dough,"After an enemy takes damage from Burning, this creature Attacks it for 35% normal damage. This trait does not stack."
Sir Roquefort,Exotic,Chaos,35,28,15,15,17,110,20,Otherworld Portal,Cut the Cheese,Cheese Wedge,"When a creature takes damage from an attack or spell, it takes additional damage equal to 30% of the difference between its lowest and highest stats. This trait does not stack."
Skelegoop,Exotic,Death,41,16,16,16,21,110,20,Otherworld Portal,Drake's Favor,Burial Gift,"This creature has 35% more Attack, Defense, and Speed."
Slash Shifter,Exotic,Chaos,32,25,18,18,17,110,20,Otherworld Portal,Color Shift,Sharp Scales,"At the start of battle, this craeture's class is randomized and it gains a copy of your other creatures' innate traits and Artifact traits that match that class."
Snow Lily,Exotic,Life,42,17,17,17,17,110,20,Otherworld Portal,Loyalty's Light,Pure Heart,"After a creature is killed, this creature gains Rebirth and Shelled."
Snow Stalker,Exotic,Nature,30,25,20,15,25,115,20,Otherworld Portal,Chilling Assault,Frozen Scarf,"After this creature Attacks, it has a 50% chance to cast Icicle Rain."
Solaris,Exotic,Life,35,20,25,20,20,120,20,Otherworld Portal,Unrelenting Sun,Radiant Sunstone,"At the start of this creature's turn, each enemy has a 50% chance to be afflicted with Burning and Blind."
Soulwarper,Exotic,Death,35,20,25,20,20,120,20,Otherworld Portal,Warped Soul,Bottled Disbelief,"At the start of battle, enemies' classes are changed to this creature's class."
Spectral Monarch,Exotic,Death,35,22,22,22,19,120,20,Otherworld Portal,Souls of the Damned,Insignia of the Mutant,"After this creature kills a creature, it gains its innate trait and 20% of its Attack and Defense."
Spellsword,Exotic,Sorcery,32,25,25,18,20,120,20,Otherworld Portal,Gem Blade,Silvered Steel,"After this creature gains Animated Gem, it Casts the spell in its Artifact's Spell Slot. After this creature gains Animated Weapon, it Attacks a random enemy."
Splitsoul,Exotic,Life,35,25,15,25,20,120,20,Otherworld Portal,Duality,Possessed Arms,"At the start of battle, this creature Attacks a random enemy if it is on the left-most side of your party, or Defends if it is on the right-most side of your party."
String Puller,Exotic,Sorcery,37,12,12,25,22,108,20,Otherworld Portal,Pull the Strings,Spectral String,"When this creature Attacks, one of your other creatures Attacks instead for 50% more damage. This trait does not work if any of your other creatures have it as well."
Suzaku,Exotic,Sorcery,36,16,16,21,16,105,20,Otherworld Portal,Feather Dance,Constellation of Suzaku,"After your Exotic creatures gain a buff, they gain 20% Defense. This trait does not stack."
Swarmed Hive,Exotic,Nature,35,25,15,20,15,110,20,Otherworld Portal,Swarm of Bees,Golden Honeycomb,"After this creature takes damage from an attack or spell, it continuously Attacks random enemies with a 50% chance to stop after each attack."
Syringe,Exotic,Chaos,30,25,25,15,15,110,20,Otherworld Portal,Malpractice,Kiss of Death,"After this creature is Attacked, it Casts Euthanasia on the enemy. After this creature Attacks, it has a 25% chance to kill the target."
Taco Hell,Exotic,Chaos,40,15,18,18,18,109,20,Otherworld Portal,Tacos Inflation,Beef Stick,Your creatures' consecutive attacks at the same time deal 10% more damage for each additional attack. This trait does not stack.
The Bearon,Exotic,Nature,41,21,6,21,21,110,20,Otherworld Portal,Barbearian,Honey Pot,"After all start-of-battle effects are activated, this creature Provokes. This creature has 35% more Defense."
The Dervish,Exotic,Nature,43,13,13,13,23,105,20,Otherworld Portal,Ride the Whirlwind,Eye of the Storm,This creature's damage dealt by attacks and spells is based on 200% of its lowest stat rather than its Attack or Intelligence.
The End,Exotic,Death,40,20,20,20,20,120,20,Otherworld Portal,The End of All Things,Black Hole Sun,"At the end of this creature's turn, adjacent creatures activate their end-of-turn effects. This trait does not work on creatures that also have this trait. This trait does not stack."
The First Spawn,Exotic,Nature,31,18,18,18,18,103,20,Otherworld Portal,Ancient DNA,DNA Splicer,This creature's race is always the same race as the creature that is at the top of the Timeline.
The Heap,Exotic,Death,40,25,25,25,25,140,20,Otherworld Portal,Another Man's Trash,Pile of Garbage,"This creature has 100% more base stats, but it cannot manually Attack, Cast, Defend or Provoke."
Toadstool,Exotic,Death,35,15,25,20,15,110,20,Otherworld Portal,Bad Trip,Seven-colored Mushroom,"After this creature takes damage from an attack or spell, it Casts Cyanide Gas on the enemy."
Tormented Bunny,Exotic,Chaos,35,20,20,20,15,110,20,Otherworld Portal,Going Mad,Unlucky Rabbit's Foot,"After this creature takes damage from an attack or spell, it gains a random buff. After this creature is healed, it gains a random debuff. After this creature takes damage from an attack or spell while it has at least 15 buffs and debuffs, it deals damage to enemies equal to 50% of its lowest stat (other than Health)."
Toyland Amalgamation,Exotic,Sorcery,42,17,17,17,17,110,20,Otherworld Portal,Double Vision,Eye Glasses,"After this creature Attacks, it has a 40% chance to Cast its top-most Spell Gem."
Training Dummy,Exotic,Nature,40,15,15,28,12,110,20,Otherworld Portal,Training Day,Well-worn Target,"After a creature takes damage, this creature takes 30% of that damage as well. This trait does not activate from damage caused by this trait."
Tsuchinoko,Exotic,Chaos,31,23,13,13,23,103,20,Otherworld Portal,Rollout,Nokium,"At the start of this creature's turn, it Attacks a random enemy."
Vannyx,Exotic,Death,30,20,20,15,20,105,20,Otherworld Portal,Death Sentence,Dark Cloak,This creature deals 125% more damage to enemies with Feared.
Wacky Burger,Exotic,Sorcery,32,20,25,18,18,113,20,Otherworld Portal,Condiments,Secret Sauce,"The first time an enemy Casts a spell each turn, this creature afflicts enemies with a random debuff. The first time this creature Attacks each turn, it afflicts the target with 2 random debuffs."
Weapons Dealer,Exotic,Death,32,25,20,18,15,110,20,Otherworld Portal,What Are You Buying?,Arms Crate,"At the start of this creature's turn, enemy creatures gain this creature's Artifact trait."
Zeuschund,Exotic,Sorcery,35,20,28,15,22,120,20,Otherworld Portal,Thunder Buddy,Tamed Lightning,"At the start of battle, this creature gains Lightning Strike. After this creature is killed for the first time, it is resurrected with 100% Health and gains a new trait that empowers its Lightning Strike."
Zombaton,Exotic,Nature,39,17,17,17,17,107,20,Otherworld Portal,Reform,Solidified Slime,"After your other creatures are killed for the first time, they are resurrected with 30% Health. This trait does not stack."
Asclepias Fae,Fae,Life,27,27,27,6,16,103,64,Fae Lands (Fairy Groups),Dead Butterflies,Blue Bottled Fairy,"The first 3 times this creature is killed, it is resurrected with 100% Health. This creature takes 75% more damage and deals 50% less damage."
Helianthus Fae,Fae,Life,26,25,25,10,20,106,64,Fae Lands (Fairy Groups),Lost In Forever,Green Bottled Fairy,"This creature's start-of-turn effects activate 1 additional time, but it has 50% less stats (other than Health)."
Hydrangea Fae,Fae,Life,25,25,25,9,19,103,64,Fae Lands (Fairy Groups),Crystal Lake,Pink Bottled Fairy,"This creature attacks and casts spells 2 additional times, but can't gain buffs."
Polygala Fae,Fae,Life,21,21,21,13,23,99,64,Fae Lands (Fairy Groups),True North,Purple Bottled Fairy,"This creature's start-of-turn and end-of-turn effects activate 1 additional time, but it has 95% less stats (other than Health)."
Rhododendron Fae,Fae,Life,24,24,24,9,19,100,64,Fae Lands (Fairy Groups),The Great Beyond,Yellow Bottled Fairy,"This creature's automatically-cast spells have a 40% chance to be considered manually cast, but this creature cannot manually cast spells."
Roseaea Fae,Fae,Life,26,26,24,9,19,104,75,Fae Lands (Fairy Groups),Outgrow,Red Bottled Fairy,"This creature's end-of-turn effects activate 1 additional time, but it has 50% less stats (other than Health)."
Arcane Familiar,Familiar,Sorcery,28,16,26,16,16,102,19,Zonte God Shop (Favor Rank 5),All For One,Arcane Pinion,Your creatures cast spells 0.5 additional times (rounded down) for each Familiar fighting on your side. This trait does not stack.
Elemental Familiar,Familiar,Sorcery,33,18,28,13,13,105,19,Zonte God Shop (Favor Rank 1),Conversion,Elemental Pinion,Your creatures' spells deal 15% more damage and 15% less healing for each Familiar fighting on your side. This trait does not stack.
Mystical Familiar,Familiar,Sorcery,31,16,26,16,16,105,19,Zonte God Shop (Favor Rank 14),Group Meditation,Mystical Pinion,"At the start of battle, your creatures' Spell Gems gain 1 Charge if you have at least 3 Familiars fighting on your side. This trait does not stack."
Spectral Familiar,Familiar,Sorcery,32,17,25,15,15,104,19,Zonte God Shop (Favor Rank 25),Higher Understanding,Spectral Pinion,Your creatures' Spell Gems have a 10% chance to not consume Charges when they're cast for each Familiar fighting on your side. This trait does not stack.
Flood Familiar,Familiar,Sorcery,31,16,26,16,16,105,19,Zonte God Shop (Favor Rank 8),One For All,Flood Pinion,"After one of your Familiars Cast a spell, your other creatures gain a random Spell Gem. This trait does not stack."
Judge Familiar,Familiar,Sorcery,31,16,26,16,16,105,19,Zonte God Shop (Favor Rank 11),Pierce the Veil,Judge Pinion,Your creatures' spells ignore 10% of their target's Defense for each Familiar fighting on your side. This trait does not stack.
Palace Familiar,Familiar,Sorcery,32,16,26,16,16,106,19,Zonte God Shop (Favor Rank 18),Potency,Palace Pinion,Your creatures' spells that increase or decrease stats are 25% more effective for each Familiar fighting on your side. This trait does not stack.
Ferocious Fiend,Fiend,Chaos,32,27,12,12,22,105,55,Tartarith God Shop (Favor Rank 11),Agitation,Ferocious Tooth,This creature deals 80% more damage with attacks for each of its debuffs.
Destroyer Fiend,Fiend,Chaos,30,28,13,13,23,107,55,Tartarith God Shop (Favor Rank 14),Bloodfury,Destroyer Tooth,"After this creature Provokes, your creatures gain Berserk and Savage."
Mauler Fiend,Fiend,Chaos,33,28,12,12,22,107,55,Tartarith God Shop (Favor Rank 8),Eyesore,Mauler Tooth,"At the start of battle, this creature's Defense is added to its Attack, then its Defense is set to its minimum value."
Deceptive Fiend,Fiend,Chaos,32,27,12,12,22,105,55,Tartarith God Shop (Favor Rank 25),Flash of Anger,Deceptive Tooth,"After your creatures with Berserk Attack, they gain Invisible."
Berserker Fiend,Fiend,Chaos,30,28,13,13,23,107,55,Tartarith God Shop (Favor Rank 1),Outrage,Berserker Tooth,"This creature is always Berserk, and deals 75% more damage."
Thrasher Fiend,Fiend,Chaos,29,27,12,12,22,102,55,Tartarith God Shop (Favor Rank 5),Relentless Hunger,Thrasher Tooth,"After this creature Attacks, it deals 100% of the damage dealt to two other random enemies."
Annihilator Fiend,Fiend,Chaos,30,25,13,13,23,104,55,Tartarith God Shop (Favor Rank 18),Uncontrollable Anger,Annihilator Tooth,"After your creatures with Berserk attack, they have a 35% chance to attack again. This trait does not stack."
Forsaken Plaguebearer,Forsaken,Death,37,17,17,22,17,110,64,Alexandria God Shop (Favor Rank 5),Anxiety,Plaguebearer Pincer,"This creature's Spell Gems have 100% more potency, but are Sealed after they're Cast."
Forsaken Spinewhipper,Forsaken,Death,38,18,18,20,15,109,64,Alexandria God Shop (Favor Rank 18),Contradiction,Spinewhipper Pincer,"This creature starts battles with 200% more Speed, but also starts battles at the bottom of the Timeline."
Forsaken Scourgewalker,Forsaken,Death,32,17,17,22,17,105,64 (1 for Bloodmage),"Alexandria God Shop (Favor Rank 11), Bloodmage Starter",Curse of the Silent,Scourgewalker Pincer,"This creature's Spell Gems don't lose Charges when it casts spells, but it also starts battles with Silenced."
Forsaken Swampdweller,Forsaken,Death,33,13,18,23,18,105,64,Alexandria God Shop (Favor Rank 25),Darkness Surrounding,Swampdweller Pincer,"This creature starts battles with 125% more Health, but takes damage equal to 15% of its Maximum Health at the start of its turn."
Forsaken Rotmongerer,Forsaken,Death,36,16,16,22,16,106,64,Alexandria God Shop (Favor Rank 8),Stupify,Rotmongerer Pincer,"This creature starts battles with 100% more Intelligence and Defense, but loses 25% Intelligence and Defense at the end of its turn."
Forsaken Seacrawler,Forsaken,Death,36,16,16,23,18,109,64,Alexandria God Shop (Favor Rank 14),Transmogrification,Seacrawler Pincer,"This creature starts battles with 5 random buffs, but cannot gain additional buffs."
Forsaken Bonescraper,Forsaken,Death,38,18,16,21,16,109,64,Alexandria God Shop (Favor Rank 1),Whetted Bones,Bonescraper Pincer,"This creature starts battles with 100% more Attack and Defense, but loses 25% Attack and Defense at the end of its turn."
Monstrous Gargantuan,Gargantuan,Nature,42,22,12,27,7,110,4,"Frostbite Caverns, Titan's Wound, Forbidden Depths",Bide,Monstrous Tree Trunk,"When this creature Attacks, it deals additional damage equal to 100% of the damage it took since it last Attacked."
Fearsome Gargantuan,Gargantuan,Nature,42,22,12,27,7,110,60,"Frostbite Caverns, Titan's Wound, Forbidden Depths",Charge,Fearsome Tree Trunk,"At the start of your creatures' turns, this creature has a 25% chance to Attack a random enemy."
Shackled Gargantuan,Gargantuan,Nature,39,22,12,27,7,107,30,"Frostbite Caverns, Titan's Wound, Forbidden Depths",Come Hither,Shackled Tree Trunk,"After this creature is Attacked, it Casts Crush Punch on the enemy."
Sturdy Gargantuan,Gargantuan,Nature,42,22,12,27,7,110,15,"Frostbite Caverns, Titan's Wound, Forbidden Depths",Defer Pain,Sturdy Tree Trunk,"When this creature takes damage, 90% of the damage is delayed until the start of its next turn."
Daunting Gargantuan,Gargantuan,Nature,39,22,12,27,7,107,45,"Frostbite Caverns, Titan's Wound, Forbidden Depths",Furor,Daunting Tree Trunk,"At the start of this creature's turn, it Attacks a random enemy for each creature that died since its last turn. Each attack deals 200% normal damage."
Forest Gargantuan,Gargantuan,Nature,39,22,12,27,7,107,75,"Frostbite Caverns, Titan's Wound, Forbidden Depths",Resprout,Forest Tree Trunk,"At the start of this creature's turn, it recovers Health equal to 100% of the damage it took since its last turn."
Gruesome Gargantuan,Gargantuan,Nature,42,22,12,27,7,110,90,"Frostbite Caverns, Titan's Wound, Forbidden Depths",Scrutiny,Gruesome Tree Trunk,"At the start of this creature's turn, it Casts a random spell for each spell that the enemy creatures Cast since its last turn."
Volcanic Gargantuan,Gargantuan,Nature,42,7,27,28,8,112,415,Nature Guild,Spontaneous Combustion,Volcanic Tree Trunk,"After this creature is Attacked, it Casts Volcano."
Goretongue Gargoyle,Gargoyle,Chaos,32,12,22,22,17,105,58,"Kingdom of Heretics, Damarel, Astral Gallery",Discord,Goretongue Teeth,"At the start of battle, your creatures gain Chaos Bolt. This spell deals 100% more damage."
Steelheart Gargoyle,Gargoyle,Sorcery,39,10,25,10,25,109,415,Sorcery Guild,Heart of Steel,Steelheart Teeth,"If this creature manually Cast a Chaos spell during battle, it resurrects with 50% Health when it dies. Then, this trait is reset."
Sunclaw Gargoyle,Gargoyle,Chaos,30,10,23,23,18,104,60,"Kingdom of Heretics, Damarel, Astral Gallery",Primitive Incantation,Sunclaw Teeth,Your creatures have 7% more Attack for each permanent Chaos Spell Gem each of your creatures have equipped. Maximum of 3 Spell Gems per creature. This trait does not stack.
Nightwing Gargoyle,Gargoyle,Chaos,30,10,23,23,18,104,58,"Kingdom of Heretics, Damarel, Astral Gallery",Ransack,Nightwing Teeth,"At the start of battle, your creatures gain copies of all the enemies' Chaos Spell Gems."
Stonehorn Gargoyle,Gargoyle,Chaos,32,12,22,22,17,105,90,"Kingdom of Heretics, Damarel, Astral Gallery",Reign of Chaos,Stonehorn Teeth,Your creatures' Chaos spells Cast 2 additional times. This trait does not stack.
Dusktail Gargoyle,Gargoyle,Chaos,30,13,23,23,18,107,58,"Kingdom of Heretics, Damarel, Astral Gallery",Sleight of Hand,Dusktail Teeth,"After your creatures Cast a single-target Chaos spell, this creature afflicts the target with Silenced."
Darkeye Gargoyle,Gargoyle,Chaos,30,13,23,23,18,107,75,"Kingdom of Heretics, Damarel, Astral Gallery",The Wicked End,Darkeye Teeth,"After this creature manually Casts a spell, it Casts 3 random Chaos spells."
Bloodfang Gargoyle,Gargoyle,Chaos,33,13,23,22,17,108,58,"Kingdom of Heretics, Damarel, Astral Gallery",War Magic,Bloodfang Teeth,"After your creatures Cast a Chaos spell, they gain 35% Attack. This trait does not stack."
Whitestar Gemling,Gemling,Sorcery,31,11,21,20,20,103,28,Aurum God Shop (Favor Rank 18),Distribution,Whitestar Shard,"At the start of battle, your creatures share a copy of their first Spell Gems with each other. This trait does not stack."
Nightvelvet Gemling,Gemling,Sorcery,28,11,21,21,21,102,28,Aurum God Shop (Favor Rank 8),Neodymium,Nightvelvet Shard,Your creatures' Spell Gems with the 'Magnetic' property act as if 3 more of those Spell Gems exist. This trait does not stack.
Rockmoss Gemling,Gemling,Sorcery,28,11,21,21,21,102,28,Aurum God Shop (Favor Rank 11),Obelisk,Rockmoss Shard,Your creatures' Ethereal Spell Gems have the same number of Charges that they'd have if they weren't Ethereal.
Crystaldune Gemling,Gemling,Sorcery,31,11,21,21,21,105,28,Aurum God Shop (Favor Rank 1),Oscillation,Crystaldune Shard,"Your creatures' Spell Gems are 70% more potent when they have an odd number of Charges, and are 70% less potent when they have an even number of Charges. This trait does not stack."
Stillfire Gemling,Gemling,Sorcery,31,11,21,21,21,105,28,Aurum God Shop (Favor Rank 14),Quality Over Quantity,Stillfire Shard,Your creatures' Spell Gems with the 'Singular' property have 100% more Charges if they only have one non-Ethereal Spell Gem equipped. This trait does not stack.
Eternaldew Gemling,Gemling,Sorcery,26,12,22,22,22,104,28,Aurum God Shop (Favor Rank 5),Tumble,Eternaldew Shard,"Your creatures' Spell Gems with the 'Cascading' property now consume 3 Charges when cast, and are 50% more potent. This trait does not stack."
Festering Ghoul,Ghoul,Death,32,27,7,14,27,107,75,"Path of the Damned, Forgotten Lab",Dark Roamer,Festering Toe,Your creatures have 3% more Speed for every 1% Health they're missing. This trait does not stack.
Delirious Ghoul,Ghoul,Death,31,26,6,16,26,105,13,"Path of the Damned, Forgotten Lab",Foot Eater,Delirious Toe,"After this creature Attacks, it steals 50% of the target's Speed."
Hysteria Ghoul,Ghoul,Death,31,26,6,16,26,105,30,"Path of the Damned, Forgotten Lab",Frenzy,Hysteria Toe,Your creatures dodge and deal critical damage as if they have 100% more Speed. This trait does not stack.
Maniacal Ghoul,Ghoul,Death,27,27,7,17,27,105,60,"Path of the Damned, Forgotten Lab",Grim Aura,Maniacal Toe,Your creatures' attacks deal additional damage equal to 25% of their Speed. This trait does not stack.
Frenzy Ghoul,Ghoul,Death,26,27,7,17,27,104,15,"Path of the Damned, Forgotten Lab",Horde,Frenzy Toe,Your creatures share 5% of their Speed with each other. This effect is not applied to creatures that have this trait. This trait does not stack.
Ghoul Ringleader,Ghoul,Death,32,17,18,18,18,103,415,Death Guild,Only For The Weak,Ringleader Toe,This creature deals 35% more damage with attacks and spells for every 100% Speed it has greater than its base amount.
Rapturous Ghoul,Ghoul,Death,32,27,7,14,27,107,45,"Path of the Damned, Forgotten Lab",Ravage,Rapturous Toe,This creature deals extra damage with attacks and spells equal to 50% of its Speed.
Stone Giant,Giant,Nature,42,22,12,22,12,110,15,"Titan's Wound, Forbidden Depths",Absorption,Stone Boulder,"After an enemy is healed, this creature gains Maximum Health equal to 30% of the amount healed."
Cosmic Giant,Giant,Nature,40,22,12,22,12,108,60,"Titan's Wound, Forbidden Depths",Admire the Gods,Cosmic Boulder,"When this creature takes damage, and the damage exceeds 25% of its Maximum Health, reduce the damage to 25% of its Maximum Health. The amount of damage prevented cannot exceed 200% of this creature's Maximum Health."
Giant Mangler,Giant,Nature,43,23,13,18,13,110,90,"Titan's Wound, Forbidden Depths",Boastful Protector,Mangler Boulder,"While this creature is Provoking, it has a 25% chance to avoid damage."
Jolly Old Giant,Giant,Nature,39,22,12,22,12,107,415,Nature Guild,"Ho Ho Oh, !@#$",Bag of Broken Toys,Creatures cannot gain stats until after their first turn.
Wall Giant,Giant,Nature,42,22,12,22,12,110,30,"Titan's Wound, Forbidden Depths",Hostile Vitality,Wall Boulder,"When this creature Attacks, it deals additional damage equal to 35% of its Current Health."
Mystical Giant,Giant,Nature,39,22,12,22,12,107,105,"Titan's Wound, Forbidden Depths",Pilgrimage,Mystical Boulder,"When this creature Casts a spell, 50% of its Current Health is added to its Intelligence to determine the spell's potency."
Sand Giant,Giant,Nature,43,23,13,18,13,110,10,"Titan's Wound, Forbidden Depths",Rapid Regeneration,Sand Boulder,"At the start of each creature's turn, this creature recovers 10% of its missing Health."
War Giant,Giant,Chaos,42,22,12,22,12,110,415,Chaos Guild,Reforged,War Boulder,"After your creatures are resurrected, they gain 50% Maximum Health. This trait does not stack."
Colossal Giant,Giant,Nature,40,20,13,23,13,109,75,"Titan's Wound, Forbidden Depths",Strength of the World,Colossal Boulder,"At the start of battle, this creature's Defense is added to its Maximum Health, then its Defense is set to its minimum value. In addition, this creature takes 50% less damage."
Tower Giant,Giant,Nature,43,22,12,22,12,111,45,"Titan's Wound, Forbidden Depths",Wreck,Tower Boulder,"When this creature Attacks, its damage is based on its Current Health instead of Attack."
Kapre,Godspawn,Nature,30,25,15,14,20,104,1,Apocranox God Shop (Favor Rank 20) + Project,Any Given Sin,Particle of Kapre,"After your creatures Attack, they are afflicted with Scorned. Your creatures' attacks deal 100% more damage. This trait does not stack."
The Lost,Godspawn,Chaos,36,21,16,16,16,105,55,Tartarith God Shop (Favor Rank 20) + Project,Beyond Oblivion,Particle of The Lost,This creature receives all effects that require it to be adjacent to your other creatures. This trait does not stack.
Walken,Godspawn,Death,34,19,19,19,19,110,37,Vertraag God Shop (Favor Rank 20) + Project,Closure,Particle of Walken,"At the end of this creature's turn, it gains 35% Current and Maximum Health and Provokes."
Aja Birku,Godspawn,Sorcery,32,17,17,20,17,103,4,Azural God Shop (Favor Rank 20) + Project,Dimensions,Particle of Aja Birku,"At the start of this creature's turn, it Casts 5 random spells, one from each class."
Ottum,Godspawn,Chaos,31,18,18,18,18,103,22,Vulcanar God Shop (Favor Rank 20) + Project,Elimination Process,Particle of Ottum,"After this creature Attacks, it deals 100% of that damage to the target."
Elqor,Godspawn,Sorcery,34,19,19,19,19,110,19,Zonte God Shop (Favor Rank 20) + Project,Empire,Particle of Elqor,"This creature's spells are 50% less potent, but it casts them 4 additional times."
Dikya,Godspawn,Life,34,19,18,18,18,107,43,Lister God Shop (Favor Rank 20) + Project,Eve,Particle of Dikya,"Your creatures' spells are 100% more potent, but only have 1 Charge. This trait does not stack."
Darksulker,Godspawn,Sorcery,33,18,18,18,18,105,52,Tenebris God Shop (Favor Rank 20) + Project,From Death to Destiny,Particle of Darksulker,This creature has additional stats equal to 50% of the stats of your dead creatures. This trait does not work with creatures who also have this trait.
Linta,Godspawn,Death,39,14,24,17,17,111,10,Mortem God Shop (Favor Rank 20) + Project,Great Expectations,Particle of Linta,Your creatures' spells are 125% more potent if they don't have any Spell Gems equipped. This trait does not stack.
Tisya,Godspawn,Death,34,19,19,19,19,110,13,Erebyss God Shop (Favor Rank 20) + Project,Heartrage,Particle of Tisya,"At the end of each creature's turn, this creature deals damage to a random enemy equal to 80% of its lowest stat."
Alakadan,Godspawn,Nature,33,18,18,18,18,105,34,Regalis God Shop (Favor Rank 20) + Project,Hopelessly Hopeful,Particle of Alakadan,"After this creature manually Casts a spell, it also Casts a random Avatar spell."
Yllor,Godspawn,Nature,35,20,18,18,18,109,16,Meraxis God Shop (Favor Rank 20) + Project,Iniquity,Particle of Yllor,"When this creature Attacks, it has a 100% chance to attack an additional time. This trait's effect can repeat multiple times in a row, but the chance decreases by 25% after each Attack."
Ugat,Godspawn,Nature,32,17,17,20,20,106,31,Torun God Shop (Favor Rank 20) + Project,Karma,Particle of Ugat,"After this creature Attacks or is damaged by an attack or spell, it gains 50% of its lowest stat."
Laglor,Godspawn,Life,34,19,19,19,19,110,46,Yseros God Shop (Favor Rank 20) + Project,Nostalgia,Particle of Laglor,"At the start of your creatures' turns, they Cast a random spell that belongs to their class. This trait does not stack."
Emlai,Godspawn,Life,33,18,18,18,18,105,25,Surathli God Shop (Favor Rank 20) + Project,Release the Cure,Particle of Emlai,"After this creature Attacks or is damaged by an attack or spell, it gains a random buff."
Kalasag,Godspawn,Sorcery,33,18,18,18,18,105,49,Aeolian God Shop (Favor Rank 20) + Project,Rescue Ride,Particle of Kalasag,"At the end of this creature's turn, it resurrects a random ally with 100% Health and gives it Shelled."
Mumu,Godspawn,Death,37,22,17,17,17,110,40,Friden God Shop (Favor Rank 20) + Project,Revolt,Particle of Mumu,"After this creature Attacks or takes damage from an attack or spell, it afflicts the enemy with a random debuff."
Iconus,Godspawn,Chaos,33,18,18,18,18,105,58,Gonfurian God Shop (Favor Rank 20) + Project,Silence Speaks,Particle of Iconus,"At the start of battle, this creature gains two of your other creatures' innate traits."
Diamant,Godspawn,Sorcery,22,20,25,20,15,102,28,Aurum God Shop (Favor Rank 20) + Project,Skyttels,Particle of Diamant,"At the start of battle, this creature gains copies of your other creatures' non-Ethereal Spell Gems. This trait does not work on creatures that also have this trait."
Tenbran,Godspawn,Life,29,22,22,17,17,107,61,Perdition God Shop (Favor Rank 20) + Project,To Move On Is To Grow,Particle of Tenbran,This creature's attacks deal 100% more damage if it Cast a spell last turn. This creature's spells deal 100% more damage if it Attacked last turn.
Noxpit,Godspawn,Chaos,33,18,18,18,18,105,7,Venedon God Shop (Favor Rank 20) + Project,Ultimate Sacrifice,Particle of Noxpit,"At the start of this creature's turn, its extra traits are removed and it gains 5 random traits."
Colg,Godspawn,Chaos,30,18,18,18,18,102,240,Defeat Caliban at the Gate of the Gods,What's Yours Is Mine,Particle of Colg,"At the start of battle, your creatures gain a random enemy's trait. This trait does not stack."
Adaxial,Godspawn,Death,40,15,18,18,18,109,64,Alexandria God Shop (Favor Rank 20) + Project,Tools of Creation,Particle of Adaxial,"At the start of battle, you gain access to 3 random perks. A description of these perks can be found in your battle history. This trait activates immediately before all other start-of-battle effects. This trait does not stack."
Akara,Godspawn,Nature,42,17,17,16,16,108,64,Ariamaki God Shop (Favor Rank 20) + Project,Darkbloom,Particle of Akara,"This creature's base stats are 20, plus 5 for each non-Ethereal Spell Gem it has equipped. The base stat that is increased by this trait is determined by the class of the Spell Gem. Only the first 8 Spell Gems are considered."
8004,Godspawn,Chaos,42,17,17,17,17,110,64,4080 God Shop (Favor Rank 20) + Project,Something From Nothing,Particle of 8004,"Your creatures deal 5% more damage with attacks and spells, and take 1% less damage (up to 90%) for each time this creature has taken damage in the current battle. This trait does not stack."
Emus,Godspawn,Life,42,17,17,17,17,110,64,Muse God Shop (Favor Rank 20) + Project,Fear of Success,Particle of Emus,This creature's attacks deal 75% more damage and afflict the target with Inverted.
Grom'met,Godspawn,Sorcery,42,17,17,17,17,110,64,T'mere M'rgo God Shop (Favor Rank 20) + Project,Echobreather,Particle of Grommet,"This creature deals 20% more damage with attacks and spells, and takes 10% less damage for each different creature class fighting on your side. This trait does not stack."
Nalas,Godspawn,Life,42,17,17,17,17,110,64,Shallan God Shop (Favor Rank 20) + Project,Oathbreaker,Particle of Nalas,Your creatures gain 100% more benefit from stat-increasing Realm Boosts. This trait does not stack.
Rengas,Godspawn,Chaos,42,17,17,17,17,110,64,Genaros God Shop (Favor Rank 20) + Project,Rodian Aftermath,Particle of Rengas,This creature deals 30% more damage with attacks and spells for each time each creature has died in the current battle.
Saurel,Godspawn,Death,40,17,17,17,17,108,64,Reclusa God Shop (Favor Rank 20) + Project,Syndicate,Particle of Saurel,"At the start of your Godspawn creatures' third turns, they transform into their corresponding Avatar."
Thana,Godspawn,Nature,40,18,18,18,18,112,64,Anneltha God Shop (Favor Rank 20) + Project,Negative Noise,Particle of Thana,"While this creature is at 100% Health, it has a 90% chance to avoid damage."
Treasure Golem,Golem,Sorcery,42,17,17,17,17,110,N/A,Rare Encounter,Animated Treasure,No Material Exists,"When this creature is Attacked, it drops some resources. This creature also tries to run away each turn."
Nightmare Golem,Golem,Death,40,18,18,18,18,112,105,"Frostbite Caverns, Temple of Lies, Forbidden Depths",Bad Dreams,Nightmare Cog,Each enemy has a 50% chance to start battles with Sleeping.
Magma Golem,Golem,Chaos,40,18,18,18,18,112,30 (1 for Pyromancer),"Frostbite Caverns, Temple of Lies, Forbidden Depths, Pyromancer Starter",Cataclysm,Magma Cog,"After this creature is Attacked, it afflicts enemies with Burning. If enemies already have this debuff, its potency is increased by 30% instead."
Gold Golem,Golem,Life,42,17,17,17,17,110,75,"Frostbite Caverns, Temple of Lies, Forbidden Depths",Chip Off the Block,Gold Cog,"After this creature is Attacked, your other creatures gain Attack, Intelligence, Defense, and Speed equal to 15% of this creature's stats."
War Golem,Golem,Chaos,40,17,17,17,17,108,120,"Frostbite Caverns, Temple of Lies, Forbidden Depths",Triple Take,War Cog,This creature Attacks and Casts spells 2 additional times.
Granite Golem,Golem,Sorcery,39,17,17,17,17,107,4,"Frostbite Caverns, Temple of Lies, Forbidden Depths",Embolden,Granite Cog,This creature has extra Defense equal to 50% of the creatures' Defense adjacent to it. This trait does not benefit from creatures that also have this trait.
Moss Golem,Golem,Nature,40,18,18,18,18,112,60,"Frostbite Caverns, Temple of Lies, Forbidden Depths",Mass Entanglement,Moss Cog,"After this creature Defends, each enemy has a 50% chance to be afflicted with Snared."
Haunted Golem,Golem,Death,42,17,17,17,17,110,90,"Frostbite Caverns, Temple of Lies, Forbidden Depths",Mechanical Illusion,Haunted Cog,"After this creature is killed, it reveals the creature that was haunting it."
Pumking,Golem,Sorcery,40,18,18,18,18,112,415,Chaos Guild,Pumpkin Spice,Giant Jack-o-lantern,"At the start of battle, your creatures swap their Maximum Health with their Defense."
Iron Golem,Golem,Sorcery,39,17,17,17,17,107,15,"Frostbite Caverns, Temple of Lies, Forbidden Depths",Self-Awareness,Iron Cog,Your Golems share their innate traits with each other.
Regal Golem,Golem,Life,42,17,17,17,17,110,45,"Frostbite Caverns, Temple of Lies, Forbidden Depths",Sense of Purpose,Regal Cog,"At the start of this creature's turn, your creatures recover 35% Health."
Mud Golem,Golem,Nature,42,17,17,17,17,110,135,"Frostbite Caverns, Temple of Lies, Forbidden Depths",Slop,Mud Cog,"After this creature is Attacked, enemies are afflicted with Blind. If enemies already have this debuff, it decreases their Speed by 20% instead."
Deranged Gorgon,Gorgon,Sorcery,27,20,20,15,20,102,34,"Bastion of the Void, Arachnid Nest",Blink,Deranged Snake,This creature's attacks deal 75% more damage and afflict the target with Stone.
Gorgon Gazer,Gorgon,Sorcery,32,22,22,12,17,105,34,"Bastion of the Void, Arachnid Nest",Deterioration,Gazer Snake,Enemy creatures deal 10% less damage with attacks and spells for each creature with Stone that is fighting on their side. This trait does not stack.
Gorgon Sorceress,Gorgon,Sorcery,32,20,20,15,20,107,34,"Bastion of the Void, Arachnid Nest",Eternal Jinx,Sorceress Snake,Enemies' Stone debuffs last forever. This creature deals 75% more damage to enemies with Stone.
Unhinged Gorgon,Gorgon,Sorcery,27,20,20,15,20,102,75,"Bastion of the Void, Arachnid Nest",Pulverizing Stare,Unhinged Snake,Enemy creatures take 50% more damage while they're afflicted with Stone. This trait does not stack.
Gorgon Witch,Gorgon,Sorcery,31,21,21,11,21,105,45,"Bastion of the Void, Arachnid Nest",Sealed Fate,Witch Snake,"When this creature Casts a single-target spell on an enemy, it deals 50% more damage and afflicts the target with Stone."
Medusa,Gorgon,Sorcery,28,21,21,16,21,107,60,"Bastion of the Void, Arachnid Nest",Steady Gaze,Medusa Snake,"When this creature takes damage from an attack or spell, it has a 50% chance to negate the damage and afflict the enemy with Stone."
Gorgon Trickster,Gorgon,Sorcery,30,20,20,18,20,108,90,"Bastion of the Void, Arachnid Nest",Treachery,Trickster Snake,"At the start of battle, this creature afflicts enemies with Stone."
Griffon Dreamfinder,Griffon,Life,26,21,16,16,26,105,49,"Unsullied Meadows, Fae Lands",All As One,Dreamfinder Beak,"After your Griffons receive a buff, they share a copy of that buff with all the Griffons fighting on your side. This trait does not stack."
Silverclaw Griffon,Griffon,Life,32,22,14,14,24,106,75,"Unsullied Meadows, Fae Lands",Colony,Silverclaw Beak,"After one of your other Griffons Defend, the rest of them Defend as well. This trait does not stack."
Razorfoot Griffon,Griffon,Life,28,20,15,15,25,103,60,"Unsullied Meadows, Fae Lands",Deafening Roar,Razorfoot Beak,Your Griffons deal 10% more damage for each Griffon fighting on your side. This trait does not stack.
Griffon Veteran,Griffon,Life,27,22,22,17,17,105,415,Life Guild,Gumption,Veteran Beak,"When this creature would take fatal damage, it has a 50% chance to be left with 1 Health instead."
Assault Griffon,Griffon,Life,30,20,15,15,25,105,49,"Unsullied Meadows, Fae Lands",Heavy Repercussions,Assault Beak,"At the end of this creature's turn, it has a 7% chance to take another turn for each Griffon fighting on your side."
Griffon Divebomber,Griffon,Life,26,21,16,16,26,105,49,"Unsullied Meadows, Fae Lands",Impending Victory,Divebomber Beak,"After one of your Griffons Attack, this creature Attacks a random enemy. This trait does not activate if the attacking Griffon also has this trait."
Griffon Screecher,Griffon,Life,30,20,15,15,25,105,49,"Unsullied Meadows, Fae Lands",Impunity,Screecher Beak,Your Griffons take 5% less damage for each Griffon fighting on your side. This trait does not stack.
Griffon Archer,Griffon,Life,29,20,15,15,25,104,90,"Unsullied Meadows, Fae Lands",Volley,Archer Break,Your Griffons have an independent 20% chance to deal critical damage with attacks for each Griffon fighting on your side. This trait does not stack.
Pyro Grimoire,Grimoire,Sorcery,24,12,27,17,22,102,90,Refuge of the Magi (Bookshelves),Book of the Arsonist,Pyro Parchment,This creature's spells that apply the Burning debuff deal 30% more damage. Enemies' Burning debuffs applied by this creature also deal 30% more damage.
Necro Grimoire,Grimoire,Sorcery,27,12,27,17,22,105,30,Refuge of the Magi (Bookshelves),Book of the Dead,Necro Parchment,"At the start of battle, this creature Casts its first 2 non-Ethereal Spell Gems that summon minions."
Ancient Grimoire,Grimoire,Sorcery,27,12,27,17,22,105,45,Refuge of the Magi (Bookshelves),Book of the Elder,Ancient Parchment,Your Grimoire creatures share copies of their first 2 equipped Spell Gems with each other. This trait does not stack.
Forbidden Grimoire,Grimoire,Sorcery,25,10,27,17,22,101,19,Refuge of the Magi (Bookshelves),Book of the Heretic,Forbidden Parchment,This creature's spells are 100% more potent but have a 25% chance to fizzle.
Faded Grimoire,Grimoire,Sorcery,27,12,27,17,22,105,60,Refuge of the Magi (Bookshelves),Book of the Lost,Faded Parchment,"When an enemy manually Casts a spell that is currently equipped by this creature, the spell has a 40% chance to fizzle and this creature Casts it instead."
Runic Grimoire,Grimoire,Sorcery,27,12,27,17,22,105,19,Refuge of the Magi (Bookshelves),Book of the Warlock,Runic Parchment,"Your creatures start battles with Arcane. At the end of your creatures' turns, they have a 30% chance to gain Arcane."
Eldritch Grimoire,Grimoire,Sorcery,25,10,25,18,23,101,415,Chaos Guild,Eldritch Essence,Eldritch Pumpkin,"When one of your other creatures dies, this creature Casts one of their spells twice."
Hidden Grimoire,Grimoire,Sorcery,27,12,27,17,22,105,75,Refuge of the Magi (Bookshelves),Lost Knowledge,Hidden Parchment,Your Grimoires Cast spells 1 additional time. This trait does not stack.
Benthic Guardian,Guardian,Nature,40,10,20,30,10,110,19 (1 for Mermaid),Mermaid Specialization & Starter,Gentle Giant,Immovable Shell,"At the start of battle, this creature's class changes to that of the creature to its left and gains a copy of the Fused trait of the creature to its right. This creature cannot deal direct damage with attacks or spells, but its spell potency is based on its Defense."
Harpy Marauder,Harpy,Chaos,32,22,17,12,22,105,90,"Unsullied Meadows, Cutthroat Jungle",Bad Omen,Marauder Crest,Enemies start battles with Blind.
Harpy Queen,Harpy,Chaos,33,23,18,13,18,105,75,"Unsullied Meadows, Cutthroat Jungle",BRAAAAWK!,Queen Crest,"At the end of each enemy's turn, this creature has a 50% chance to Cast a random spell."
Harpy Pillager,Harpy,Chaos,29,22,17,17,22,107,31,"Unsullied Meadows, Cutthroat Jungle",CAWW!,Pillager Crest,"When an enemy Attacks one of your creatures, its target is chosen at random from your other creatures."
Harpy Torturer,Harpy,Chaos,31,21,16,15,21,104,45,"Unsullied Meadows, Cutthroat Jungle",CURUKUKU!!,Torturer Crest,"When an enemy attempts to Cast a single-target spell on any other creature, they have a 50% chance to target themselves instead."
Harpy Eyegouger,Harpy,Chaos,31,21,16,16,21,105,31,"Unsullied Meadows, Cutthroat Jungle",KRAAW!!!,Eyegouger Crest,This creature's attacks deal 75% more damage and afflict Blind.
Malice Harpy,Harpy,Death,31,21,21,11,21,105,415,Death Guild,Red Wedding,Malice Crest,"At the start of battle, 3 of your creatures are killed. This trait does not stack."
Harpy Hag,Harpy,Chaos,32,21,16,16,21,106,60,"Unsullied Meadows, Cutthroat Jungle",SCRAAAW!,Hag Crest,"When enemies Defend or Provoke, this creature has a 50% chance to prevent this from happening."
Harpy Screamer,Harpy,Chaos,28,21,16,16,21,102,31,"Unsullied Meadows, Cutthroat Jungle",SKREEE!!,Screamer Crest,"At the start of each enemy's turn, this creature has a 20% chance to afflict it with Confused."
Lunar Hemomancer,Hemomancer,Death,34,24,14,14,19,105,10,Mortem God Shop (Favor Rank 8),Abation,Lunar Blood vial,"After this creature Attacks, it steals 20% of the target's Attack and Intelligence and gives it to your creatures."
Mutant Hemomancer,Hemomancer,Death,31,21,17,17,22,108,10,Mortem God Shop (Favor Rank 5),Depression,Mutant Blood Vial,"After this creature Attacks, it steals 20% of the target's Defense and gives it to your creatures."
Hemomancer Donor,Hemomancer,Death,34,24,14,14,19,105,10,Mortem God Shop (Favor Rank 14),From Hero to Zero,Donor Blood Vial,"After this creature Attacks, it removes the target's traits that it didn't start with in battle and gives them to your creatures."
Hemomancer Lord,Hemomancer,Death,33,23,13,16,21,106,10,Mortem God Shop (Favor Rank 1),Heartstopper,Lord Blood Vial,"After this creature Attacks, it steals 20% of the target's Speed and gives it to your creatures."
Hemomancer Seer,Hemomancer,Death,34,24,14,14,19,105,10,Mortem God Shop (Favor Rank 18),Mind Eraser,Seer Blood Vial,"After this creature Attacks, it Seals one of the target's Spell Gems and gives a copy of it to your creatures."
Hemomancer Devourer,Hemomancer,Death,34,24,14,14,19,105,10,Mortem God Shop (Favor Rank 11),World Domination,Devourer Blood Vial,Your Hemomancers' innate traits now activate when they are Attacked as well.
Herbling,Herbling,Nature,40,25,25,25,25,140,19,Grovetender Specialization,Photomorphogenesis,No Material Exists,"After this creature Attacks, it gains 5% Attack. After this creature Casts a spell, it gains 5% Intelligence. After this creature Defends, it gains 5% Defense. After this creature Provokes, it gains 5% Speed."
Blood Hound,Hound,Death,30,20,20,15,20,105,45,"Blood Grove, Kingdom of Heretics, Overgrown Temple",Blood Thirst,Blood Collar,Your creatures can have 5 additional stacks of Dire Wolves. This trait does not stack.
Thylacine,Hound,Death,30,20,20,15,20,105,945,Defeat all Nether Bosses 5 times,Eye of the Thylacine,No Material Exists,"After this creature Attacks or Casts a spell, your Godspawn creatures perform the same action. Your creatures deal 95% less damage."
Horror Hound,Hound,Death,33,20,20,15,20,108,60,"Blood Grove, Kingdom of Heretics, Overgrown Temple",Fingertip Nip,Horror Collar,Your creatures' Dire Wolves deal additional damage equal to 20% of their master's Attack. This trait does not stack.
Hell Hound,Hound,Death,29,19,19,16,21,104,75,"Blood Grove, Kingdom of Heretics, Overgrown Temple",Hound Legion,Hell Collar,Your creatures' Dire Wolves will never go away.
Terror Hound,Hound,Death,30,20,20,15,20,105,1,"Blood Grove, Kingdom of Heretics, Overgrown Temple",Nature of the Beast,Terror Collar,Your creatures start battles with 3 stacks of Dire Wolves. This trait does not stack.
Dread Hound,Hound,Death,30,20,20,15,20,105,15 (1 for Necromancer),"Blood Grove, Kingdom of Heretics, Overgrown Temple, Necromancer Starter",Summon the Pack,Dread Collar,"At the start of your creatures' turns, they gain 1 stack of Dire Wolves. This trait does not stack."
Bone Hound,Hound,Death,32,22,19,14,19,106,90,"Blood Grove, Kingdom of Heretics, Overgrown Temple",Uncharted,Bone Collar,Your Hounds deal 5% more damage for each stack of Dire Wolves each of your creatures have. This trait does not stack.
Panic Hound,Hound,Death,30,20,20,12,20,102,30,"Blood Grove, Kingdom of Heretics, Overgrown Temple",Vicious Bite,Panic Collar,Your creatures deal 2% more damage for each stack of Dire Wolves each of your creatures have. This trait does not stack.
Hunter Director,Hunter,Nature,25,20,20,10,25,100,60,The Swamplands (Hunter's Lodge),Director's Cut,Director Glaive,"After this creature Attacks, it deals damage to a random enemy equal to 70% of the attack's damage. This effect repeats once for each Hunter fighting on your side."
Silent Hunter,Hunter,Nature,25,20,20,10,25,100,105,The Swamplands (Hunter's Lodge),Glaive of Destruction,Silent Glaive,"After this creature Attacks, it deals damage to a random enemy equal to 20% of its Current Health. This effect repeats once for each Hunter fighting on your side."
Light Hunter,Hunter,Nature,26,21,21,11,26,105,16,The Swamplands (Hunter's Lodge),Glaive of Hungering,Light Glaive,"After this creature Attacks, it deals damage to a random enemy equal to 35% of the attack's damage and heals itself for 100% of this damage. This effect repeats once for each Hunter fighting on your side."
Heretic Hunter,Hunter,Nature,25,20,20,10,25,100,75,The Swamplands (Hunter's Lodge),Glaive of Justice,Heretic Glaive,"After this creature Attacks, it deals damage to a random enemy equal to 35% of the attack's damage and has a 50% chance to Cast Holy Smite. This effect repeats once for each Hunter fighting on your side."
Hunter Scout,Hunter,Nature,27,21,21,11,26,106,90,The Swamplands (Hunter's Lodge),Glaive of Power,Scout Glaive,"After this creature Attacks, it deals damage to a random enemy equal to 35% of the attack's damage and gains 15% of its lowest stat. This effect repeats once for each Hunter fighting on your side."
Faith Hunter,Hunter,Nature,21,16,23,13,28,101,45,The Swamplands (Hunter's Lodge),Glaive of Prayer,Faith Glaive,"After this creature Attacks, it deals damage to a random enemy equal to 35% of the attack's damage and has a 20% chance to resurrect a random ally with 40% Health. This effect repeats once for each Hunter fighting on your side."
Servant Hunter,Hunter,Nature,26,21,21,11,26,105,16,The Swamplands (Hunter's Lodge),Hunter's Season,Servant Glaive,"After this creature Attacks, it deals damage to a random enemy equal to 35% of the attack's damage and afflicts them with Poisoned. This effect repeats once for each Hunter fighting on your side."
Moon Hunter,Hunter,Nature,25,20,20,10,25,100,30,The Swamplands (Hunter's Lodge),Razorsharp,Moon Glaive,"After this creature Attacks, it deals damage to a random enemy equal to 35% of the attack's damage, with a 40% chance to deal 100% of the attack's damage. This effect repeats once for each Hunter fighting on your side."
Silver Imler,Imler,Nature,39,27,7,27,7,107,60,The Swamplands (Im Cave),Devotion,Silver Ore,"If you only have one Imler and one Imling fighting on your side, both creatures take 65% less damage. This trait does not stack."
Redstone Imler,Imler,Nature,40,28,8,28,8,112,16,The Swamplands (Im Cave),Lead By Example,Redstone Ore,"Your Imlings gain 25% of the Attack, Intelligence, Defense, and Speed bonuses from this creature's Artifact."
Boulder Imler,Imler,Nature,43,28,7,27,7,112,30,The Swamplands (Im Cave),Next Generation,Boulder Ore,"After this creature dies, it grants 30% of its Attack, Intelligence, Defense, Speed, and its innate trait to your Imlings."
Marble Imler,Imler,Nature,36,28,8,28,8,108,90,The Swamplands (Im Cave),Nothing to Lose,Marble Ore,"After one of your Imlings dies, this creature Attacks random enemies 5 times."
Sandstone Imler,Imler,Nature,43,27,7,27,7,111,16,The Swamplands (Im Cave),Patriarchy,Sandstone Ore,This creature takes all damage from attacks and spells in place of your Imlings.
Mithril Imler,Imler,Nature,42,27,7,27,7,110,75,The Swamplands (Im Cave),Spirit Link,Mithril Ore,Your Imlers and Imlings take 10% less damage for each Imler and Imling fighting on your side. Maximum of 90% damage reduction. This trait does not stack.
Trick Imler,Imler,Nature,37,28,8,28,8,109,415,Death Guild,Monstrous Rampage,Trick Pumpkin,"After your creatures Provoke, they deal damage to a random enemy equal to 50% of their Attack. This trait does not stack."
Iron Imler,Imler,Nature,40,28,8,28,8,112,45,The Swamplands (Im Cave),Vengeance,Iron Ore,"After your Imlings die, this creature gains 100% Attack and 50% Speed."
Treat Imling,Imling,Nature,32,12,26,11,26,107,415,Sorcery Guild,Crazy Idea,Treat Pumpkin,"While this creature is dead, it Casts a random spell at the start of each enemy's turn."
Rock Imling,Imling,Nature,31,11,26,11,26,105,90,The Swamplands (Im Cave),Everything to Gain,Rock Charm,"After one of your Imlers dies, this creature Casts its first 5 non-Ethereal spells."
Leda Imling,Imling,Nature,28,11,26,11,26,102,16,The Swamplands (Im Cave),Ingenuity,Leda Charm,"Your Imlers gain 25% of the Attack, Intelligence, Defense, and Speed bonuses from this creature's artifact."
Rancid Imling,Imling,Nature,31,11,26,11,26,105,60,The Swamplands (Im Cave),Jealousy,Rancid Charm,"If you only have one Imler and one Imling fighting on your side, both creatures share 50% of their base Attack, Intelligence, Defense, and Speed with each other. This trait does not stack."
Varve Imling,Imling,Nature,29,12,27,12,27,107,16,The Swamplands (Im Cave),Patch Up,Varve Charm,"After your Imlers are damaged, they recover 20% Health. This trait does not stack."
Tainted Imling,Imling,Nature,32,12,27,7,27,105,30,The Swamplands (Im Cave),Rapid Evolution,Tainted Charm,"At the start of battle, this creature fuses with a copy of a random Imler adjacent to it."
Putrid Imling,Imling,Nature,28,11,26,11,26,102,45,The Swamplands (Im Cave),Thick and Thin,Putrid Charm,"After your Imlers die, they have a 50% chance to be resurrected with 100% Health. This trait does not stack."
Diamond Imling,Imling,Nature,31,11,26,11,26,105,75,The Swamplands (Im Cave),Trove,Diamond Charm,"At the start of battle, your Imlers and Imlings share copies of their first 3 non-Ethereal Spell Gems with each other."
Imp Ritualist,Imp,Nature,31,16,21,16,21,105,60,"Cutthroat Jungle, Gambler's Hive",Creationism,Ritualist Totem,"When your creatures Cast a damaging Nature spell, each of your creatures contribute 10% of their Intelligence toward the damage dealt. This trait does not stack."
Imp Necromancer,Imp,Nature,31,16,21,16,21,105,75,"Cutthroat Jungle, Gambler's Hive",Darkness Fate,Necromancer Totem,Your creatures have 7% more Speed for each permanent Nature Spell Gem each of your creatures have equipped. Maximum of 3 Spell Gems per creature. This trait does not stack.
Imp Hexer,Imp,Nature,31,16,21,16,21,105,31 (1 for Warden),"Cutthroat Jungle, Gambler's Hive, Warden Starter",Earthen Attunement,Hexer Totem,"At the start of battle, your creatures gain Shellbust. This spell is cast 1 additional time."
Imp Bishop,Imp,Life,28,13,28,18,18,105,415,Life Guild,Grayscale,Bishop Totem,"After this creature Casts a spell, it resurrects a random ally with 50% Health."
Imp Shaman,Imp,Nature,32,17,22,12,22,105,31,"Cutthroat Jungle, Gambler's Hive",Incarnation,Shaman Totem,"When your creatures Cast a single-target Nature spell, they have a 50% chance to Cast the spell on all the creatures fighting on the target's side. This trait does not stack."
Imp Incarnate,Imp,Nature,30,15,20,18,23,106,90,"Cutthroat Jungle, Gambler's Hive",Miracle of the Mind,Incarnate Totem,Your creatures' Spell Gems have a 50% chance to Cast 1 additional time. This trait does not stack.
Imp Sacrificer,Imp,Nature,28,16,21,16,21,102,31,"Cutthroat Jungle, Gambler's Hive",Ordinary Abnormality,Sacrificer Totem,Your creatures' Nature spells Cast 1 additional time. This trait does not stack.
Imp Inscriber,Imp,Nature,29,17,22,17,22,107,45,"Cutthroat Jungle, Gambler's Hive",Voodoo,Inscriber Totem,This creature takes 10% less damage (up to 50%) for each non-Ethereal Nature Spell Gem it has equipped.
Inquisitor Egglayer,Inquisitor,Nature,36,16,21,21,16,110,37,"Torture Chamber, Eternity's End",Mass Summoning,Egglayer Chalice,"At the start of battle, your creatures gain 1 to 3 random minions. This trait does not stack."
Inquisitor Countess,Inquisitor,Nature,33,13,21,21,16,104,75,"Torture Chamber, Eternity's End",On A Pale Horse,Countess Chalice,"Your creatures' Conquest, Death, Famine, and War are 100% more powerful. This trait does not stack."
Infernal Inquisitor,Inquisitor,Nature,35,15,20,20,15,105,60,"Torture Chamber, Eternity's End",Open The Portals,Infernal Chalice,"After this creature Attacks, it gains a random minion. After your other creatures Attack, they have a 30% chance to gain a random minion. This trait does not stack."
Carnivorous Inquisitor,Inquisitor,Nature,35,15,20,20,15,105,37,"Torture Chamber, Eternity's End",Permanence,Carnivorous Chalice,Your creatures' minions have a 50% lower chance to go away. This trait does not stack.
Inquisitor Weaver,Inquisitor,Nature,35,15,20,22,15,107,45,"Torture Chamber, Eternity's End",Pleasant Disease,Weaver Chalice,"When your creatures' Writhelings minions afflict a debuff, they also grant one of your creatures a random buff. In addition, your creatures start battles with 1 Writhelings."
Watchful Inquisitor,Inquisitor,Nature,36,16,21,21,16,110,37,"Torture Chamber, Eternity's End",The Walking Dead,Watchful Chalice,"Your creatures' Zombies minions now deal damage based on their master's highest stat. In addition, your creatures start battles with 1 Zombies. This trait does not stack."
Night Koloss,Koloss,Sorcery,36,23,13,23,13,108,15,"Frostbite Caverns, Titan's Wound",Big Boned,Night Blade,"At the start of battle, this creature gains Maximum Health equal to 35% of its Attack, Intelligence, Defense, and Speed. Then, these stats are set to their minimum values."
Koloss Firebrand,Koloss,Sorcery,40,23,13,23,13,112,4,"Frostbite Caverns, Titan's Wound",Division of Mortality,Flaming Blade,This creature deals additional damage with attacks and spells equal to its Current Health minus the target's Current Health.
Koloss Champion,Koloss,Sorcery,42,22,12,22,12,110,75,"Frostbite Caverns, Titan's Wound",Heart Versus Mind,Bastard Blade,"After your creatures' Barrier buffs are damaged and destroyed, they gain 50% of the original strength of the Barrier as Maximum Health. This trait does not stack."
Bestial Koloss,Koloss,Sorcery,40,23,13,23,13,112,60,"Frostbite Caverns, Titan's Wound",Hearty Appetite,Dull Blade,"After your creatures gain Attack, Intelligence, Defense, or Speed, they gain 20% of that amount as Maximum Health as well. This trait does not stack."
Koloss Doombringer,Koloss,Sorcery,43,22,12,22,12,111,30,"Frostbite Caverns, Titan's Wound",Rise Above,Imperfect Blade,"After your creatures are healed, they gain 5% of that amount as Maximum Health as well. This trait does not stack."
Koloss Eradicator,Koloss,Sorcery,42,22,12,22,12,110,45,"Frostbite Caverns, Titan's Wound",Trauma Prevention,Serrated Blade,"When your creatures gain a Barrier, the strength of the Barrier is increased by an amount equal to 25% of their Maximum Health. This trait does not stack."
Abyssal Kraken,Kraken,Chaos,32,19,19,19,19,108,75,"Faraway Enclave, Where the Dead Ships Dwell",Abyssal Waters,Ghastly Sucker,"As long as your creatures haven't gained or lost stats, they have 75% more stats (other than Health). This trait does not stack."
Kraken Hundredhand,Kraken,Chaos,33,18,18,18,18,105,60,"Faraway Enclave, Where the Dead Ships Dwell",Hundred Hands,Repulsive Sucker,"As long as your creatures haven't gained or lost stats, this creature has 200% more stats (other than Health)."
Inkjet Kraken,Kraken,Chaos,38,18,18,18,18,110,40,"Faraway Enclave, Where the Dead Ships Dwell",Inky Escape,Gross Sucker,"As long as this creature hasn't gained or lost Speed, it has 200% more Speed and has Agile."
Ironside Kraken,Kraken,Chaos,33,18,18,17,18,104,45,"Faraway Enclave, Where the Dead Ships Dwell",Iron Shell,Hideous Sucker,"As long as this creature hasn't gained or lost Defense, it has 200% more Defense and has Protected."
Kraken Shipbreaker,Kraken,Chaos,31,19,19,19,19,107,40,"Faraway Enclave, Where the Dead Ships Dwell",Shipbreaker,Dreadful Sucker,"As long as this creature hasn't gained or lost Attack, it has 200% more Attack and has Berserk."
Unblinking Kraken,Kraken,Chaos,32,17,17,20,20,106,40,"Faraway Enclave, Where the Dead Ships Dwell",Unblinking Eyes,Creepy Sucker,"As long as this creature hasn't gained or lost Intelligence, it has 200% more Intelligence and has Arcane."
Oozing Leech,Leech,Death,42,22,17,17,12,110,15,"Arachnid Nest, Titan's Wound",Blood Barrier,Oozing Cyst,"After your creatures are healed by their Leeching buff, they gain a Barrier that absorbs damage equal to 50% of the amount recovered. This trait does not stack."
Oculum Leech,Leech,Death,40,23,18,18,13,112,10,"Arachnid Nest, Titan's Wound",Bloodlust,Oculum Cyst,Your creatures always have Leeching and receive 30% more healing.
Leech Digger,Leech,Death,43,23,17,17,12,112,30,"Arachnid Nest, Titan's Wound",Cleansed Blood,Digger Cyst,Your creatures with Leeching deal 30% more damage and no longer take damage from Blighted. This trait does not stack.
Leech Devourer,Leech,Death,40,23,18,18,13,112,45,"Arachnid Nest, Titan's Wound",Coming Undone,Devourer Cyst,"After your creatures with Leeching Attack, they gain 10% Attack, Intelligence, Defense, and Speed. This trait does not stack."
Moon Leech,Leech,Death,42,22,17,17,12,110,75,"Arachnid Nest, Titan's Wound",Deeper Sucking,Celestial Cyst,Your creatures' Leeching buff is 100% more effective. This trait does not stack.
Toxic Leech,Leech,Death,40,23,18,18,13,112,60,"Arachnid Nest, Titan's Wound",Imbibe,Toxic Cyst,"After your creatures with Leeching take damage, they are healed for an amount equal to 40% of the damage taken. This trait does not stack."
Blood Leper,Leper,Death,37,22,18,18,13,108,60,Torture Chamber (Iron Maidens),Blood Boil,Blood Pimple,"After this creature Provokes, it explodes and dies, dealing damage to enemies equal to 50% of its Speed for each debuff it had before it died."
Crazed Leper,Leper,Death,37,23,18,18,13,109,55,Torture Chamber (Iron Maidens),Final Excretion,Crazed Pimple,"After an enemy dies, this creature Casts Corpse Explosion."
Leper Defiler,Leper,Death,37,22,17,18,13,107,55,Torture Chamber (Iron Maidens),Hugs and Kisses,Defiler Pimple,"After this creature takes damage from an attack or spell, it afflicts the enemy with a random debuff."
Addled Leper,Leper,Death,38,23,18,18,13,110,90,Torture Chamber (Iron Maidens),Lush Licks,Addled Pimple,"After your creatures Attack, they afflict their target with a copy of their debuffs."
Grave Leper,Leper,Death,38,23,18,18,13,110,105,Torture Chamber (Iron Maidens),Puppet Master,Grave Pimple,This creature deals 20% more damage and takes 5% less damage for each minion it has.
Leper Blightbringer,Leper,Death,37,22,17,18,12,106,55,Torture Chamber (Iron Maidens),Pus and Pox,Blightbringer Pimple,"At the start of each enemy's turn, this creature afflicts them with a random debuff. This trait does not stack."
Leper Plaguespreader,Leper,Death,38,23,18,15,13,107,55,Torture Chamber (Iron Maidens),Stank,Plaguespreader Pimple,Enemies deal 5% less damage (up to 90%) and take 7% more damage for each debuff they have. This trait does not stack.
Tortured Leper,Leper,Death,38,23,18,15,13,107,75,Torture Chamber (Iron Maidens),Wrong Side,Tortured Pimple,"After your creatures are afflicted with a debuff, they have a 40% chance to remove the debuff and give it to a random enemy. This trait does not stack."
Lich Overseer,Lich,Death,28,13,28,13,23,105,45,"Path of the Damned, Sanctum Umbra",Dark Aegis,Overseer Knife,Your creatures have 7% more Defense for each non-Ethereal Death Spell Gem each of your creatures have equipped. Maximum of 3 Spell Gems per creature. This trait does not stack.
Lich King,Lich,Death,31,13,28,13,23,108,75,"Path of the Damned, Sanctum Umbra",Hail to the King,King Knife,"At the start of battle, this creature gains Summon Conquest, Summon War, Summon Death, and Summon Famine."
Lich Bloodletter,Lich,Death,31,12,27,12,22,104,60,"Path of the Damned, Sanctum Umbra",Heretic Blood,Bloodletter Knife,Your creatures' Death spells now cost 20% Health and don't consume any Charges.
Lich Necromancer,Lich,Death,31,12,27,12,22,104,90,"Path of the Damned, Sanctum Umbra",Necromastery,Necromancer Knife,Your creatures' Spell Gems that summon minions do not consume any Charges.
Lich Hellcaster,Lich,Death,31,12,27,12,22,104,30,"Path of the Damned, Sanctum Umbra",Necronomicon,Hellcaster Knife,"This creature Casts Death spells 2 additional times, but these spells act as if this creature has 50% less Intelligence."
Lich Shadowcaster,Lich,Death,32,12,27,13,22,106,15,"Path of the Damned, Sanctum Umbra",Sacrimony,Shadowcaster Knife,Your creatures Cast Death spells as if they have 100% more Intelligence. This trait does not stack.
Lich Priest,Lich,Death,27,13,28,13,23,104,13,"Path of the Damned, Sanctum Umbra",Unholy Prayer,Priest Knife,"At the start of battle, your creatures gain Murder of Crows. This spell deals damage 2 additional times."
Lich Netherwalker,Lich,Sorcery,33,18,18,18,18,105,415,Sorcery Guild,Watch of the Buried,Netherwalker Knife,"When this creature gains a minion, that minion's number of stacks is set to the maximum amount."
Lucanian Archunter,Lucanian,Chaos,35,25,25,15,20,120,,The Barrens,The High Hunt,Archunter's Token,"After this creature Attacks, it gains 10% Intelligence. After this creature Casts a spell, it gains 10% Attack."
Lucanian Armiger,Lucanian,Death,35,25,25,25,10,120,,The Barrens,Armiger Strike,Armiger's Token,This creature takes 5% less damage for each time it has Attacked. This creature has 3% more Attack and Intelligence for each time it has Cast a spell.
Lucanian Aspectal,Lucanian,Sorcery,32,15,28,15,20,110,,The Barrens,Consuming Knowledge,Aspectal's Token,"After your creatures Attack, their non-Ultimate Spell Gems gain 1 Charge. This trait can only activate once per turn for each creature. This trait does not stack."
Lucanian Illuminator,Lucanian,Life,35,28,28,15,14,120,,The Barrens,The Golden Sign,Illuminator's Token,"At the start of battle, your creatures either gain 100% Attack and Scorned, or 100% Intelligence and Silenced. This trait does not stack."
Lucanian Soulbinder,Lucanian,Sorcery,35,25,25,15,20,120,,The Barrens,Soul Exchange,Soulbinder's Token,"At the start of battle, your creatures' Attack and Intelligence are set to whichever is highest."
Lucanian Windrider,Lucanian,Nature,30,25,25,15,25,120,,The Barrens,Big Wings,Windrider's Token,"If this creature's Attack and Intelligence are within 100% of each other, it always deals critical damage and enemies cannot dodge its attacks."
Club Luckmantria,Luckmantria,Nature,24,4,27,17,27,99,64,Gambler's Hive (House of Cards),Showdown,Torn Card (Club),"If this creature's Intelligence is higher than that of any enemy, it has 200% more Intelligence."
Diamond Luckmantria,Luckmantria,Nature,27,7,27,17,27,105,64,Gambler's Hive (House of Cards),Semi-Bluff,Torn Card (Diamond),"While this creature is Defending, its Intelligence is swapped with its Defense. This creature takes 30% less damage while it is Defending."
Heart Luckmantria,Luckmantria,Nature,26,6,26,16,26,100,64,Gambler's Hive (House of Cards),Ante,Torn Card (Heart),This creature has addtional Intelligence equal to 5% of your other creatures' Current Health.
Spade Luckmantria,Luckmantria,Nature,26,6,26,16,26,100,64,Gambler's Hive (House of Cards),Drawing Dead,Torn Card (Spade),"If this creature's Attack is lower than that of any enemy, it has 100% more Attack."
Ace Luckmantria,Luckmantria,Nature,21,7,27,17,27,99,64,Gambler's Hive (House of Cards),Royal Flush,Torn Card (Ace),Your Luckmantria creatures share their innate traits with each other.
Joker Luckmantria,Luckmantria,Nature,25,5,28,18,18,94,75,Gambler's Hive (House of Cards),Implied Odds,Torn Card (Joker),"After a creature is killed, your creatures gain a random buff. This trait does not stack."
Maniac Huntsman,Maniac,Chaos,35,20,20,15,20,110,15,"Cutthroat Jungle, Caustic Reactor, Forgotten Lab",Bad Blood,Hunter Foot,"After your creatures are killed, this creature afflicts enemies with Poisoned, Burning and Bleeding."
Maniac Mutant,Maniac,Chaos,32,17,20,15,20,104,7,"Cutthroat Jungle, Caustic Reactor, Forgotten Lab",Cannibalistic Tendencies,Mutant Foot,"After your creatures Provoke, they are killed, and your other creatures gain 20% of their Attack, Intelligence, Defense, and Speed. This trait does not stack."
Maniac Chief,Maniac,Chaos,32,20,20,15,20,107,45,"Cutthroat Jungle, Caustic Reactor, Forgotten Lab",Detonation,Leader Foot,"After this creature Provokes, your other Maniacs are killed, and deal damage to all enemies equal to 25% of your affected creatures' Maximum Health."
Armored Maniac,Maniac,Chaos,29,14,19,17,27,106,60,"Cutthroat Jungle, Caustic Reactor, Forgotten Lab",Meat Bomb,Armored Foot,"After this creature provokes, it deals damage to all enemies equal to 50% of its missing Health. Then, it is killed."
Maniac Warrior,Maniac,Chaos,36,21,21,11,21,110,30,"Cutthroat Jungle, Caustic Reactor, Forgotten Lab",Nice Haircut,Warrior Foot,"After your Maniacs are killed while it is an ally's turn, they have a 50% chance to be resurrected with 50% Health. This trait does not stack."
Maniac Builder,Maniac,Chaos,36,20,20,15,20,111,75,"Cutthroat Jungle, Caustic Reactor, Forgotten Lab",No Fear,Builder Foot,"While your creatures are below 35% Health, they deal 100% more damage. This trait does not stack."
Manticore Decimator,Manticore,Chaos,31,21,16,16,21,105,45,"Faraway Enclave, Overgrown Temple, Amalgam Gardens",Beast Within,Decimator Tail,"After your creatures gain a stat other than Attack, they gain 50% of that stat as Attack as well. This trait does not stack."
Sabertooth Manticore,Manticore,Chaos,32,17,22,12,22,105,415,Chaos Guild,Conservation,Sabertooth Tail,"At the start of this creature's turn, it gains Defense equal to 30% of its highest stat."
Prowling Manticore,Manticore,Chaos,30,20,15,18,23,106,75,"Faraway Enclave, Overgrown Temple, Amalgam Gardens",Covert,Prowling Tail,The Timeline order is determined by your creatures' Attack rather than their Speed.
Martyaxwar,Manticore,Chaos,32,21,16,16,21,106,90,"Faraway Enclave, Overgrown Temple, Amalgam Gardens",Mouth For War,Martyaxwar Tail,"After this creature Casts a single-target spell on an enemy, it also attacks that enemy 2 times."
Flailing Manticore,Manticore,Chaos,32,21,16,16,21,106,43,"Faraway Enclave, Overgrown Temple, Amalgam Gardens",Parry,Flailing Tail,"At the start of this creature's turn, it gains Defense equal to 50% of its Attack."
Sawback Manticore,Manticore,Chaos,32,21,16,16,21,106,60,"Faraway Enclave, Overgrown Temple, Amalgam Gardens",Razor Hide,Sawback Tail,"After this creature is Attacked, it deals damage equal to 75% of its Attack to the enemy."
Crimson Manticore,Manticore,Chaos,32,22,16,16,21,107,43,"Faraway Enclave, Overgrown Temple, Amalgam Gardens",The Crimson,Crimson Tail,Enemies attack as if they have 40% less Attack. This trait does not stack.
Manticore Conquerer,Manticore,Chaos,31,21,16,16,21,105,43,"Faraway Enclave, Overgrown Temple, Amalgam Gardens",Whiplash,Conqueror Tail,"After this creature Attacks, it also deals damage to 2 other enemies equal to 40% of its Attack."
Marionette Ballerina,Marionette,Chaos,30,20,20,15,25,110,,Where the Dead Ships Dwell,Grand Pas,Arabesque Lace,Your creatures' attacks and spells ignore 20% of Defending and Provoking enemies' Defense. This effect is increased by 100% if the target is both Defending and Provoking. This trait does not stack.
Maionette Charlatan,Marionette,Chaos,32,25,20,15,18,110,,Where the Dead Ships Dwell,Hoodwink,Snake Lace,Enemies always have Taunting. Enemies with Blind have a 50% chance to target Provoking allies with attacks and spells. This trait does not stack.
Marionette Demoiselle,Marionette,Chaos,35,20,25,20,20,120,,Where the Dead Ships Dwell,Innocence,Maiden Lace,Enemies with Cursed take 10% more damage from this debuff for each time an enemy has taken Cursed damage in the current battle. This trait does not stack.
Marionette Evangelist,Marionette,Chaos,35,15,25,20,15,110,,Where the Dead Ships Dwell,Adoration,Vestment Lace,"At the end of each enemy's turn, they Cast a healing Spell Gem equipped by this creature in your favor. This trait does not stack."
Marionette Harlequin,Marionette,Chaos,30,25,20,15,20,110,,Where the Dead Ships Dwell,Circus Reverie,Clown Lace,Your creatures deal additional damage with attacks and spells equal to 10% of their Attack for each buff their target has. This trait does not stack.
Marionette Hypnotist,Marionette,Chaos,32,15,28,15,20,110,,Where the Dead Ships Dwell,Entrancing,Mesmerising Lace,"Enemies always have Defensive. After an enemy Defends, this creature afflicts them with Blind and Sleeping. This trait does not stack."
Marionette Medium,Marionette,Chaos,35,15,25,20,15,110,,Where the Dead Ships Dwell,Heartstrings,Seance Lace,"At the end of each enemy's turn, they Cast one of their spells. After an enemy wth Cursed Casts a spell, they take damage equal to 20% of this creature's Intelligence. This trait does not stack."
Marionette Primadonna,Marionette,Chaos,32,25,20,15,18,110,,Where the Dead Ships Dwell,Spotlight,Diva Lace,"At the end of each enemy's turn, they Attack this creature for 15% normal damage and are afflicted with Cursed. This trait does not stack."
Marionette Virtuoso,Marionette,Chaos,32,20,25,15,18,110,,Where the Dead Ships Dwell,Glissando,Harper Lace,"Enemies always have Agile. The first time an enemy dodges each turn, each of your creatures Attack that enemy for 50% normal damage. This trait does not stack."
Masochist Witch,Masochist,Sorcery,28,23,23,8,23,105,64,Astral Gallery (Bust Carvings),Binary Affliction,Witch Stake,"After this creature Attacks, it gains a random buff and afflicts its target with a random debuff."
Macabre Masochist,Masochist,Sorcery,28,23,23,8,23,105,64,Astral Gallery (Bust Carvings),Boon to Bane,Macabre Stake,"When an enemy creature would gain a buff, they have a 50% chance to gain a debuff instead. This trait does not stack."
Favored Masochist,Masochist,Sorcery,28,23,23,8,23,105,75,Astral Gallery (Bust Carvings),Lust for Punishment,Favored Stake,Your creatures deal 40% more damage for each debuff they have. This trait does not stack.
Sanguine Masochist,Masochist,Sorcery,31,26,21,6,21,105,64,Astral Gallery (Bust Carvings),Phlebotomize,Sanguine Stake,"After this creature Defends, it removes its debuffs and heals your creatures for 50% Health for each debuff removed."
Masochist Freak,Masochist,Chaos,31,21,16,16,21,105,415,Chaos Guild,Redefined,Freak Stake,"Your creatures' traits and other effects that are influenced by the number of buffs they have also count their debuffs as well, and vice versa."
Lurid Masochist,Masochist,Sorcery,30,23,23,8,23,107,64,Astral Gallery (Bust Carvings),Shrug Off,Lurid Stake,"At the start of your creatures' turns, each of their debuffs has a 35% chance to be removed. This trait does not stack."
Masochist Angler,Masochist,Sorcery,30,23,23,8,23,107,64,Astral Gallery (Bust Carvings),Under Stress,Angler Stake,Your creatures have an independent 20% chance to dodge attacks and deal critical damage for each debuff they have. This trait does not stack.
Sadomasochist,Masochist,Sorcery,28,23,23,8,23,105,90,Astral Gallery (Bust Carvings),Vendetta,Sadomasochist Stake,This creature Attacks and Casts an additional number of times equal to the number of debuffs it has.
Killer Cooler,Mimic,Chaos,30,23,23,23,9,108,415,Chaos Guild,Hydration,Killer Drink,"At the start of battle, this creature gains 5 random traits."
Gift Mimic,Mimic,Chaos,30,21,24,24,7,106,415,Sorcery Guild,Nothing But Coal,Mimic Gift,"When this creature dies, it deals damage to enemies equal to 35% of its Attack."
Pandora,Mimic,Chaos,22,22,22,22,22,110,1,Rare Encounter from Treasure Chests,Pandora's Box,No Material Exists,"At the start of battle, this creature Casts 5 random spells, one from each class."
Mimic,Mimic,Chaos,30,24,23,23,8,108,1,Rare Encounter from Treasure Chests,Surprise!,No Material Exists,This creature always starts battle at the top of the Timeline.
Minotaur Warrior,Minotaur,Chaos,36,21,16,21,16,110,55,"Torture Chamber, Kingdom of Heretics",Blood Crazed,Warrior Plate,"After this creature is Attacked, it gains 35% Attack and recovers Health equal to 40% of the damage taken."
Minotaur Juggernaut,Minotaur,Chaos,36,21,16,21,16,110,60,"Torture Chamber, Kingdom of Heretics",Flesh Wound,Juggernaut Plate,"After this creature takes damage while below 50% Health, it gains a Barrier that absorbs damage equal to 100% of its Maximum Health."
Minotaur Earthshaker,Minotaur,Chaos,35,20,15,20,15,105,55,"Torture Chamber, Kingdom of Heretics",Fracture,Earthshaker Plate,"After this creature is Attacked, it deals 50% of the damage taken to all enemies. This damage cannot exceed 100% of your creature's Maximum Health."
Minotaur Lancer,Minotaur,Chaos,33,21,16,21,16,107,90,"Torture Chamber, Kingdom of Heretics",Piercing Focus,Lancer Plate,This creature's attacks ignore 1% of the target's Defense for every 1% Health this creature is missing.
Minotaur Battlemaster,Minotaur,Chaos,35,20,15,20,15,105,55,"Torture Chamber, Kingdom of Heretics",Resolve,Battlemaster Plate,"While this creature is below 50% Health, it is immune to debuffs and takes 50% less damage."
Minotaur Skullcrusher,Minotaur,Chaos,35,20,15,20,15,105,55,"Torture Chamber, Kingdom of Heretics",Rise to Fall,Skullcrusher Plate,"After this creature Attacks, it recovers 30% Health. In addition, this creature receives 5% more healing from all sources for every 1% of Health it is missing."
Minotaur Behemoth,Minotaur,Chaos,35,20,15,20,15,105,75,"Torture Chamber, Kingdom of Heretics",Seeing Red,Behemoth Plate,"While your creatures are below 75% Health, they have Berserk and take 25% less damage. This trait does not stack."
Kaleido-toad,Mireling,Sorcery,35,18,25,18,14,110,,Cutthroat Jungle,Prismatic One,Opalscent Eye,"At the start of battle, this creature's class is randomized, prioritizing classes not on your team. Then, it copies the top-most Spell Gem of each ally of a different class, but current Charges are set to 1."
Mireling Arbitrator,Mireling,Life,35,20,20,20,20,115,,Cutthroat Jungle,Power In Balance,Balancing Scale,"After all start-of-battle effects, this creature's stats (other than Health) are averaged, then it gains 10% stats (other than Health) for each unique class among your creatures. This creature's stat changes persist through death."
Mireling Corruptor,Mireling,Death,35,20,25,15,15,110,,Cutthroat Jungle,Enfeebling Haze,Charm of Decay,Creatures lose 10% more stats for each unique class among your creatures. Creatures recieve additional damage from attacks and spells equal to 5% of their lost stats. This trait does not stack.
Mireling Dart Frog,Mireling,Nature,30,15,25,15,25,110,,Cutthroat Jungle,Scoundrel Strike,Blowgun,Toxic Frogmania cast by your creatures always deals massive damage based on the caster's lowest stat and afflicts the target with Poisoned. The potency of the spell is increased by 20% for each unique class among your creatures. This trait does not stack.
Mireling Spellscatterer,Mireling,Sorcery,32,15,28,15,20,110,,Cutthroat Jungle,Rain of Magic,Mini Gem,"At the start of battle, this creature's spells with the ""Cascading"" property gain 4 additional maximum Charges for each unique class among your creatures. Does not work on Ultimate Spells."
Mireling Striker,Mireling,Chaos,32,28,15,15,20,110,,Cutthroat Jungle,Conduit Strike,Energy Glove,"This creature can equip an additional Spell Gem for each unique class among your creatures. When this creature Attacks, it consumes a Charge from each of its Spell Gems to deal additional damage equal to 5% of its lowest stat for each consumed Charge. This creature cannot cast Spells."
Mite Interloper,Mite,Nature,28,21,16,21,21,107,34,"Arachnid Nest, Forbidden Depths, Gambler's Hive",Corrosion,Interloper Goo,"After this creature Attacks, it afflicts the target with Blighted. If the target is already afflicted with Blighted, the target is healed for 100% of the amount of damage dealt."
Mite Gravedigger,Mite,Nature,30,20,15,19,19,103,34,"Arachnid Nest, Forbidden Depths, Gambler's Hive",Cradle to the Grave,Gravedigger Goo,"After your creatures are killed, they have a 15% chance to resurrect with 50% Health for each dead creature on your side. This trait does not stack."
Mite Invader,Mite,Nature,30,20,15,20,20,105,34,"Arachnid Nest, Forbidden Depths, Gambler's Hive",Neon Grave,Invader Goo,"After this creature Attacks, it has a 35% chance to Cast Affliction."
Mite Skirmisher,Mite,Nature,28,21,16,21,21,107,60,"Arachnid Nest, Forbidden Depths, Gambler's Hive",Intensify,Skirmisher Goo,"After this creature Attacks, it increases the potency of the target's Poisoned and Burning debuffs by 50%."
Mite Paralyzer,Mite,Nature,30,20,15,20,20,105,90,"Arachnid Nest, Forbidden Depths, Gambler's Hive",Swell,Paralyzer Goo,"After this creature Attacks, it afflicts the target with a random debuff for each debuff the target already has."
Mite Plaguespreader,Mite,Nature,29,19,14,22,19,103,45,"Arachnid Nest, Forbidden Depths, Gambler's Hive",Villainy Thrives,Plaguespreader Goo,The potency of the enemies' Poisoned and Burning debuffs are shared with each other. This trait does not stack.
Mite Webweaver,Mite,Nature,30,20,15,20,20,105,75,"Arachnid Nest, Forbidden Depths, Gambler's Hive",Viscous Webs,Webweaver Goo,Enemies take 25% more damage for each debuff they have that they're resistant to. This trait does not stack.
Junkyard Bot,Modron,Sorcery,41,16,16,20,20,113,64,Forgotten Lab (Inactive Modrons),Junkyard Might,Junkyard Scrap,"This creature is immune to Blighted, Confused, and Poisoned."
Bio Bot,Modron,Sorcery,38,15,15,20,20,108,64,Forgotten Lab (Inactive Modrons),Big Brained,Bio Scrap,Your creatures are immune to Confused.
Brave Little Bot,Modron,Sorcery,40,15,15,20,20,110,64,Forgotten Lab (Inactive Modrons),Bravely Inspired,Dull Scrap,"After this creature is killed, it grants your other creatures 25% of its stats."
Wizard's Companion,Modron,Sorcery,38,15,15,20,20,108,64,Forgotten Lab (Inactive Modrons),Uninterrupted,Enchanted Scrap,Your creatures have a 50% chance to avoid Silenced and Scorned. This trait does not stack.
Wizard's Defender,Modron,Sorcery,43,18,13,18,18,110,64,Forgotten Lab (Inactive Modrons),Protect the Glass Cannon,Sentry Scrap,"After your creatures manually Cast a spell, they Defend. This trait does not stack."
Sentry Bot,Modron,Sorcery,39,14,14,22,19,108,64,Forgotten Lab (Inactive Modrons),Shall Not Pass,Shield Scrap,"After your creatures take damage that exceeds 25% of their Maximum Health, they gain a Barrier that absorbs damage equal to 100% of the damage taken. This trait does not stack."
Mogwai,Mogwai,Nature,33,18,18,18,18,105,20,Nether Realms,No Sanctuary,Mogwai's Sanctuary,"The damage of this creature's attacks and the potency of this creature's spells is based on its Speed, rather than its Attack or Intelligence."
Scourge Mummy,Mummy,Death,41,26,16,16,11,110,15,Frostbite Caverns (Graves),Curse of the Outspoken,Scourge Wrappings,"After an enemy Casts a spell, this creature afflicts it with Cursed and Vulnerable."
Doom Mummy,Mummy,Death,40,27,17,17,12,113,45,Frostbite Caverns (Graves),Exploitation,Doom Wrappings,Your creatures have 20% more Attack and Intelligence for each enemy that is afflicted with Cursed. This trait does not stack.
Gimp Mummy,Mummy,Death,41,26,16,16,11,110,4 (1 for Witch Doctor),"Frostbite Caverns (Graves), Witch Doctor Starter",Gimp Touch,Gimp Wrappings,This creature's attacks deal 75% more damage and afflict Cursed.
Creep Mummy,Mummy,Death,41,26,16,16,11,110,30,Frostbite Caverns (Graves),Inner Hatred,Creep Wrappings,Your creatures have 100% more Attack. This trait is ignored when your creatures Attack. This trait does not stack.
Nightmare Mummy,Mummy,Death,40,26,16,16,11,109,60,Frostbite Caverns (Graves),Mockery,Nightmare Wrappings,Your creatures take 30% less damage (up to 90%) from spells for each enemy that is afflicted with Cursed. This trait does not stack.
Mummy Lord,Mummy,Death,36,27,17,17,12,109,75,Frostbite Caverns (Graves),Pharaoh's Beckoning,Lord Wrappings,"After this creature Attacks, the target is forced to attack this creature 3 times. These attacks deal 25% normal damage."
Swarm Mummy,Mummy,Death,36,26,16,16,11,105,90,Frostbite Caverns (Graves),Sorrow,Swarm Wrappings,Enemies with Cursed take 50% more damage from this debuff.
Mythicant Populi,Mythicant,Sorcery,38,18,18,16,18,108,52,"Torture Chamber, Bastion of the Void",Of Creation Undivided,People's Tale,"At the start of battle, your creatures gain 3 random traits. This trait does not stack."
Mythicant Solis,Mythicant,Sorcery,38,18,18,18,18,110,52,"Torture Chamber, Bastion of the Void",Of Determination Unyielding,Minstrel's Tale,"At the start of your creatures' turns, they recover 15% Health for each Mythicant creature fighting on your side. This trait does not stack."
Mythicant Calti,Mythicant,Sorcery,35,18,18,18,18,107,52,"Torture Chamber, Bastion of the Void",Of Rituals Unbound,Magi's Tale,"At the start of battle, your creatures gain a Spell Gem for each Mythicant creature fighting on your side. This trait does not stack."
Mythicant Chromis,Mythicant,Sorcery,32,25,25,15,23,120,52,"Torture Chamber, Bastion of the Void",Of Fate Unwritten,Einherjar Tale,"After this creature Attacks, it deals damage to a different enemy for each Mythicant creature fighting on your side. This creature's attacks ignore 10% of enemies' Defense (up to 50%) for each Mythicant creature fighting on your side."
Mythicant Palmira,Mythicant,Sorcery,36,16,18,18,18,106,52,"Torture Chamber, Bastion of the Void",Of Grace Unending,Survivor's Tale,Your creatures have 3% more stats (other than Health) for each Mythicant creature fighting on your side. This trait does not stack.
Mythicant Pryderis,Mythicant,Sorcery,38,18,18,18,18,110,60,"Torture Chamber, Bastion of the Void",Of Hearts Unbowed,Orphan's Tale,Your creatures have a 50% chance to resist being forcibly lowered on the Timeline. This trait does not stack.
Mythicant Erdhe,Mythicant,Sorcery,38,18,18,18,18,110,75,"Torture Chamber, Bastion of the Void",Of Blood Untamed,Noble's Tale,"After your creatures take damage from a spell, they deal damage to a random enemy equal to 25% of their Intelligence. This trait does not stack."
Nephilim Cleric,Nephilim,Life,38,18,18,18,18,110,60,"Refuge of the Magi, Sanctum Umbra",Mender's Oath,Devoted Thread of Fate,"After your creatures are healed, they heal your other creatures for 25% of this amount. Your creatures receive 50% less healing. This trait does not stack."
Nephilim Lord,Nephilim,Life,38,18,18,18,18,110,19,"Refuge of the Magi, Sanctum Umbra",Heightened Learning,Noble Thread of Fate,"After your creatures gain a stat (other than Health), they grant 25% of this stat to your other creatures as well. Your creatures gain 50% less stats. This trait does not stack."
Nephilim Scion,Nephilim,Life,38,18,18,18,18,110,75,"Refuge of the Magi, Sanctum Umbra",Unbound Corruption,Volatile Thread of Fate,"At the start of this creature's turn, it deals damage to enemies equal to 20% of its lowest stat."
Nephilim Shieldbearer,Nephilim,Life,38,18,18,18,18,110,19,"Refuge of the Magi, Sanctum Umbra",Stand As One,Stoic Thread of Fate,"After your creatures take damage, your other creatures take 25% of this damage as well. Your creatures take 50% less damage. This trait does not stack."
Nephilim Skirmisher,Nephilim,Life,38,18,18,18,18,110,45,"Refuge of the Magi, Sanctum Umbra",Balanced Swordplay,Violent Thread of Fate,Your creatures deal damage with attacks based on 25% of all their stats (other than Health).
Nephilim Sorcerer,Nephilim,Life,38,18,18,18,18,110,30,"Refuge of the Magi, Sanctum Umbra",Balanced Spellcasting,Arcane Thread of Fate,Your creatures deal damage with spells based on 25% of all their stats (other than Health).
Nihilist Ender,Nihilist,Chaos,35,25,5,15,25,105,64,"Damarel, Amalgam Gardens",Nihilism,Sketch Paper,"After this creature Attacks, it deals 50% of this damage to all other enemies. This creature deals 12% less damage with attacks for each living enemy."
Nihilist Paralyzer,Nihilist,Chaos,35,25,5,15,25,105,64,"Damarel, Amalgam Gardens",Careful Planning,Hourglass Sand,"After a creature is killed, your creatures gain 75% of its Attack. This trait does not stack."
Nihilist Protector,Nihilist,Chaos,33,26,6,16,26,107,64,"Damarel, Amalgam Gardens",Riverside,Scepter Prism,"After your creatures Attack, the target's Speed is decreased by 20%. This trait does not stack."
Nihilist Sealer,Nihilist,Chaos,37,26,6,16,26,111,64,"Damarel, Amalgam Gardens",Accelerated Harvest,Ink of Eternity,"After your creatures Attack, they have a 20% chance to afflict the target with a random debuff. This trait does not stack."
Nihilist Seeker,Nihilist,Chaos,31,21,7,17,27,103,64,"Damarel, Amalgam Gardens",Knowledge Is Power,Small Doll,Your creatures deal 5% more damage with spells for each time they've Attacked in the current battle. This trait does not stack.
Nihilist Summoner,Nihilist,Chaos,38,26,6,16,26,112,75,"Damarel, Amalgam Gardens",Intuition,Pale Feather,Your creatures take 5% less damage (up to 90%) from attacks and spells for each time they've Attacked in the current battle. This trait does not stack.
Nix Backstabber,Nix,Death,30,20,20,15,20,105,90,The Barrens (Oases),Ambush,Backstabber Mask,"At the start of this creature's turn, it attacks the closest enemy below it on the Timeline."
Nix Creeper,Nix,Death,28,18,20,15,20,101,46,The Barrens (Oases),Break Down And Cry,Creeper Mask,"Before this creature dies, it Casts 3 of its spells."
Nix Guardian,Nix,Death,29,19,21,16,21,106,46,The Barrens (Oases),Heartseeker,Guardian Mask,This creature attacks 1 additional time. The amount of damage each of this creature's extra attacks deal after the first is increased by 35% of the damage the first attack dealt.
Nix Shadowjumper,Nix,Death,27,20,20,15,20,102,75,The Barrens (Oases),Pacing Death's Trail,Shadowjumper Mask,"After an ally dies, this creature Attacks 4 random enemies."
Nix Scoundrel,Nix,Death,30,20,20,15,20,105,60,The Barrens (Oases),Reroute to Remain,Scoundrel Mask,"At the start of battle, enemies are afflicted with Scorned for 1 turn."
Nix Imposter,Nix,Death,30,20,20,15,20,105,46,The Barrens (Oases),Starless,Imposter Mask,Creatures cannot gain stats.
Nix Exile,Nix,Death,30,20,20,15,20,105,415,Death Guild,Subtlety,Exile Mask,"Your creatures deal 50% less damage while it's their turn, and 100% more damage when it's not. This trait does not stack."
Nix Informer,Nix,Death,28,18,21,16,21,104,46,The Barrens (Oases),Supersonic,Informer Mask,"At the start of battle, enemies are afflicted with Silenced for 1 turn."
Spider Occultist,Occultist,Sorcery,29,12,27,17,22,107,37 (1 for Evoker),"Bastion of the Void, Eternity's End, Evoker Starter",Apprenticeship,Spider Orb,"After your other creatures manually Cast a spell, this creature Casts Magic Missile on a random enemy."
Zealot Occultist,Occultist,Sorcery,28,11,26,16,21,102,60,"Bastion of the Void, Eternity's End",Arcane Brilliance,Zealot Orb,"After your creatures Cast a Sorcery spell, they gain 40% Intelligence. This trait does not stack."
Mirage Occultist,Occultist,Sorcery,31,11,26,16,21,105,75,"Bastion of the Void, Eternity's End",Conjuration,Mirage Orb,"After this creature Casts a Sorcery spell, your other creatures' Sorcery Spell Gems gain 1 Charge. This trait does not stack."
Celestial Occultist,Occultist,Sorcery,33,13,28,13,18,105,120,"Bastion of the Void, Eternity's End",Lingering Incantation,Celestial Orb,"After your creatures Cast a Sorcery spell, this creature afflicts 3 random enemies with a random debuff. This trait does not stack."
Occultist Spellbinder,Occultist,Sorcery,30,10,25,18,23,106,105,"Bastion of the Void, Eternity's End",Phantasm,Occultist Orb,Your creatures' Spell Gems deal 30% more damage for each time they've been Cast in the current battle. This trait does not stack.
Disciple Occultist,Occultist,Sorcery,31,11,26,16,21,105,45,"Bastion of the Void, Eternity's End",Seal Magic,Disciple Orb,"After an enemy Casts a spell, that Spell Gem is Sealed."
Delusion Occultist,Occultist,Sorcery,30,12,27,17,22,108,90,"Bastion of the Void, Eternity's End",Strength of the Mind,Delusion Orb,Your creatures' Intelligence cannot be reduced.
Raptor Occultist,Occultist,Sorcery,31,11,26,16,21,105,37,"Bastion of the Void, Eternity's End",Thaumaturgy,Raptor Orb,Your creatures have 7% more Intelligence for each non-Ethereal Sorcery Spell Gem each of your creatures have equipped. Maximum of 3 Spell Gems per creature. This trait does not stack.
Viper Occultist,Occultist,Sorcery,31,11,26,16,21,105,37,"Bastion of the Void, Eternity's End",Viper's Mind,Viper Orb,"At the start of this creature's turn, it gains Intelligence equal to 50% of its Speed."
Mitida Ophan,Ophan,Life,33,13,28,12,22,108,75,"Where the Dead Ships Dwell, Eternity's End",Center of the Universe,Mitida Eyeball,"At the start of battle, your creatures share copies of their non-Ethereal Life Spell Gems (maximum of 5) with each other. This trait does not stack."
Burhua Ophan,Ophan,Life,30,10,25,16,26,107,37,"Where the Dead Ships Dwell, Eternity's End",Infusion,Burhua Eyeball,Your creatures Cast Life spells as if they have 100% more Intelligence. This trait does not stack.
Narklin Ophan,Ophan,Life,28,8,23,18,28,105,37,"Where the Dead Ships Dwell, Eternity's End",Mantra,Narklin Eyeball,"At the start of battle, your creatures gain Major Healing. This spell has 100% more potency."
Irantha Ophan,Ophan,Life,28,10,25,15,25,103,60,"Where the Dead Ships Dwell, Eternity's End",Solace,Irantha Eyeball,"At the start of battle, your creatures gain 10% Health for each non-Ethereal Life Spell Gem each of your creatures have equipped. Maximum of 3 Spell Gems per creature. This trait does not stack."
Geylian Ophan,Ophan,Life,33,10,25,15,25,108,45,"Where the Dead Ships Dwell, Eternity's End",Spectrum of Eternity,Geylian Eyeball,"After your creatures manually Cast a Life spell, they have a 50% chance to take another turn. This trait does not stack."
Enim Ophan,Ophan,Life,30,10,25,15,25,105,37,"Where the Dead Ships Dwell, Eternity's End",Twist of Fate,Enim Eyeball,"After your creatures manually Cast a Life spell, they gain a random buff."
Maluh Ophan,Ophan,Life,32,9,24,14,24,103,90,"Where the Dead Ships Dwell, Eternity's End",Worship,Maluh Eyeball,"After your creatures manually Cast a Life spell, they gain a random trait. This trait does not stack."
Igneous Ossein,Ossein,Death,41,16,16,16,21,110,15,Titan's Wound (Bone Piles),Asceticism,Igneous Fossil,"After your creatures are resurrected by Rebirth, they gain Mending, Repelling, and Shelled."
Dusk Ossein,Ossein,Death,42,17,15,15,20,109,10,Titan's Wound (Bone Piles),Forbearance,Shadow Fossil,"When your creatures are resurrected, they are resurrected with 100% additional Health. If this amount exceeds their Maximum Health, their Maximum Health increases by an amount equal to the difference. This trait does not stack."
Bloody Ossein,Ossein,Death,39,17,17,17,22,112,30,Titan's Wound (Bone Piles),Introvert,Bloody Fossil,"After your creatures are resurrected, they have a 35% chance to gain Rebirth. This trait does not stack."
Augmented Ossein,Ossein,Death,41,16,16,16,21,110,45,Titan's Wound (Bone Piles),Lonesome Haze,Unfinished Fossil,"After your creatures are resurrected, they Attack random enemies 3 times."
Scourge Ossein,Ossein,Death,43,18,18,13,18,110,60,Titan's Wound (Bone Piles),Reclusive Glutton,Scourge Fossil,"After your creatures are resurrected, they Cast 5 random spells. This trait does not stack."
Ossein Defender,Ossein,Death,39,14,17,17,22,109,75,Titan's Wound (Bone Piles),Solitary Empowerment,Defender Fossil,"At the start of battle, 3 of your creatures gain Rebirth."
Amethyst Paragon,Paragon,Life,37,2,17,27,27,110,75,"Temple of Lies, The Barrens",Amethyst Attunement,Giant Amethyst,All creatures' Ethereal Spell Gems are created with only 1 Charge.
Bismuth Paragon,Paragon,Life,42,17,17,17,17,110,415,Life Guild,Bismuth Attunement,Bismuth Jewel,Creatures gain 50% less stats. This trait does not stack.
Chocolate Paragon,Paragon,Life,39,5,15,25,25,109,415,Life Guild,Chocolate Attunement,Chocolate Egg,Creatures cannot gain buffs.
Diamond Paragon,Paragon,Life,38,3,13,28,28,110,28,"Temple of Lies, The Barrens",Diamond Attunement,Giant Diamond,All Spell Gems are 50% more potent. This trait does not stack.
Emerald Paragon,Paragon,Life,42,7,17,21,27,114,28,"Temple of Lies, The Barrens",Emerald Attunement,Giant Emerald,All creatures deal 50% more damage. This trait does not stack.
Opal Paragon,Paragon,Life,42,7,14,24,24,111,90,"Temple of Lies, The Barrens",Opal Attunement,Giant Opal,Creatures cannot lose stats.
Ruby Paragon,Paragon,Life,42,5,15,25,25,112,30,"Temple of Lies, The Barrens",Ruby Attunement,Giant Ruby,All creatures have 75% more Health. This trait does not stack.
Sapphire Paragon,Paragon,Life,42,4,14,24,24,108,45,"Temple of Lies, The Barrens",Sapphire Attunement,Giant Sapphire,All creatures take 50% less damage. This trait does not stack.
Topaz Paragon,Paragon,Life,42,7,17,24,24,114,60,"Temple of Lies, The Barrens",Topaz Attunement,Giant Topaz,All buffs and debuffs last for only 1 turn.
Phase Marauder,Phase Warrior,Sorcery,34,19,19,17,17,106,30,Refuge of the Magi (Portals),Agility Aura,Marauder Prism,Your creatures have a 40% greater chance to dodge attacks. This trait does not stack.
Phase Rogue,Phase Warrior,Sorcery,36,21,21,16,16,110,90,Refuge of the Magi (Portals),Dexterity Aura,Rogue Prism,Your creatures have an independent 20% chance to deal critical damage and dodge attacks. This trait does not stack.
Phase Knight,Phase Warrior,Sorcery,35,20,20,15,15,105,19,Refuge of the Magi (Portals),Endurance Aura,Knight Prism,Your creatures take 70% less damage from all sources other than attacks and spells. This trait does not stack.
Phase Executioner,Phase Warrior,Sorcery,35,20,20,15,15,105,60,Refuge of the Magi (Portals),Might Aura,Executioner Prism,Your creatures deal 25% more damage. This trait does not stack.
Phase Champion,Phase Warrior,Sorcery,35,20,20,15,15,105,75,Refuge of the Magi (Portals),Resilience Aura,Champion Prism,"After an enemy dies, your creatures are resurrected with 50% Health."
Phase Paladin,Phase Warrior,Sorcery,35,20,20,15,15,105,45,Refuge of the Magi (Portals),Shield Aura,Paladin Prism,"After your creatures take damage from an attack or spell, they have a 35% chance to gain Shelled. This trait does not stack."
Phase Spellblade,Phase Warrior,Sorcery,37,22,22,15,15,111,19,Refuge of the Magi (Portals),Shock Aura,Spellblade Prism,"After your creatures are Attacked, the attacker takes damage equal to 25% of the attacker's Speed. This trait does not stack."
Transcended Phoenix,Phoenix,Sorcery,32,22,21,11,21,107,90,"The Barrens, Land of Breath & Balance",Alternate Reality,Transcended Plume,Your other creatures take 60% less damage while this creature is alive. Your other creatures take 40% more damage while this creature is dead. This trait does not stack.
Frost Phoenix,Phoenix,Sorcery,31,21,21,11,21,105,46,"The Barrens, Land of Breath & Balance",Breath of the Dying,Frost Plume,"After your creatures are resurrected, 3 enemies are afflicted with Frozen."
Volatile Phoenix,Phoenix,Sorcery,31,21,21,11,21,105,46,"The Barrens, Land of Breath & Balance",Buffet,Volatile Plume,"After your creatures are resurrected, enemies take damage equal to 50% of this creature's Speed."
Corrupted Phoenix,Phoenix,Sorcery,29,22,22,12,22,107,60,"The Barrens, Land of Breath & Balance",Final Breath,Corrupted Plume,"After an enemy is resurrected, it has a 75% chance to be killed again."
Ancestral Phoenix,Phoenix,Sorcery,29,19,22,12,22,104,75,"The Barrens, Land of Breath & Balance",Lifebinder,Ancestral Plume,"After your creatures kill an ally, your creatures are resurrected with 50% Health."
Royal Phoenix,Phoenix,Sorcery,31,21,21,11,21,105,46,"The Barrens, Land of Breath & Balance",Second Chance,Royal Plume,"When your creatures are resurrected, they have a 50% chance to be placed at the top of the Timeline. This trait does not stack."
Divine Phoenix,Phoenix,Life,37,18,18,18,18,109,415,Life Guild,Terminus,Divine Plume,"At the start of this creature's turn, it is killed. Then, it is resurrected with 100% Health."
Thunderstruck Phoenix,Phoenix,Sorcery,28,21,21,11,21,102,46,"The Barrens, Land of Breath & Balance",Thundershock,Thunderstruck Plume,"After your creatures are resurrected, 3 enemies are afflicted with Stone."
Pilwiz Guardian,Pilwiz,Nature,31,21,21,11,21,105,16,"The Swamplands, Gambler's Hive",Bleed Out,Guardian Sickle,"After an enemy takes damage from Bleeding, your creatures recover Health equal to 50% of the damage dealt. This trait does not stack."
Arcane Pilwiz,Pilwiz,Nature,31,21,21,11,21,105,45,"The Swamplands, Gambler's Hive",Brain Drain,Arcane Sickle,"After an enemy takes damage from Bleeding, they lose 15% of their Intelligence, and your creatures gain that Intelligence. This trait does not stack."
Pilwiz Peasant,Pilwiz,Nature,27,17,23,13,23,103,16,"The Swamplands, Gambler's Hive",Flay,Peasant Sickle,This creature's attacks deal 75% more damage and afflict Bleeding.
Flamehook Pilwiz,Pilwiz,Nature,28,21,21,11,21,102,60,"The Swamplands, Gambler's Hive",Kindling,Flamehook Sickle,"After an enemy is afflicted with Bleeding or Burning, this creature afflicts them with whichever of these debuffs the target doesn't already have."
Pilwiz Slasher,Pilwiz,Nature,30,22,22,12,22,108,30,"The Swamplands, Gambler's Hive",Marked For Death,Slasher Sickle,"After this creature Provokes, it Attacks each enemy that is afflicted with Bleeding for 50% normal damage."
Steampowered Pilwiz,Pilwiz,Nature,32,22,22,11,21,108,90,"The Swamplands, Gambler's Hive",Pica,Steampowered Sickle,"Your creatures have 7% more Attack and Intelligence for each resource-yielding object you've collected in the current Realm, up to a maximum of 15. If you're not in a Realm, this trait acts as if you've collected 10 objects. This trait does not stack."
Darkscythe Pilwiz,Pilwiz,Nature,32,21,21,11,21,106,75,"The Swamplands, Gambler's Hive",Shadow Hook,Darkscythe Sickle,"Your creatures deal 10% more damage, and enemies deal 10% less damage, for each enemy that is afflicted with Bleeding. This trait does not stack."
Pilwiz Harvester,Pilwiz,Nature,31,21,21,11,21,105,105,"The Swamplands, Gambler's Hive",Spatter,Harvester Sickle,"After an enemy with Bleeding dies, this creature deals damage to all enemies equal to 20% of the dead creature's Maximum Health."
Pilwiz Herbalist,Pilwiz,Nature,29,22,22,12,22,107,120,"The Swamplands, Gambler's Hive",Throat Slash,Herbalist Sickle,Enemies start battles with Bleeding.
Vicious Pit Worm,Pit Worm,Death,38,25,15,15,15,108,64,Forbidden Depths (Worm Pits),Death's Bite,Vicious Acid,"At the end of each ally's turn, this creature Attacks a random enemy for 30% normal damage."
Marine Pit Worm,Pit Worm,Death,37,17,17,14,22,107,415,Death Guild,Elusiveness,Marine Acid,Your creatures that have taken at least 3 turns are resistant to debuffs.
Accursed Pit Worm,Pit Worm,Death,40,25,15,17,15,112,64,Forbidden Depths (Worm Pits),Haunted Carapace,Accursed Acid,"At the start of each ally's turn, this creature deals damage to a random enemy equal to 15% of the ally's Intelligence."
Pit Worm Harbinger,Pit Worm,Death,36,26,16,16,16,110,64,Forbidden Depths (Worm Pits),Hindrance,Harbinger Acid,"At the start of each enemy's turn, this creature decreases their Speed by 20%."
Pit Worm Gladiator,Pit Worm,Death,37,22,17,17,17,110,64,Forbidden Depths (Worm Pits),Insatiable,Gladiator Acid,"At the end of each ally's turn, this creature gains Attack equal to 7% of the ally's Attack."
Pit Worm Tunneler,Pit Worm,Death,38,23,13,18,18,110,64,Forbidden Depths (Worm Pits),Live to Labor,Tunneler Acid,"At the start of each enemy's turn, this creature deals damage to them equal to 20% of its Attack."
Lurking Pit Worm,Pit Worm,Death,39,25,15,15,15,109,64,Forbidden Depths (Worm Pits),Rock Candy,Lurking Acid,"At the start of each enemy's turn, this creature Seals one of their Spell Gems."
Spitting Pit Worm,Pit Worm,Death,43,25,15,15,15,113,64,Forbidden Depths (Worm Pits),Spew Acid,Spitting Acid,"At the end of each enemy's turn, this creature decreases their Defense by 15%."
Pit Wraith Liberator,Pit Wraith,Death,32,22,22,15,12,103,40,Where the Dead Ships Dwell (Masks),Breaker,Liberator Ganglion,Your creatures deal 100% more damage to targets that are Defending or Provoking. This trait does not stack.
Pit Wraith Dominator,Pit Wraith,Death,28,23,23,18,13,105,40,Where the Dead Ships Dwell (Masks),Decrepify,Dominator Ganglion,"After this creature Attacks, it decreases the target's Defense by 50%."
Pit Wraith Tormenter,Pit Wraith,Death,33,23,23,15,10,104,90,Where the Dead Ships Dwell (Masks),Haunting Memories,Tormenter Ganglion,"At the end of each enemy's turn, this creature has a 50% chance to Attack it if this creature is dead."
Pit Wraith Overmind,Pit Wraith,Death,31,23,23,18,13,108,60,Where the Dead Ships Dwell (Masks),Soul Squelch,Overmind Ganglion,"After this creature Attacks, it reduces the target's Maximum Health to its Current Health."
Pit Wraith Redeemer,Pit Wraith,Death,32,22,22,17,12,105,40,Where the Dead Ships Dwell (Masks),Stricken,Redeemer Ganglion,"At the start of battle, afflict each enemy with 2 random debuffs. This trait does not stack."
Pit Wraith Lord,Pit Wraith,Death,32,22,22,18,12,106,45,Where the Dead Ships Dwell (Masks),Through the Gloom,Lord Ganglion,Your creatures deal 50% more damage to targets that are above 90% Health. This trait does not stack.
Pit Wraith Obliterator,Pit Wraith,Death,32,22,22,17,12,105,75,Where the Dead Ships Dwell (Masks),Unmending,Obliterator Ganglion,Enemies take 0.5% more damage for every 1% Health they have. This trait does not stack.
Plague Quack,Plague Doctor,Sorcery,35,15,20,15,20,105,64,4080 God Shop (Favor Rank 5),Black to White,Quack Scalpel,"After an enemy's debuff wears off, it is afflicted with a random debuff. This trait does not stack."
Plague Phlebotomist,Plague Doctor,Death,29,25,20,15,15,104,415,Death Guild,Blood and Power,Phlebotomist Scalpel,Your creatures deal additional damage with attacks equal to 10% of the healing they've received in the current battle. This trait does not stack.
Plague Alchemist,Plague Doctor,Sorcery,35,15,20,15,20,105,64,4080 God Shop (Favor Rank 25),Drained,Alchemist Scalpel,"After an enemy loses stats, this creature deals damage to that enemy equal to 50% of the amount of stats lost."
Plague Scholar,Plague Doctor,Sorcery,34,14,19,17,22,106,64,4080 God Shop (Favor Rank 8),Insipid,Scholar Scalpel,"Your creatures take 15% less damage for each debuff they have, up to a maximum of 75%. This trait does not stack."
Plague Expert,Plague Doctor,Sorcery,33,16,21,16,21,107,64,4080 God Shop (Favor Rank 18),Kismet,Expert Scalpel,"After an enemy afflicts your creatures with a debuff, this creature afflicts the enemy with that debuff as well."
Plague Surgeon,Plague Doctor,Sorcery,34,14,22,17,22,109,64,4080 God Shop (Favor Rank 14),Liberation,Surgeon Scalpel,This creature Casts spells 1 additional time for each minion it has.
Plague Herbalist,Plague Doctor,Sorcery,35,15,20,15,20,105,64,4080 God Shop (Favor Rank 1),Maximize,Herbalist Scalpel,"After this creature Attacks, it converts each of the target's buffs into random debuffs."
Plague Soothsayer,Plague Doctor,Sorcery,34,14,22,17,22,109,64,4080 God Shop (Favor Rank 11),Metaphor,Soothsayer Scalpel,"After an enemy takes damage from Poisoned, Burning, or Blighted, your creatures recover Health equal to 35% of the damage dealt. This trait does not stack."
Water Priest,Priest,Life,42,17,17,18,17,111,25,"Azure Dream, Astral Gallery",Apostle of Water,Water Rod,"At the start of this creature's turn, it increases your other creatures' Intelligence by 15% of this creature's Intelligence."
Priest of Light,Priest,Life,43,18,18,15,15,109,90,"Azure Dream, Astral Gallery",Bearer of Needs,Light Rod,"At the start of this creature's turn, it heals your other creatures equal to 15% of its Maximum Health."
War Priest,Priest,Life,42,17,17,17,17,110,60,"Azure Dream, Astral Gallery",Disciple of War,War Rod,"At the start of this creature's turn, it removes 2 debuffs from your other creatures."
Priest Vizier,Priest,Life,38,18,18,18,18,110,120,"Azure Dream, Astral Gallery",Fanaticism,Vizier Rod,"At the start of this creature's turn, it grants your creatures 1 random buff."
Mountain Priest,Priest,Life,41,17,17,17,17,109,45,"Azure Dream, Astral Gallery",Preacher of Stone,Mountain Rod,"At the start of this creature's turn, it increases your other creatures' Defense by 15% of this creature's Defense."
Priest of Radiance,Priest,Life,41,16,17,17,17,108,105,"Azure Dream, Astral Gallery",Radiant Eclipse,Radiance Rod,"At the start of this creature's turn, it grants your creatures a Barrier that absorbs damage equal to 15% of its Maximum Health."
Fire Priest,Priest,Life,42,17,17,18,17,111,25,"Azure Dream, Astral Gallery",Shepard of Fire,Fire Rod,"At the start of this creature's turn, it increases your other creatures' Attack by 15% of this creature's Attack."
Desert Priest,Priest,Life,38,18,18,18,18,110,75,"Azure Dream, Astral Gallery",Tender of Earth,Desert Rod,"At the start of this creature's turn, your other creatures gain a random Spell Gem that belongs to their class."
Forest Priest,Priest,Life,38,18,18,18,18,110,30,"Azure Dream, Astral Gallery",Zealot of the Forest,Forest Rod,"At the start of this creature's turn, it increases your other creatures' Speed by 15% of this creature's Speed."
Purrghast,Purrghast,Sorcery,33,18,18,18,18,105,20,Nether Realms,Memoriae,Purrghast's Emblem,Your creatures have a 75% chance to maintain their Invisible buff after they act. This trait does not stack.
Raven Lord,Raven,Sorcery,28,11,26,16,21,102,75,"Refuge of the Magi, Sanctum Umbra, Damarel",Alteration,Lord Claw,Your creatures' spells deal 50% of their damage using Speed instead of Intelligence. This trait does not stack.
Raven Bloodmage,Raven,Sorcery,28,11,26,16,21,102,60,"Refuge of the Magi, Sanctum Umbra, Damarel",Blood Magic,Bloodmage Claw,"At the start of this creature's turn, it takes damage equal to 20% of its Maximum Health and converts 200% of it into Intelligence."
Raven Defiler,Raven,Sorcery,28,11,26,16,21,102,19,"Refuge of the Magi, Sanctum Umbra, Damarel",Everything's Gone,Defiler Claw,Enemies start battles with 80% Health.
Raven Acolyte,Raven,Sorcery,29,9,27,17,22,104,19,"Refuge of the Magi, Sanctum Umbra, Damarel",Evocation,Acolyte Claw,Your creatures have 35% more Intelligence. This trait does not stack.
Raven Seer,Raven,Sorcery,37,7,27,13,23,107,415,Sorcery Guild,Farsight,Seer Claw,"After your creatures gain a buff, they Cast a random spell. This trait can only activate once per turn. This trait does not stack."
Raven Guardian,Raven,Sorcery,31,11,26,16,21,105,90,"Refuge of the Magi, Sanctum Umbra, Damarel",Mindful Awareness,Guardian Claw,"After your creatures are Attacked, 35% of their Intelligence is added to their Defense when determining the damage taken. This trait does not stack."
Raven Ritualist,Raven,Sorcery,31,11,26,14,21,103,30,"Refuge of the Magi, Sanctum Umbra, Damarel",Psychic Barrier,Ritualist Claw,"At the start of this creature's turn, it gains Defense equal to 50% of its Intelligence."
Raven Batmaster,Raven,Sorcery,28,11,26,16,21,102,45,"Refuge of the Magi, Sanctum Umbra, Damarel",Swiftcasting,Batmaster Claw,"When your creatures Cast a spell, 35% of their Speed is added to their Intelligence to determine the potency of the spell. This trait does not stack."
Plague Reaper,Reaper,Death,30,27,17,12,22,108,52,Tenebris God Shop (Favor Rank 25),Assumption,Plague Scythe,"After this creature Attacks a creature with less than 35% Health, it is killed, then this creature Casts its first 3 spells."
Bone Reaper,Reaper,Death,29,26,16,11,21,103,52,Tenebris God Shop (Favor Rank 5),Bonecraft,Bone Scythe,"After this creature Attacks an ally with less than 35% Health, it is killed, then this creature grants 50% of its Attack, Intelligence, and Defense to all your other creatures."
Blood Reaper,Reaper,Death,28,23,18,13,23,105,52,Tenebris God Shop (Favor Rank 1),Decapitation,Blood Scythe,"After this creature Attacks a creature with less than 35% Health, it is killed, and your creatures recover 200% Health."
Incursion Reaper,Reaper,Death,30,26,16,11,21,104,52,Tenebris God Shop (Favor Rank 18),Defy the Gods,Incursion Scythe,"After this creature Attacks an ally with less than 50% Health, it is killed, then this creature resurrects it with 100% Health and 50% more Attack, Intelligence, and Speed."
Tech Reaper,Reaper,Death,30,20,17,17,22,106,415,Death Guild,Heart Versus Cog,Tech Scythe,Your creatures deal 10% more damage for each creature that has been killed in the current battle. This trait does not stack.
Shadow Reaper,Reaper,Death,26,27,17,12,22,104,52,Tenebris God Shop (Favor Rank 11),Shadow Scythe,Shadow Scythe,"After this creature Attacks an enemy with less than 35% Health, it is killed, then this creature deals damage to adjacent enemies equal to 200% of the damage dealt by the Attack."
Cursed Reaper,Reaper,Death,31,26,16,11,21,105,52,Tenebris God Shop (Favor Rank 14),Soul Corruption,Cursed Scythe,"After this creature Attacks a creature with less than 35% Health, it is killed, then this creature afflicts enemies with a random debuff for each buff the target had before it died."
Soul Reaper,Reaper,Death,32,27,17,9,22,107,52,Tenebris God Shop (Favor Rank 8),Soul Siphon,Soul Scythe,"After this creature Attacks a creature with less than 35% Health, it is killed, then this creature gives a copy of its trait to all your creatures."
Revenant Soldier,Revenant,Death,36,17,17,27,12,109,40,Friden God Shop (Favor Rank 18),Blood For Blood,Soldier Fin,"When this creature Attacks, it loses 20% Current Health and adds 200% of this amount to the damage dealt."
Revenant Horror,Revenant,Death,40,16,16,26,11,109,40,Friden God Shop (Favor Rank 8),Delirium,Horror Fin,"After this creature takes damage, it gains Intelligence equal to 40% of the damage it took."
Ascendant Revenant,Revenant,Death,43,18,18,25,10,114,415,Life Guild,Fireworks,Ascendant Lantern,"After this creature manually Casts a spell, it deals damage to enemies equal to 40% of its Speed."
Revenant Sealord,Revenant,Death,40,15,15,26,11,107,40,Friden God Shop (Favor Rank 14),Internal Struggle,Sealord Fin,"After this creature Casts a spell, it loses 25% Current Health, adds this amount of Health to its damage, and Casts the spell 1 additional time."
Revenant Dagon,Revenant,Death,41,16,16,26,11,110,40,Friden God Shop (Favor Rank 25),Lunacy,Dagon Fin,"Enemies take 40% more damage, but are immune to debuffs. This trait does not stack."
Revenant King,Revenant,Death,41,16,16,26,11,110,40,Friden God Shop (Favor Rank 11),Pact of the Deep,King Fin,"At the start of battle, this creature steals 35% of your other creatures' Health."
Revenant Cabalist,Revenant,Death,42,17,17,24,12,112,40,Friden God Shop (Favor Rank 1),Pain Redefined,Cabalist Fin,"After this creature Defends, it takes damage equal to 20% of its Maximum Health and grants 1 random buff to all your creatures."
Revenant Captain,Revenant,Death,37,12,18,28,13,108,40,Friden God Shop (Favor Rank 5),Reign of Pain,Captain Fin,This creature deals 5% more damage for every 1% Health it is missing.
Nadin Rift Dancer,Rift Dancer,Life,36,16,16,16,26,110,46,"The Barrens, Sanctum Umbra, Land of Breath & Balance",Dark Dance,Nadin Silk,All effects that activate when a creature dies will activate 1 additional time. This trait does not stack.
Inaer Rift Dancer,Rift Dancer,Life,31,16,16,16,26,105,46,"The Barrens, Sanctum Umbra, Land of Breath & Balance",Fan Dance,Inaer Silk,All effects that activate when a creature Defends will activate 1 additional time. This trait does not stack.
Aerum Rift Dancer,Rift Dancer,Life,35,15,15,15,25,105,46,"The Barrens, Sanctum Umbra, Land of Breath & Balance",Moon Dance,Aerum Silk,All effects that activate when a creature Provokes will activate 1 additional time. This trait does not stack.
Aen Rift Dancer,Rift Dancer,Life,38,15,15,15,25,108,46,"The Barrens, Sanctum Umbra, Land of Breath & Balance",Psychic Dance,Aen Silk,All effects that activate when a creature dodges will activate 1 additional time. This trait does not stack.
Apollinaire,Rift Dancer,Life,31,16,16,16,26,105,75,"The Barrens, Sanctum Umbra, Land of Breath & Balance",Renaissance,Apollinaire Silk,All effects that activate when a creature resurrects will activate 1 additional time. This trait does not stack.
Ramun Rift Dancer,Rift Dancer,Life,36,16,16,16,26,110,60,"The Barrens, Sanctum Umbra, Land of Breath & Balance",Sword Dance,Ramun Silk,All effects that activate when a creature deals critical damage will activate 1 additional time. This trait does not stack.
Nax Rift Dancer,Rift Dancer,Life,33,20,20,15,20,108,415,Life Guild,What Is Left,Nax Silk,This creature deals additional damage with attacks and spells equal to 1% of the stats it has gained in the current battle.
Blipzor,Robodomi,Sorcery,40,15,15,28,12,110,64,Damarel,Reactor Shield,Shield Crust,This creature is immune to instant-death effects in normal battles and can only take damage up to 60% of its Maximum Health.
Grivix,Robodomi,Sorcery,32,28,20,15,15,110,64,Damarel,Destruction Beam,Laser Barrel,"At the start of this creature's turn, it kills the creature with the highest Speed in normal battles. In boss battles, this creature instead Attacks it. This trait can only activate once per battle."
Klyptar,Robodomi,Sorcery,35,20,20,20,15,110,64,Damarel,Co-Pilots,Copilot's Seat,This creature acts as if it is adjacent to all the Robodomi creatures fighting on your side.
Mechto,Robodomi,Sorcery,35,20,25,20,10,110,64,Damarel,Communication Services,Busted Intercom,"At the start of battle, your Robodomi creatures share their innate traits with adjacent Robodomi creatures."
Zarnox,Robodomi,Sorcery,35,20,20,25,10,110,64,Damarel,Ejector Seat,Ejector Seatbelt,"This creature is immune to damage from attacks and spells but its Health is immediately set to 0 when it takes indirect damage. This trait is ignored if this creature is affected by effects that make it immune to indirect damage, or if an ally has the same trait."
Zyphra,Robodomi,Sorcery,32,15,28,15,20,110,64,Damarel,Phasers,Phasers,"When this creature Attacks, it always does 0 damage but restores 1 Charge to a non-Ultimate Spell."
Chaos Salamander,Salamander,Chaos,28,21,21,11,21,102,90,"Cutthroat Jungle, Caustic Reactor, Forbidden Depths",Hotspur,Chaos Oil,"At the start of battle, your creatures each have a 50% chance to Cast one of their spells at random. This trait does not stack."
Thunder Salamander,Salamander,Chaos,31,21,21,11,21,105,15,"Cutthroat Jungle, Caustic Reactor, Forbidden Depths",Limitless,Thunder Oil,"When your creatures Cast a spell, they have a 50% chance to Cast it 1 additional time. This trait does not stack."
Earth Salamander,Salamander,Chaos,30,20,20,13,20,103,75,"Cutthroat Jungle, Caustic Reactor, Forbidden Depths",Memorial,Earth Oil,"After your creatures are resurrected, they Cast one of their spells at random. This trait does not stack."
Ice Salamander,Salamander,Chaos,32,21,21,11,21,106,60,"Cutthroat Jungle, Caustic Reactor, Forbidden Depths",Naivety,Ice Oil,"When your creatures take damage that exceeds 15% of their Maximum Health, they Cast one of their spells at random. This trait can only activate once per turn for each creature. This trait does not stack."
Wind Salamander,Salamander,Chaos,31,21,21,11,21,105,45,"Cutthroat Jungle, Caustic Reactor, Forbidden Depths",Simulation,Wind Oil,"When your creatures Cast a spell due to a Salamander trait, they Cast another one of their spells at random. This trait does not stack."
Fire Salamander,Salamander,Chaos,29,19,22,12,22,104,7,"Cutthroat Jungle, Caustic Reactor, Forbidden Depths",Until the End,Fire Oil,"Before your other creatures die, they Cast one of their spells at random. This trait does not stack."
Water Salamander,Salamander,Chaos,31,21,21,11,21,105,30,"Cutthroat Jungle, Caustic Reactor, Forbidden Depths",Wallflower,Water Oil,"After your creatures Defend or Provoke, they Cast one of their spells at random. This trait does not stack."
Caritas Sanctus,Sanctus,Life,42,17,17,18,17,111,30,"Azure Dream, Astral Gallery",Charity,Book of Charity,"After this creature is healed, it heals one of your other creatures for 300% of this amount. This trait does not heal creatures that also have this trait."
Castitas Sanctus,Sanctus,Life,38,18,18,18,18,110,45,"Azure Dream, Astral Gallery",Chastity,Book of Chastity,"While this creature has more than 90% Health, it is Invisible."
Magnificus Sanctus,Sanctus,Life,41,16,17,17,17,108,60,"Azure Dream, Astral Gallery",Conservation of Energy,Book of Imposition,"After one of your creatures are killed, another one of your creatures has a 50% chance to be resurrected with 50% Health. This trait does not stack."
Industrias Sanctus,Sanctus,Life,38,18,18,18,18,110,90,"Azure Dream, Astral Gallery",Diligence,Book of Diligence,Your creatures' debuffs last for 1 turn.
Humilitas Sanctus,Sanctus,Life,42,18,18,18,18,114,25,"Azure Dream, Astral Gallery",Humility,Book of Humility,"After this creature is Attacked, it reduces the enemy's Attack by 50%."
Humanitas Sanctus,Sanctus,Life,42,17,17,17,17,110,25,"Azure Dream, Astral Gallery",Kindness,Book of Kindness,"At the start of this creature's turn, your other creatures gain Attack, Intelligence, Defense, and Speed equal to 5% of this creature's respective stats."
Patientias Sanctus,Sanctus,Life,38,18,18,18,18,110,105,"Azure Dream, Astral Gallery",Patience,Book of Patience,Enemies take 50% more indirect damage for each turn they've taken in the current battle. This trait does not stack.
Temperantias Sanctus,Sanctus,Life,42,17,17,18,17,111,75,"Azure Dream, Astral Gallery",Temperance,Book of Temperance,"At the start of battle, your creatures' stats are set equal to the average of all their stats, excluding Health."
Satyr Squire,Satyr,Nature,32,17,22,11,22,104,60,Blood Grove (Pipes),Faulty Fortune,Squire Hoof,Enemies can only gain 1 buff per turn.
Exiled Satyr,Satyr,Nature,29,17,22,17,17,102,1,Blood Grove (Pipes),Languid Limbs,Exiled Hoof,Enemies can only Attack once at a time.
Satyr Rammer,Satyr,Nature,33,17,22,12,22,106,30,Blood Grove (Pipes),Meaningless Mind,Rammer Hoof,Enemies can only gain each stat 1 time per turn.
Satyr Dominator,Satyr,Nature,32,16,21,16,21,106,45,Blood Grove (Pipes),Rough Recovery,Dominator Hoof,Enemies can only heal each other 1 time per turn.
Satyr Guardian,Satyr,Nature,32,17,22,11,22,104,75,Blood Grove (Pipes),Scant Stamina,Guardian Hoof,Enemies can only resurrect 1 time per battle.
Spry Satyr,Satyr,Nature,29,14,22,17,22,104,15,Blood Grove (Pipes),Somber Spirits,Spry Hoof,Enemies can only Cast spells once at a time.
Lugubrious Shambler,Sea Shambler,Death,33,23,23,17,12,108,60,"Faraway Enclave, Where the Dead Ships Dwell",Aggravated Illness,Lugubrious Hook,Enemies take 50% more damage from Blighted. This trait does not stack.
Innocent Shambler,Sea Shambler,Death,32,22,22,17,22,115,40,"Faraway Enclave, Where the Dead Ships Dwell",Appetite For Eschar,Innocent Hook,"After your creatures deal damage as a result of Blighted, they recover health equal to 100% of the damage dealt. This trait does not stack."
Shambler Benefactor,Sea Shambler,Death,32,19,22,18,14,105,90,"Faraway Enclave, Where the Dead Ships Dwell",You Monsters Are People,Benefactor Hook,Enemies take 25% more damage from Blighted for each debuff they have. This trait does not stack.
Shambler Recruiter,Sea Shambler,Death,30,22,22,17,12,103,40,"Faraway Enclave, Where the Dead Ships Dwell",Chronic Affliction,Recruiter Hook,"After an enemy takes damage from Blighted, it has a 50% chance to take the same amount of damage again. This trait does not stack."
Shambler Juggernaut,Sea Shambler,Death,26,23,23,18,13,103,75,"Faraway Enclave, Where the Dead Ships Dwell",Vicar's Blessing,Juggernaut Hook,"After an enemy takes damage from Blighted, this creature has a 35% chance to Cast Minor Healing on it. This trait does not stack."
Shambler Rescuer,Sea Shambler,Death,30,22,22,17,12,103,45,"Faraway Enclave, Where the Dead Ships Dwell",Retrograde,Rescuer Hook,Enemies with Blighted receive 50% more healing from all sources. This trait does not stack.
Amorphous Shambler,Sea Shambler,Death,30,20,23,18,13,104,40,"Faraway Enclave, Where the Dead Ships Dwell",The Sickness,Amorphous Hook,"After an enemy is healed, it is afflicted with Blighted."
Vanelin Seraph,Seraph,Life,31,23,23,18,13,108,64,Muse God Shop (Favor Rank 18),Almost Easy,Vanelin Symbol,"If this creature has Attacked at least one time this battle, its attacks deal 200% more damage."
Kaito Seraph,Seraph,Life,32,17,17,17,22,105,64,Life Guild + Muse God Shop  (Favor Rank 5),Break of Dawn,Kaito Banner,Enemies take 20% more damage for each turn they've taken in the current battle. This trait does not stack.
Andolin Seraph,Seraph,Life,28,23,23,18,13,105,64,Muse God Shop (Favor Rank 1),Break the Cycle,Andolin Symbol,"If this creature has Provoked at least one time this battle, a random enemy is sent to the bottom of the Timeline each time it Provokes after that."
Neralim Seraph,Seraph,Life,33,23,23,15,10,104,64,Muse God Shop (Favor Rank 8),Chasing Infinity,Neralim Symbol,"If this creature has Provoked at least one time this battle, its spells no longer consume Charges and have 50% more potency."
Nex Seraph,Seraph,Life,32,22,22,17,12,105,64,Muse God Shop (Favor Rank 14),Defy the Odds,Nex Symbol,"If this creature has Attacked at least once this battle, it takes 65% less damage."
Undolim Seraph,Seraph,Life,32,22,22,17,12,105,64,Muse God Shop (Favor Rank 11),Ever Upwards,Undolim Symbol,"If this creature has Defended at least one time this battle, it resurrects allies with 50% Health each time it Defends after that."
Siralim Seraph,Seraph,Life,32,22,22,17,12,105,64,Muse God Shop (Favor Rank 25),Haven,Siralim Symbol,"If this creature has Defended at least one time this battle, your creatures have 50% more Defense. This trait does not stack."
Hoar Shade,Shade,Death,26,21,16,17,22,102,37,Vertraag God Shop (Favor Rank 8),Dark Signs,Hoar Incense,Your creatures deal 100% more damage while they are Invisible. This trait does not stack.
Evernight Shade,Shade,Death,28,21,16,17,21,103,37,Vertraag God Shop (Favor Rank 5),From Light Comes Darkness,Evernight Incense,"After your creatures are damaged by an enemy, they have a 50% chance to gain Invisible. This trait does not stack."
Wandering Shade,Shade,Death,28,23,18,15,23,107,37,Vertraag God Shop (Favor Rank 25),Impossibility,Wandering Incense,Your creatures with Invisible are immune to damage from spells.
Whispering Shade,Shade,Death,26,22,17,17,22,104,37,Vertraag God Shop (Favor Rank 18),Pariah,Whispering Incense,"After a creature is killed, your creatures gain Invisible."
Dungeon Shade,Shade,Death,26,21,16,17,21,101,37,Vertraag God Shop (Favor Rank 1),Phase Shift,Dungeon Incense,"After this creature is damaged by an attack or spell, it gains Invisible."
Drifting Shade,Shade,Death,26,21,16,16,21,100,37,Vertraag God Shop (Favor Rank 14),Shadow Aegis,Drifting Incense,Your creatures take 95% less damage while they are Invisible. This trait does not stack.
Gateway Shade,Shade,Death,23,18,18,18,23,100,37,Vertraag God Shop (Favor Rank 11),Spook,Gateway Incense,"At the start of battle, this creature gains Invisible. This creature deals 200% more damage while it is Invisible. This creature's Invisible buff is no longer removed at the start of its turn."
Spooky Shade,Shade,Death,22,22,17,17,22,100,415,Death Guild,Spooky Technique,Spooky Pumpkin,"After your creatures Attack or Cast a spell that removes their Invisible buff, they deal damage to all enemies equal to 35% of their Defense. This trait does not stack."
Shadow Cobra,Shadow,Death,27,22,22,12,22,105,30,"Path of the Damned, Bastion of the Void",All Hope Is Lost,Cobra Black Hole,Enemies with Feared cannot gain buffs.
Shadow Moth,Shadow,Death,24,22,22,12,22,102,15,"Path of the Damned, Bastion of the Void",Cowardice,Moth Black Hole,Enemies with Feared deal 60% less damage with attacks.
Shadow Demon,Shadow,Death,22,23,23,13,23,104,60,"Path of the Damned, Bastion of the Void",Haunt,Demonic Black Hole,This creature's attacks deal 75% more damage and afflict the target with Feared.
Shadow Zealot,Shadow,Death,26,21,21,11,21,100,13,"Path of the Damned, Bastion of the Void",Horrifying Visage,Zealot Black Hole,"At the start of battle, this creature afflicts 3 random enemies with Feared. This trait does not stack."
Shadow Juggernaut,Shadow,Death,27,22,22,12,22,105,75,"Path of the Damned, Bastion of the Void",Taste of Fear,Juggernaut Black Hole,"After enemies with Feared are prevented from gaining stats, this creature gains those stats instead. This trait does not stack."
Shadow Wolf,Shadow,Death,26,21,21,11,21,100,45,"Path of the Damned, Bastion of the Void",Unspeakable Frights,Wolf Black Hole,"At the start of an enemy's turn with Feared, they have a 20% chance to be sent to the bottom of the Timeline. This trait does not stack."
Chaos Shapeshifter,Shapeshifter,Chaos,42,17,17,17,17,110,30,"Temple of Lies, Forgotten Lab",Chaos Transformation,Chaos Plasma,"When your creatures buff an enemy, they debuff them instead. When your creatures debuff an ally, they buff them instead. This trait does not stack."
Death Shapeshifter,Shapeshifter,Death,42,17,17,17,17,110,28,"Temple of Lies, Forgotten Lab",Death Transformation,Death Plasma,"When your creatures increase an enemy's stats, they are instead decreased by 50% of the amount. This trait does not stack."
Unstable Shapeshifter,Shapeshifter,Sorcery,36,21,21,11,21,110,415,Sorcery Guild,Diamond Hands,Unstable Plasma,This creature takes 4% less damage and deals 20% more damage for each trait it has gained in the current battle.
Life Shapeshifter,Shapeshifter,Life,42,17,17,17,17,110,28,"Temple of Lies, Forgotten Lab",Life Transformation,Life Plasma,"When your creatures heal an enemy, it instead takes damage equal to 50% of the amount it would have been healed. This trait does not stack."
Nature Shapeshifter,Shapeshifter,Nature,40,18,18,18,18,112,60,"Temple of Lies, Forgotten Lab",Nature Transformation,Nature Plasma,"When your creatures deal damage to each other, they are instead healed for 50% of the amount of damage they would have received. This trait does not stack."
Sorcery Shapeshifter,Shapeshifter,Sorcery,42,17,17,17,17,110,45,"Temple of Lies, Forgotten Lab",Sorcery Transformation,Sorcery Plasma,Your creatures' spells heal instead of dealing damage.
Shapeshifter Novice,Shapeshifter,Sorcery,40,18,18,18,18,112,90,"Temple of Lies, Forgotten Lab",Transformation Apprenticeship,Apprentice Plasma,Your Shapeshifters start battles with 1 additional trait. This trait does not stack.
Master Shapeshifter,Shapeshifter,Sorcery,42,17,17,17,17,110,75,"Temple of Lies, Forgotten Lab",Transformation Mastery,Master Plasma,Your Shapeshifters' innate traits are 50% more powerful. This trait does not stack.
Dolor Sin,Sin,Death,43,18,18,15,18,112,105,Sanctum Umbra (Mirrors),Despair,Book of Pain,"After an enemy loses stats, this creature afflicts it with a random debuff."
Invidia Sin,Sin,Death,42,17,17,17,17,110,75,Sanctum Umbra (Mirrors),Envy,Book of Envy,"At the start of battle, set this creature's Attack, Intelligence, Defense, Speed, and Health, to the highest of your other creatures' respective base stats."
Gula Sin,Sin,Death,38,18,18,18,18,110,61,Sanctum Umbra (Mirrors),Gluttony,Book of Gluttony,"At the start of battle, 50% of this creature's Attack, Intelligence, and Speed are converted into Health."
Avarita Sin,Sin,Death,43,18,18,15,15,109,61,Sanctum Umbra (Mirrors),Greed,Book of Greed,"At the start of battle, this creature steals 15% of your other creatures' Attack, Intelligence, Defense, and Speed."
Luxuria Sin,Sin,Death,42,17,17,17,17,110,90,Sanctum Umbra (Mirrors),Lust,Book of Lust,"At the start of battle, this creature gains copies of up to 3 of the enemies' non-Ethereal Spell Gems. This trait ignores other creatures with the Lust trait."
Superbia Sin,Sin,Death,43,18,18,15,15,109,61,Sanctum Umbra (Mirrors),Pride,Book of Pride,"This creature always has Repelling, and takes 30% less damage."
Acedia Sin,Sin,Death,38,18,18,18,18,110,61,Sanctum Umbra (Mirrors),Sloth,Book of Sloth,Enemies start battles with 30% less Attack and Intelligence. This trait does not stack.
Ira Sin,Sin,Death,38,18,18,18,18,110,61,Sanctum Umbra (Mirrors),Wrath,Book of Wrath,"This creature always has Berserk and Savage, and deals 30% more damage."
Siren Lifetaker,Siren,Life,38,18,23,18,13,110,43,Lister God Shop (Favor Rank 25),Beautiful Sorrow,Lifetaker Bell,"After one of your creatures dies, this creature gains their innate trait."
Siren Ascendant,Siren,Life,38,18,23,18,13,110,43,Lister God Shop (Favor Rank 14),Coerced Coexistence,Ascendant Bell,"After an enemy Attacks, this creature afflicts it with Scorned. After an enemy Casts, this creature afflicts it with Silenced."
Siren Purifier,Siren,Life,38,18,23,18,13,110,43,Lister God Shop (Favor Rank 1),Dream Touch,Purifier Bell,"After this creature Attacks, it afflicts the target with Sleeping. In addition, your creatures' attacks never wake up enemies that have Sleeping."
Siren Soothsayer,Siren,Life,37,18,23,18,13,109,43,Lister God Shop (Favor Rank 8),Filtered Truth,Soothsayer Bell,Enemies always have equal Attack and Intelligence; whichever is lower.
Siren Coercer,Siren,Life,33,18,23,18,13,105,43,Lister God Shop (Favor Rank 5),Forbidden Lullaby,Coercer Bell,"After this creature is Attacked, the enemy is afflicted with Sleeping."
Siren Oracle,Siren,Life,38,18,23,18,13,110,43,Lister God Shop (Favor Rank 18),In Plain View,Oracle Bell,"At the start of battle, this creature afflicts each enemy with Scorned or Silenced for 1 turn, depending on whether their Attack or Intelligence is higher."
Siren Beguiler,Siren,Life,38,18,23,18,13,110,43,Lister God Shop (Favor Rank 11),Siren Charms,Beguiler Bell,"At the start of battle, this creature afflicts 3 random enemies with Confused. This trait does not stack."
Skeleton Marksman,Skeleton,Death,30,25,10,15,25,105,13,Erebyss God Shop (Favor Rank 11),Aimed Shot,Marksman Bone,This creature's attacks deal 200% more damage to targets that are at 100% Health.
Skeleton Buccaneer,Skeleton,Death,30,25,10,15,25,105,13,Erebyss God Shop (Favor Rank 25),All In,Buccaneer Bone,This creature's first attack each battle deals 300% more damage.
Skeleton Cannoneer,Skeleton,Death,32,27,9,14,24,106,13,Erebyss God Shop (Favor Rank 8),Cannon Shot,Cannoneer Bone,"After this creature Attacks, it afflicts the target and two other enemies with Vulnerable."
Skeleton Sniper,Skeleton,Death,31,26,11,13,26,107,13,Erebyss God Shop (Favor Rank 1),Head Shot,Sniper Bone,"When this creature Attacks, it has a 50% chance to deal 200% more damage."
Skeleton Gunslinger,Skeleton,Death,30,25,10,15,25,105,13,Erebyss God Shop (Favor Rank 18),Quick Shot,Gunslinger Bone,"After this creature Attacks, it has a 50% chance to attack the same target again."
Skeleton Mortarman,Skeleton,Death,29,25,10,15,25,104,13,Erebyss God Shop (Favor Rank 14),Scatter Shot,Mortarman Bone,"After this creature Attacks, it deals 30% of the damage dealt to all other enemies."
Skeleton Triggerman,Skeleton,Death,26,26,11,16,26,105,13,Erebyss God Shop (Favor Rank 5),Vital Shot,Triggerman Bone,This creature's attacks deal 5% more damage for every 1% of Health the target is missing.
Glutinous Slime,Slime,Sorcery,39,17,17,22,12,107,19,Refuge of the Magi (Mucus),Abomination,Glutinous Ooze,"After this creature gains stats, your other creatures that don't have this trait gain 25% of those stats as well."
Ectoplasmic Slime,Slime,Sorcery,40,18,18,23,13,112,60,Refuge of the Magi (Mucus),Concoction,Ectoplasmic Ooze,"After this creature gains a buff, your other creatures that don't have this trait gain a copy of this buff as well."
Mercurial Slime,Slime,Sorcery,40,18,18,23,13,112,19,Refuge of the Magi (Mucus),Diffusion,Mercurial Ooze,"After this creature gains a minion, your other creatures that don't have this trait gain that minion as well."
Blood Slime,Slime,Sorcery,41,18,18,23,13,113,75,Refuge of the Magi (Mucus),Dispersion,Blood Ooze,"After this creature is healed, your other creatures that don't have this trait are healed for 50% of the amount as well."
Cursed Slime,Slime,Sorcery,42,17,17,21,11,108,90,Refuge of the Magi (Mucus),False Prophecy,Cursed Ooze,"This creature always has Cursed. When this creature would take damage from Cursed, the damage is dealt to the enemy instead."
Infested Slime,Slime,Sorcery,42,17,17,22,12,110,105,Refuge of the Magi (Mucus),Parasitic Illusion,Infested Ooze,"This creature always has Poisoned. After this creature takes damage from Poisoned, 50% of the damage is dealt to all enemies."
Bile Slime,Slime,Sorcery,43,18,18,18,13,110,30,Refuge of the Magi (Mucus),Secret Recipe,Bile Ooze,"After this creature is resurrected, your other creatures are resurrected as well."
Paranormal Slime,Slime,Sorcery,42,17,17,21,12,109,45,Refuge of the Magi (Mucus),Vanity,Paranormal Ooze,"After this creature gains Spell Gems, your other creatures that don't have this trait gain those Spell Gems as well."
Dark Brim Smith,Smith,Sorcery,36,21,16,21,16,110,4,Azural God Shop (Favor Rank 8),Battle Born,Dark Brim Axe,Your creatures' Spell Slots have a 10% greater chance to activate.
Depravity Smith,Smith,Sorcery,36,21,16,21,16,110,4,Azural God Shop (Favor Rank 14),Braze,Depravity Axe,Your creatures' '[Class] Strength' Artifact properties deal 50% more damage to that class. This trait does not stack.
Brim Smith,Smith,Sorcery,36,21,16,21,16,110,4,Azural God Shop (Favor Rank 1),Dissection,Brim Axe,"When your creatures Attack, they deal additional damage equal to 50% of the total Attack bonus on this creature's artifact. This trait does not stack."
Crystal Smith,Smith,Sorcery,34,19,17,22,17,109,4,Azural God Shop (Favor Rank 5),Fool's Axiom,Crystal Axe,Your creatures have additional Defense equal to 50% of the total Defense bonus on this creature's artifact.
Death Crafter,Smith,Sorcery,34,19,16,21,16,106,4,Azural God Shop (Favor Rank 32),Honed Blades,Death Axe,"Your creatures share 15% of their Artifacts' bonuses from Attack, Intelligence, Defense, and Speed with each other. This trait does not stack."
Disease Crafter,Smith,Sorcery,37,22,17,17,17,110,4,Azural God Shop (Favor Rank 28),Imbue,Disease Axe,Your creatures' Stat Slots provide 15% more benefit. This trait does not stack.
Pestilence Crafter,Smith,Sorcery,37,21,16,21,16,111,4,Azural God Shop (Favor Rank 18),Incursion,Pestilence Axe,Your creatures' 'Afflict Debuff On Damage' properties have a 100% greater chance to activate. This trait does not stack.
Black Crystal Smith,Smith,Sorcery,33,21,16,21,16,107,4,Azural God Shop (Favor Rank 11),Unbreakable,Black Crystal Axe,Your creatures' '[Class] Strength' Artifact properties prevent 50% more damage from that class. This trait does not stack.
Hammer Lord,Smith,Sorcery,34,21,16,21,16,108,4,Azural God Shop (Favor Rank 25),War Forged,Ianne's Spare Hammer,Your creatures' 'Gain Buff On Damage' properties have a 100% greater chance to activate. This trait does not stack.
War Crafter,Smith,Sorcery,35,20,15,20,15,105,4,Azural God Shop (Favor Rank 35),Warcraft,War Axe,This creature's Stat Slots provide 40% more benefit.
Noxious Smog,Smog,Chaos,28,26,16,16,21,107,7,"Caustic Reactor, Damarel",Contamination,Noxious Smoke,This creature's attacks deal 75% more damage and afflict Poisoned.
Lethal Smog,Smog,Chaos,28,26,16,16,21,107,15,"Caustic Reactor, Damarel",Creeping Death,Lethal Smoke,"After this creature Defends or Provokes, enemies that have Poisoned take damage equal to 3 turns of this debuff."
Festival Smog,Smog,Chaos,31,26,16,11,21,105,415,Chaos Guild,Endless Distraction,Festival Drink,"While this creature is Provoking, your other creatures take 35% less damage. This trait does not stack."
Scourge Smog,Smog,Chaos,28,23,13,16,21,101,60,"Caustic Reactor, Damarel",Extermination,Scourge Smoke,This creature deals 150% more damage to creatures with Poisoned. This trait does not stack.
Pestilent Smog,Smog,Chaos,30,25,15,15,20,105,45,"Caustic Reactor, Damarel",Malady,Pestilent Smoke,Enemies' Poisoned debuff lasts forever. This effect also applies to your own creatures while you have a creature with the Poison Inoculation trait.
Cancerous Smog,Smog,Chaos,29,24,14,16,19,102,30,"Caustic Reactor, Damarel",Poison Inoculation,Cancerous Smoke,Your creatures start battle with Poisoned. Your creatures recover Health from Poisoned instead of taking damage from it.
Toxic Smog,Smog,Chaos,30,25,15,15,20,105,90,"Caustic Reactor, Damarel",Tainted Blood,Toxic Smoke,"After an enemy takes damage from Poisoned, all other enemies take damage equal to 35% of the damage dealt. This trait does not stack."
Smog Lord,Smog,Chaos,30,25,15,15,20,105,75,"Caustic Reactor, Damarel",Transfusion,Lord Smoke,"After this creature Attacks a creature with Poisoned, it deals damage equal to the amount this debuff would have dealt for 5 turns, then this debuff is removed."
Incendiary Smog,Smog,Chaos,35,20,20,15,15,105,415,Chaos Guild,Vex,Incendiary Smoke,Enemies with both Burning and Poisoned take 50% more damage from these debuffs. This trait does not stack.
Alluring Snaptrap,Snaptrap,Nature,40,20,20,18,10,108,64,Overgrown Temple (Vines),Atrophy,Alluring Pitcher,"After an enemy gains a stat, it has a 25% chance to be sent to the bottom of the Timeline. This trait does not stack."
Snaptrap Cultivar,Snaptrap,Nature,41,21,21,16,11,110,64,Overgrown Temple (Vines),Coming Down,Cultivar Pitcher,"After an enemy gains a buff, it has a 25% chance to be sent to the bottom of the Timeline. This trait does not stack."
Battrap,Snaptrap,Nature,42,22,22,16,12,114,64,Overgrown Temple (Vines),Debacle,Bat Pitcher,"After an enemy is healed, it has a 25% chance to be sent to the bottom of the Timeline. This trait does not stack."
Wizened Snaptrap,Snaptrap,Nature,41,21,21,16,11,110,64,Overgrown Temple (Vines),Follow The Leader,Wizened Pitcher,"After an enemy is sent to the bottom of the Timeline, all other enemies each have a 5% chance to be sent to the bottom of the Timeline as well. This trait does not stack."
Parasitic Snaptrap,Snaptrap,Nature,43,23,23,13,8,110,64,Overgrown Temple (Vines),Great Fall,Parasitic Pitcher,"After an enemy Attacks, all other enemies each have a 10% chance to be sent to the bottom of the Timeline. This trait can only activate on the enemies' first attack per turn. This trait does not stack."
Sticky Snaptrap,Snaptrap,Nature,40,20,20,18,13,111,75,Overgrown Temple (Vines),Tumble Over,Sticky Pitcher,"After an enemy Casts a spell, all other enemies each have a 10% chance to be sent to the bottom of the Timeline. This trait can only activate on the enemies' first spell per turn. This trait does not stack."
Soulflayer Drone,Soulflayer,Sorcery,30,18,23,18,18,107,61,Sanctum Umbra (Brains),Group Therapy,Drone Brain,"After your creatures that belong to your most common race heal a creature, the others heal that same creature as well. This trait does not stack."
Soulflayer Peacemaker,Soulflayer,Sorcery,32,17,22,17,17,105,61,Sanctum Umbra (Brains),Hubbub,Peacemaker Brain,"After your creatures that belong to your most common race Provoke, the others Provoke. This trait does not stack."
Soulflayer Prober,Soulflayer,Sorcery,31,18,23,18,18,108,61,Sanctum Umbra (Brains),Marshal,Healer Brain,"After your creatures that belong to your most common race move to the top of the Timeline, the others have a 25% chance to attack a random enemy. This trait does not stack."
Soulflayer Overlord,Soulflayer,Sorcery,32,17,22,17,17,105,61,Sanctum Umbra (Brains),Mass Resurrection,Queen Brain,"After your creatures that belong to your most common race are resurrected, the others have a 30% chance to be resurrected with 50% Health as well. This trait does not stack."
Soulflayer Depriver,Soulflayer,Sorcery,30,15,23,18,18,104,61,Sanctum Umbra (Brains),Of One Mind,Sleepless Brain,"After your creatures that belong to your most common race Attack, the others have a 5% chance to Attack random enemies for 10% normal damage. This trait does not stack."
Soulflayer Dreamcaster,Soulflayer,Sorcery,32,17,22,17,17,105,75,Sanctum Umbra (Brains),Suicide Pact,Dreamweaver Brain,"After your creatures that belong to your most common race are killed, the others are killed as well. This trait does not stack."
Ancient Spacecat,Spacecat,Sorcery,35,20,20,20,25,120,,Eternity's End,Yowl!,Ancient Helmet,This creature can equip Spell Gems from any class. Your creatures have 10% more Speed for each Sealed Spell Gem each of your creatures have. This trait does not stack.
Astral Spacecat,Spacecat,Sorcery,32,15,28,15,20,110,,Eternity's End,Maow!,Astral Helmet,This creature can equip Spell Gems from any class. Your creatures have 10% more Intelligence for each Sealed Spell Gem each of your creatures have. This trait does not stack.
Black Spacecat,Spacecat,Sorcery,35,15,20,28,12,110,,Eternity's End,Hisss!,Black Helmet,This creature can equip Spell Gems from any class. Your creatures have 10% more Defense for each Sealed Spell Gem each of your creatures have. This trait does not stack.
Furious Spacecat,Spacecat,Sorcery,32,28,15,15,20,110,,Eternity's End,Chattering Chant,Furious Helmet,This creature can equip Spell Gems from any class. Your creatures have 10% more Attack for each Sealed Spell Gem each of your creatures have. This trait does not stack.
Gold Spacecat,Spacecat,Sorcery,38,15,25,20,12,110,,Eternity's End,Thrillful Trills,Gold Helmet,"This creature can equip Spell Gems from any class. At the start of your creatures' turns, they are healed for 5% of their Maximum Health for each Sealed Spell Gem each of your creatures have. This trait does not stack."
Peculiar Spacecat,Spacecat,Sorcery,32,15,28,15,20,110,,Eternity's End,Purrr,Peculiar Helmet,"This creature can equip Spell Gems from any class. After this creature Casts a spell, it is Sealed."
Sparktail Student,Sparktail,Sorcery,38,21,21,16,16,112,45,"Faraway Enclave, Where the Dead Ships Dwell",Bombshell,Student Spark,Your creatures deal 75% more damage when it is not their turn. This trait does not stack.
Sparktail Engineer,Sparktail,Sorcery,38,21,21,16,16,112,75,"Faraway Enclave, Where the Dead Ships Dwell",Comeuppance,Engineer Spark,"After this creature takes damage from spells, it deals damage to all enemies equal to 30% of the damage taken."
Sparktail Searcher,Sparktail,Sorcery,39,19,19,16,16,109,60,"Faraway Enclave, Where the Dead Ships Dwell",Conviviality,Searcher Spark,This creature deals additional damage equal to 5% of the damage your creatures have taken in the current battle.
Sparktail Officer,Sparktail,Sorcery,38,18,21,16,16,109,40,"Faraway Enclave, Where the Dead Ships Dwell",Ravish,Officer Spark,"After this creature takes damage, it deals damage to the enemy equal to 100% of the damage taken."
Sparktail Courier,Sparktail,Sorcery,39,19,19,17,17,111,40,"Faraway Enclave, Where the Dead Ships Dwell",Recompense,Courier Spark,"After this creature is Attacked, it deals damage to all enemies equal to 30% of the damage taken."
Sparktail Professor,Sparktail,Sorcery,40,20,20,15,15,110,40,"Faraway Enclave, Where the Dead Ships Dwell",Seeth,Professor Spark,This creature deals additional damage equal to 20% of the damage it has taken in the current battle.
Doomsday Spectre,Spectre,Death,30,20,21,16,16,103,15,Path of the Damned (Skull Piles),Blessing From Below,Doomsday Embryo,"After this creature gains stats other than Maximum Health, enemies lose 25% of that amount of the same stat. This trait does not stack."
Abyssal Spectre,Spectre,Death,32,22,20,15,15,104,13,Path of the Damned (Skull Piles),Cold Touch,Abyssal Embryo,"After this creature attacks, it decreases the target's highest stat by 20%."
Dread Spectre,Spectre,Death,33,23,23,15,15,109,30 (1 for Defiler),"Path of the Damned (Skull Piles), Defiler Starter",Creation Dirge,Dread Embryo,"After this creature is Attacked, it decreases the enemy's Attack, Defense, Intelligence, and Speed by 25%."
Entropic Spectre,Spectre,Death,27,22,22,17,17,105,45,Path of the Damned (Skull Piles),Cripple,Entropic Embryo,"After this creature Casts a damaging spell on an enemy, the target loses Intelligence equal to 100% of the damage dealt."
Prophetic Spectre,Spectre,Death,26,22,22,17,17,104,90,Path of the Damned (Skull Piles),Experimentation,Prophetic Embryo,"After an enemy gains stats, this creature has a 30% chance to Attack it."
Woeful Spectre,Spectre,Death,33,23,21,16,16,109,105,Path of the Damned (Skull Piles),Guilt,Woeful Spectre,"At the start of each enemy's turn, this creature decreases their lowest stat by 25%."
Transient Spectre,Spectre,Death,30,20,22,17,17,106,75,Path of the Damned (Skull Piles),Salted Earth,Transient Spectre,"After this creature Defends or Provokes, enemies lose 30% Defense and Speed."
Nightveil Spectre,Spectre,Death,31,21,21,16,16,105,60,Path of the Damned (Skull Piles),Unspeakable Sins,Nightveil Embryo,"After an enemy is healed, it loses 35% Attack and Intelligence. This trait does not stack."
Spelljuggler Bedazzler,Spelljuggler,Sorcery,30,15,28,15,22,110,64,Amalgam Gardens,Spectrometry,Multifaceted Ball,Your Spelljuggler creatures can equip Spell Gems from any class.
Spelljuggler Connoisseur,Spelljuggler,Sorcery,32,15,28,15,20,110,64,Amalgam Gardens,Prismatic Amplifier,Fine Ball,Your creatures' spells have 100% more potency if the spell's class is different from the last spell cast in the current battle. This trait does not stack.
Spelljuggler Conservator,Spelljuggler,Sorcery,35,15,25,20,15,110,64,Amalgam Gardens,Lucid Renewal,Recycled Ball,"If your creatures have collectively Cast a spell from each class in the current battle, their Spell Gems no longer consume Charges and have 50% more potency. This trait does not stack."
Spelljuggler Instructor,Spelljuggler,Sorcery,35,15,25,20,15,110,64,Amalgam Gardens,Shifting Brilliance,Training Ball,"After this creature Casts a spell of a different class from the last spell cast in the current battle, your creatures gain 40% Intelligence. This trait does not stack."
Spelljuggler Opportunist,Spelljuggler,Sorcery,32,15,28,15,20,110,64,Amalgam Gardens,Enochian,Rough-hewn Ball,"After this creature Casts a spell of a different class from the last spell cast in the current battle, enemies take damage equal to 35% of its Intelligence."
Spelljuggler Trapezist,Spelljuggler,Sorcery,30,15,25,15,25,110,64,Amalgam Gardens,Add to the Mix,Patched Ball,"After an ally Casts a spell of a different class from the last spell cast in the current battle, this creature Casts one of its spells."
Rimeskin Spellmane,Spellmane,Sorcery,38,13,23,16,18,108,22,"Great Pandemonium, Cutthroat Jungle",Snowstalker,Rime Pelt,"At the start of battle, this creature gains Snowstorm. After this creature Casts this spell, it gains Invisible and 20% Attack."
Ashskin Spellmane,Spellmane,Sorcery,41,14,24,14,19,112,22,"Great Pandemonium, Cutthroat Jungle",Flamestalker,Ashen Pelt,"At the start of battle, this creature gains Firestorm. After this creature Casts this spell, it gains Invisible and 20% Intelligence."
Voltskin Spellmane,Spellmane,Sorcery,40,15,25,13,18,111,30,"Great Pandemonium, Cutthroat Jungle",Staticstalker,Voltatic Pelt,"At the start of battle, this creature gains Chain Lightning. After this creature Casts this spell, it gains Invisible and 20% Speed."
Venomskin Spellmane,Spellmane,Sorcery,43,13,23,13,18,110,45,"Great Pandemonium, Cutthroat Jungle",Vilestalker,Venomous Pelt,"At the start of battle, this creature gains Acid Rain. After this creature Casts this spell, it gains Invisible and 20% Speed."
Dryskin Spellmane,Spellmane,Sorcery,39,14,24,14,19,110,60,"Great Pandemonium, Cutthroat Jungle",Sandstalker,Dry Pelt,"At the start of battle, this creature gains Sandstorm. After this creature Casts this spell, it gains Invisible and 20% Attack."
Cloudskin Spellmane,Spellmane,Sorcery,38,13,25,15,20,111,75,"Great Pandemonium, Cutthroat Jungle",Skystalker,Cloudy Pelt,"At the start of battle, this creature gains Whirlwind. After this creature Casts this spell, it gains Invisible and 20% Intelligence."
Sphinx Ordainer,Sphinx,Life,31,21,21,11,21,105,46,Yseros God Shop (Favor Rank 14),Blessing of Sands,Ordainer Mane,Your creatures' traits and other effects act as if your party contains 3 more creatures that belong to the same class. This trait does not stack.
Sphinx Avenger,Sphinx,Life,37,22,19,9,19,106,46,Yseros God Shop (Favor Rank 1),Desert Glory,Avenger Mane,"After your creatures die, they have a 5% chance to be resurrected with 50% Health for each creature of its own class fighting on your side. This trait does not stack."
Sphinx Zealot,Sphinx,Life,32,17,22,12,22,105,46,Yseros God Shop (Favor Rank 18),Pharaoh's Bane,Zealot Mane,"Enemies have 5% less Attack, Intelligence, Defense, and Speed for each creature of this creature's own class fighting on your side. This trait does not stack."
Sphinx Elder,Sphinx,Life,34,21,21,11,21,108,46,Yseros God Shop (Favor Rank 5),Pharaoh's Boon,Elder Mane,"Your creatures have 10% more Attack, Intelligence, Defense, and Speed for each creature of the same class fighting on your side. This trait does not stack."
Sphinx Usurper,Sphinx,Life,36,21,21,11,21,110,46,Yseros God Shop (Favor Rank 25),Prejudice,Usurper Mane,"After this creature Attacks, it also attacks every other enemy that belongs to the same class as the target."
Sphinx Justicar,Sphinx,Life,37,22,22,9,19,109,46,Yseros God Shop (Favor Rank 11),Recombobulation,Justicar Mane,"At the start of battle, your creatures are set to the same class, chosen randomly."
Sphinx Healer,Sphinx,Life,35,20,20,10,20,105,46,Yseros God Shop (Favor Rank 8),Rejuvenation,Healer Mane,"At the start of your creatures' turns, they recover 12% Health for each creature of the same class fighting on your side. This trait does not stack."
Clairvoyant Spirit,Spirit,Life,38,13,23,18,18,110,75,"Frostbite Caverns, Fae Lands",Abnegation,Clairvoyant Fluff,"After your creatures are healed, a random enemy takes damage equal to 50% of the amount of Health recovered. This trait does not stack."
Fog Spirit,Spirit,Life,38,13,23,18,18,110,90,"Frostbite Caverns, Fae Lands",Absence of Light,Fog Fluff,"After an enemy is healed, this creature decreases their lowest stat by 25%."
Exalted Spirit,Spirit,Life,38,13,23,18,18,110,60,"Frostbite Caverns, Fae Lands",Benefic,Exalted Fluff,"After your creatures are healed, they gain a Barrier that absorbs damage equal to 50% of the amount of Health recovered. This trait does not stack."
Succubus Spirit,Spirit,Life,37,12,22,18,18,107,30,"Frostbite Caverns, Fae Lands",Carnal Genesis,Succubus Fluff,"After your creatures are healed, they have a 10% chance to move to the top of the Timeline. This trait does not stack."
Evil Spirit,Spirit,Death,33,18,18,18,18,105,415,Death Guild,Doom and Gloom,Evil Fluff,"When an enemy would afflict this creature with a debuff, this creature has a 50% chance to afflict that enemy with the debuff instead."
Frozen Spirit,Spirit,Life,38,13,23,18,18,110,15,"Frostbite Caverns, Fae Lands",Dreams of Ice,Frozen Fluff,"After your creatures are healed, they gain 25% Defense. This trait does not stack."
Ancient Spirit,Spirit,Life,38,13,23,18,18,110,4,"Frostbite Caverns, Fae Lands",Essential Dignity,Ancient Fluff,"After your creatures are healed, they gain a random buff. This trait does not stack."
Willow Spirit,Spirit,Life,37,13,23,18,18,109,45,"Frostbite Caverns, Fae Lands",Everglow,Willow Fluff,Your creatures recover 100% more Health from healing effects. This trait does not stack.
Holiday Spirit,Spirit,Life,37,12,22,18,18,107,415,Life Guild,Repetitive Holiday,Holiday Gift,"At the start of each of your creatures' turns, this creature has a 50% chance to be killed. If it's already dead, it has a 50% chance to be resurrected with 50% Health."
Malignant Spirit,Spirit,Life,33,13,23,18,18,105,105,"Frostbite Caverns, Fae Lands",Stay Dead,Malignant Fluff,"After an enemy is resurrected, this creature deals damage to all enemies equal to 60% of its Intelligence."
Stag Guide,Stag,Life,37,17,22,17,17,110,415,Life Guild,Christmas is Canceled,Reindeer Gift,"At the start of battle, this creature afflicts 3 random enemies with Disarmed."
Stag Royal,Stag,Life,34,17,22,17,17,107,60,"Unsullied Meadows, Fae Lands",Endlessly,Royal Antler,Your creatures' Spell Gems gain 50% more benefit from their 'More Charges' properties. This trait does not stack.
Stag Spirit,Stag,Life,36,16,21,16,16,105,75,"Unsullied Meadows, Fae Lands",Like Sand,Spirit Antler,Your creatures' 'Cascading' spells now consume 2 additional Charges while they have over 50% of their total Charges. This trait does not stack.
Stag Guardian,Stag,Life,37,17,22,17,17,110,49,"Unsullied Meadows, Fae Lands",Moon Prayer,Guardian Antler,Your creatures' 'Chance to Defend' Spell Gem properties have double the chance to activate. This trait does not stack.
Stag Abstract,Stag,Life,34,14,22,17,17,104,90,"Unsullied Meadows, Fae Lands",Prism,Abstract Antler,This creature's Spell Gems that have potency modifiers now use 100% of those stats.
Stag Idol,Stag,Life,34,17,22,17,17,107,49,"Unsullied Meadows, Fae Lands",Star Prayer,Idol Antler,Your creatures' 'Chance to Attack' Spell Gem properties have double the chance to activate. This trait does not stack.
Stag Celestial,Stag,Life,37,17,22,17,17,110,49,"Unsullied Meadows, Fae Lands",Sun Prayer,Celestial Antler,Your creatures' 'Chance to Provoke' Spell Gem properties have double the chance to activate. This trait does not stack.
Stag Overseer,Stag,Life,36,16,21,16,16,105,49,"Unsullied Meadows, Fae Lands",Touched by the Gods,Overseer Antler,Your creatures' 'Chance to Cast Twice' Spell Gem properties now activate 1 additional time.
Blizzard,Storm,Nature,35,18,18,18,18,107,415,Nature Guild,Best Kind of Weather,Blizzard Gift,"At the start of battle, your creatures gain Snowstorm. This spell deals 100% more damage."
Raving Storm,Storm,Nature,38,18,18,18,18,110,16,"The Swamplands, Land of Breath & Balance",Cloud Connected,Raving Cloud,"While this creature is above 90% Health, it has Repelling and Immune."
Storm Lord,Storm,Nature,38,18,18,18,18,110,75,"The Swamplands, Land of Breath & Balance",Damage Control,Lord Cloud,"While this creature is above 90% Health, your creatures take 65% less damage. This trait does not stack."
Thunder Storm,Storm,Nature,35,18,18,18,18,107,30,"The Swamplands, Land of Breath & Balance",Eye of the Storm,Thunder Cloud,"While this creature is above 90% Health, your creatures' Health cannot fall below 5%. This effect is ignored if the incoming damage would exceed 100% of the creature's Maximum Health."
Hurricane,Storm,Nature,38,18,18,18,18,110,60,"The Swamplands, Land of Breath & Balance",Powershift,Hurricane Cloud,"While this creature is above 90% Health, it deals 100% more damage."
Red Storm,Storm,Nature,38,18,18,18,18,110,16,"The Swamplands, Land of Breath & Balance",Sailor's Warning,Red Cloud,"While this creature is above 90% Health, it has 50% more Attack, Intelligence, Defense, and Speed."
Cyclone,Storm,Nature,32,18,18,18,18,104,45,"The Swamplands, Land of Breath & Balance",Storm to Pass,Cyclone Cloud,"While this creature is above 90% Health, enemies have a 20% chance to lose their turn at the start of their turn. This trait does not stack."
Malignant Storm,Storm,Nature,38,18,18,18,18,110,90,"The Swamplands, Land of Breath & Balance",Wasted Age,Malignant Cloud,"While this creature is above 90% Health, it is immune to damage from spells."
Tanukrook,Tanukrook,Nature,31,16,19,19,19,104,20,Nether Realms,Monster Crown,Tanukrook Pact,"At the start of this creature's turn, it kills your other creatures and gains 20% of their stats."
Toxdweller Slasher,Toxdweller,Chaos,30,15,20,15,25,105,7,Venedon God Shop (Favor Rank 1),A Gift For You,Slasher Poison,This creature's attacks deal 75% more damage and afflict the target with Bomb.
Toxdweller Bloodbather,Toxdweller,Chaos,28,16,21,16,26,107,7,Venedon God Shop (Favor Rank 5),And You Get A Bomb,Bloodbather Poison,"At the start of battle, this creature afflicts 3 random enemies with Bomb."
Toxdweller Mutant,Toxdweller,Chaos,29,14,19,16,24,102,7,Venedon God Shop (Favor Rank 8),"Click, Click, Boom",Mutant Poison,"After this creature defends or provokes, enemies take damage from their Bomb debuffs."
Toxdweller Infector,Toxdweller,Chaos,29,14,21,16,26,106,7,Venedon God Shop (Favor Rank 18),Imminent Danger,Infector Poison,"After your creatures attack an enemy with Bomb, the potency of the Bomb increases by 20%. This trait does not stack."
Toxdweller Decoy,Toxdweller,Chaos,28,13,21,16,26,104,7,Venedon God Shop (Favor Rank 11),Not Quite A Dud,Decoy Poison,"When an enemy's Bomb detonates at the start of their turn, there is a 50% chance the Bomb debuff won't be removed from the creature. This trait does not stack."
Toxdweller Parasite,Toxdweller,Chaos,27,15,20,15,25,102,7,Venedon God Shop (Favor Rank 14),Sharing Is Caring,Parasite Poison,"After an enemy's Bomb detonates, adjacent enemies take 100% of the detonation damage as well. This trait does not stack."
Ahnok Tremor,Tremor,Nature,36,16,11,21,26,110,64,Anneltha God Shop (Favor Rank 5),Constrict,Ahnok Soil,"At the start of this creature's turn, it afflicts a random enemy with Snared and Feared."
Quamar Tremor,Tremor,Nature,33,16,11,21,26,107,64,Anneltha God Shop (Favor Rank 14),Jolt,Quamar Soil,"At the end of each enemy's turn, they are afflicted with Stone. This trait does not stack."
Quarnok Tremor,Tremor,Nature,36,16,11,21,26,110,64,Anneltha God Shop (Favor Rank 18),Rattle,Quarnok Soil,"After an enemy Defends or Provokes, this creature Attacks it and afflicts it with Stone. This trait does not stack."
Urhul Tremor,Tremor,Nature,36,16,11,21,26,110,64,Anneltha God Shop (Favor Rank 25),Shake,Urhul Soil,"When an enemy Casts a spell, it has a 35% chance to be interrupted. This trait does not stack."
Gorlum Tremor,Tremor,Nature,36,16,11,21,26,110,64,Anneltha God Shop (Favor Rank 8),Solidarity,Gorlum Soil,"At the start of battle, this creature Seals your creatures' first 2 Spell Gems and gains copies of them."
Ahnkol Tremor,Tremor,Nature,35,15,10,20,25,105,64,Anneltha God Shop (Favor Rank 1),Stomp,Ahnkol Soil,"When an enemy attacks, it has a 35% chance to be interrupted. This trait does not stack."
Hanyac Tremor,Tremor,Nature,29,24,14,15,24,106,64,Anneltha God Shop (Favor Rank 11) + Nature Guild,Twilight,Hanyac Soil,"At the end of this creature's turn, if it didn't cause any damage during its turn, it Attacks a random enemy for 200% normal damage."
Troll Knife Juggler,Troll,Nature,38,23,8,23,18,110,31,Torun God Shop (Favor Rank 11),Fan of Knives,Knife Juggler Sweat,"After an ally Attacks, this creature deals damage to the target equal to 20% of its Speed."
Troll Berserker,Troll,Nature,38,23,8,23,18,110,31,Torun God Shop (Favor Rank 8),Misanthropy,Berseker Sweat,"At the end of this creature's turn, it attacks two random enemies."
Troll Alemaster,Troll,Nature,38,23,8,23,18,110,31,Torun God Shop (Favor Rank 14),Mystery Brew,Alemaster Sweat,"After this creature Provokes, it casts a random Booze Spell for each time (up to 5) it has Provoked in the current battle."
Chaos Troll,Troll,Chaos,43,13,13,23,18,110,415,Chaos Guild,Otherworld,Chaos Sweat,Enemies take 20% more indirect damage. This trait does not stack.
Troll Arsonist,Troll,Nature,38,23,8,23,18,110,31,Torun God Shop (Favor Rank 1),Resin,Arsonist Sweat,"At the start of this creature's turn, it deals damage to a random enemy equal to 75% of its Attack."
Troll Youngster,Troll,Nature,35,23,8,23,18,107,31,Torun God Shop (Favor Rank 25),Rude Awakening,Youngster Sweat,"After an enemy is resurrected, this creature deals damage to it equal to 50% of the enemy's Current Health."
Troll King,Troll,Nature,38,23,8,23,18,110,31,Torun God Shop (Favor Rank 18),Sadism,King Sweat,"At the start of this creature's turn, enemies take damage equal to 15% of their Current Health."
Troll Necksnapper,Troll,Nature,38,23,8,23,18,110,31,Torun God Shop (Favor Rank 5),Skull Bash,Necksnapper Sweat,"At the end of this creature's turn, it has a 50% chance to send a random enemy to the bottom of the Timeline."
Trollboar,Troll,Nature,38,23,8,23,18,110,415,Chaos Guild,Year of the Trolboar,Trollboar Lantern,"After this creature Provokes, it deals damage to a random enemy equal to 25% of its Intelligence. This effect repeats once for every 5% Health this creature is missing."
Underdweller Fearmonger,Underdweller,Death,35,15,25,20,15,110,,Torture Chamber,Robbing the Grave,Well-used Shovel,Creatures lose 35% more stats. Your creatures Cast spells that interact with Feared with 50% more potency. This trait does not stack.
Underdweller Hexblade,Underdweller,Death,32,25,20,15,18,110,,Torture Chamber,Creeping Doom,Cursed Dagger,Enemies with Feared take 15% more damage for each Death creature fighting on your side. This trait does not stack.
Underdweller Mischiefmaker,Underdweller,Death,30,20,20,20,20,110,,Torture Chamber,Misery Loves Company,Wind-up Rat Toy,Your creatures have 2 more base stats that correspond to each of your creatures' classes. This trait does not stack.
Underdweller Ripper,Underdweller,Chaos,30,28,15,15,22,110,,Torture Chamber,Mortal Terror,Bloody Top Hat,"After all start-of-battle effects, this creature Attacks a random enemy with Feared and this creature's on-death effects are activated."
Underdweller Ritesmaster,Underdweller,Nature,25,20,25,20,20,110,,Torture Chamber,Dark Ritual,Skull-shaped Candle,"At the start of battle, your creatures share 10% of their class' corresponding stats with your other creatures. Your creatures start battles at 50% Health. This trait does not stack."
Underdweller Rot-thief,Underdweller,Death,35,20,25,15,15,110,,Torture Chamber,Feast and Famine,Gnawed Bone,Enemies that die with Feared cannot be resurrected.
Unguided Psychic,Unguided,Life,37,21,21,21,11,111,61,Perdition God Shop (Favor Rank 1),Bloodline,Psychic Stardust,Your creatures always deal damage as if they are strong against their enemy's class. This trait does not stack.
Unguided Heathen,Unguided,Life,36,21,21,21,11,110,61,Perdition God Shop (Favor Rank 18),Capitalize,Errant Stardust,Your creatures deal 75% more damage as a result of their class strength. This trait does not stack.
Unguided Sadist,Unguided,Life,37,21,21,21,11,111,61,Perdition God Shop (Favor Rank 14),Details Matter,Sadist Stardust,Your creatures always take damage as if they are strong against their enemy's class. This trait does not stack.
Unguided Agnostic,Unguided,Life,34,19,21,21,11,106,61,Perdition God Shop (Favor Rank 11),Dispossession,Dimensional Stardust,Your creatures take 50% less damage as a result of their class strength. This trait does not stack.
Unguided Desecrator,Unguided,Life,33,21,21,21,11,107,61,Perdition God Shop (Favor Rank 8),Mesmer,Demolisher Stardust,"After this creature damages an enemy, the enemy's class is changed to this creature's class weakness. This trait does not stack."
Unguided Judge,Unguided,Life,37,22,20,20,10,109,61,Perdition God Shop (Favor Rank 5),Quantum Flux,Merciful Stardust,"After your creatures take damage from an enemy, their class is changed to the enemy's class weakness. This trait does not stack."
Pegasus,Unicorn,Life,36,16,16,21,16,105,60,Azure Dream (Wishing Stars),Chrysaor's Ambition,Pegasus Horseshoe,"After this creature attacks, it gives a random ally 2 random buffs."
Unicorn Consecrator,Unicorn,Life,33,23,15,15,20,106,25,Azure Dream (Wishing Stars),Circle of Life,Consecrator Horseshoe,"After this creature Attacks, it heals allies for 50% of the damage dealt."
Unicorn Holycaster,Unicorn,Life,32,22,17,14,19,104,45 (1 for Cleric),"Azure Dream (Wishing Stars), Cleric Starter",Divine Mending,Holycaster Horseshoe,"After this creature Attacks, it heals its ally with the lowest health for 200% of the damage dealt."
Unicorn Firewalker,Unicorn,Life,30,21,16,16,21,104,90,Azure Dream (Wishing Stars),Eruption,Firewalker Horseshoe,"After this creature Attacks, it has a 50% chance to Cast Volcano."
Unicorn Vivifier,Unicorn,Life,31,21,16,17,22,107,1,"Azure Dream (Wishing Stars), Tutorial Starter",Reinvigoration,Vivifier Horseshoe,"After this creature Attacks, it resurrects a random ally with 50% Health."
Unicorn Stormbringer,Unicorn,Life,30,21,16,16,21,104,30,Azure Dream (Wishing Stars),Righteous Winds,Stormbringer Horseshoe,"After this creature Attacks, it increases a random ally's Attack and Intelligence by 50%."
Unicorn Thundercracker,Unicorn,Life,31,21,17,14,22,105,75,Azure Dream (Wishing Stars),Spur of the Heavens,Thundercracker Horseshoe,"After this creature Attacks, it has a 50% chance to move a random ally to the top of the Timeline."
Uralos Healer,Uralos,Nature,42,17,17,17,17,110,75,"The Swamplands, Amalgam Gardens",Healing Aura,Unidentified Flask,"At the start of your Uralos creatures' turns, they recover Health equal to 25% of their highest stat. This trait does not stack."
Uralos Knight,Uralos,Nature,42,17,17,17,17,110,16,"The Swamplands, Amalgam Gardens",Formation,Battered Shield,"After your Uralos creatures take damage from an attack or spell, your Uralos creatures gain 5% Defense. This trait does not stack."
Uralos Savage,Uralos,Nature,40,18,18,18,18,112,45,"The Swamplands, Amalgam Gardens",Hunger for Blood,Bloodstained Claw,"After your Uralos creatures Attack, your Uralos creatures gain 10% Attack."
Uralos Spearmaster,Uralos,Nature,40,18,18,18,18,112,30,"The Swamplands, Amalgam Gardens",War Dance,Primitive Spear,"After your Uralos creatures Defend or Provoke, your Uralos creatures gain 20% Speed. This trait does not stack."
Uralos Spellslinger,Uralos,Nature,42,17,17,17,17,110,16,"The Swamplands, Amalgam Gardens",Escalation,Arcane Staff,"After your Uralos creatures manually Cast a spell, your Uralos creatures gain 35% Attack and Intelligence. This trait does not stack."
Uralos Trickster,Uralos,Nature,40,15,18,18,18,109,60,"The Swamplands, Amalgam Gardens",Cull the Weak,Envenomed Dagger,"After an enemy is killed, your Uralos creatures gain 15% stats."
Uralos Warchief,Uralos,Nature,38,25,15,20,22,120,75,"The Swamplands, Amalgam Gardens",Commanding Presence,Shattered Skull,Your Uralos creatures' innate traits are 50% more powerful. This trait does not stack.
Valkyrie Scout,Valkyrie,Life,29,24,9,21,24,107,25 (1 for Inquisitor),"Azure Dream, Sanctum Umbra, Inquisitor Starter",Fight or Flight,Scout Rapier,"After your other creatures are Attacked by an enemy, this creature Attacks the enemy for 50% normal damage."
Valkyrie Duelist,Valkyrie,Life,30,25,7,22,22,106,90,"Azure Dream, Sanctum Umbra",Goad,Duelist Rapier,Your creatures adjacent to this creature attack 2 additional times.
Valkyrie Priestess,Valkyrie,Life,31,16,21,21,16,105,415,Life Guild,Illumina,Priestess Rapier,"After your creatures Attack, they have a 35% chance to gain a Barrier that absorbs damage equal to 50% of their Maximum Health. This trait does not stack."
Valkyrie Champion,Valkyrie,Life,27,23,8,23,23,104,60,"Azure Dream, Sanctum Umbra",Refraction,Champion Rapier,"After an enemy targets one of your creatures with a single-target spell, this creature Casts the same spell on the enemy."
Valkyrie Knight,Valkyrie,Life,33,22,7,22,22,106,25,"Azure Dream, Sanctum Umbra",Savior,Knight Rapier,This creature takes 50% of the damage in place of your other creatures from attacks and spells. This trait does not stack.
Valkyrie Shieldmaiden,Valkyrie,Life,31,23,8,23,23,108,75,"Azure Dream, Sanctum Umbra",Second Wind,Shieldmaiden Rapier,"After your creatures are Attacked, they recover Health equal to 25% of their Maximum Health."
Valkyrie Queen,Valkyrie,Life,29,24,9,21,21,104,45,"Azure Dream, Sanctum Umbra",Sentinel,Queen Rapier,This creature and the creatures adjacent to this creature always have Taunting and Defensive.
Valkyrie Lancer,Valkyrie,Life,29,24,9,22,22,106,30,"Azure Dream, Sanctum Umbra",Thorns,Lancer Rapier,"After your creatures are Attacked, they deal damage equal to 25% of their Attack to the enemy."
Demonic Voidlord,Voidlord,Death,33,13,13,26,21,106,60,Bastion of the Void (Cages),Aether Eyes,Devil Heart,Your creatures' Repelling buffs now have a 35% chance to ignore damage from attacks. This trait does not stack.
Imperial Voidlord,Voidlord,Death,37,17,17,22,17,110,52,Bastion of the Void (Cages),Contortion,Imperial Heart,"After your creatures with Repelling take damage from attacks or spells, they reflect 50% of the damage taken back on the enemy. This trait does not stack."
Feral Voidlord,Voidlord,Death,36,16,16,21,16,105,52,Bastion of the Void (Cages),Esoteric Alteration,Werewolf Heart,Your creatures' Repelling buffs now have a 60% chance to prevent damage from spells. This trait does not stack.
Vampiric Voidlord,Voidlord,Death,36,16,16,21,21,110,64,Bastion of the Void (Cages),Mind Fortress,Vampire Heart,"After your creatures take damage from a spell, they gain Repelling."
Subversive Voidlord,Voidlord,Death,36,16,16,21,16,105,75,Bastion of the Void (Cages),Return to Source,Subversive Heart,Your creatures' Repelling buffs now give them a 50% chance to avoid being afflicted by debuffs. This trait does not stack.
Angelic Voidlord,Voidlord,Death,32,12,15,25,20,104,52,Bastion of the Void (Cages),Shadow Bulwark,Angel Heart,"This creature always has Repelling, and takes 90% less indirect damage."
Vortex Observer,Vortex,Sorcery,32,17,16,16,26,107,49,Aeolian God Shop (Favor Rank 1),Disturbance,Observer Wind,"After an enemy manually Casts a spell, your creatures gain a copy of that Spell Gem."
Untamed Vortex,Vortex,Sorcery,32,16,16,16,26,106,49,Aeolian God Shop (Favor Rank 5),Expansion,Untamed Wind,"After this creature takes damage, it gains Attack equal to 50% of the damage it took."
Cerebral Vortex,Vortex,Sorcery,31,16,16,16,26,105,49,Aeolian God Shop (Favor Rank 8),Impedence,Cerebral Wind,"At the start of battle, this creature Seals one of each enemy's Spell Gems. This trait does not stack."
Psychic Vortex,Vortex,Sorcery,32,17,17,12,27,105,49,Aeolian God Shop (Favor Rank 18),Mindbender,Psychic Wind,"When your creatures would take damage from spells, they have a 30% chance to ignore that damage. This trait does not stack."
Ovoid Vortex,Vortex,Sorcery,31,16,16,16,26,105,415,Sorcery Guild,Ovular Barrage,Ovoid Egg,"After this creature is Attacked, it Casts Verdant Spheres on the enemy."
Consuming Vortex,Vortex,Sorcery,28,16,16,16,26,102,49,Aeolian God Shop (Favor Rank 11),Simulacrum,Consuming Wind,"When an enemy Casts a spell, this creature has a 35% chance to negate the spell. When this happens, this creature gains a copy of that Spell Gem. This trait does not stack."
Sulfuric Vortex,Vortex,Sorcery,31,16,16,16,26,105,49,Aeolian God Shop (Favor Rank 25),Spiral Ward,Sulfuric Wind,This creature takes 2% less damage from spells (up to 90%) for every 1% Health it is missing.
Evil Vortex,Vortex,Sorcery,41,11,26,11,21,110,415,Sorcery Guild,Squall,Evil Wind,"After an enemy is afflicted with a debuff, this creature Casts a random spell. This trait can only activate once per turn."
Mana Vortex,Vortex,Sorcery,28,16,16,16,26,102,49,Aeolian God Shop (Favor Rank 14),Stifle,Mana Wind,"After an enemy Casts a spell, this creature afflicts enemies with Silenced."
Skyward Vulpes,Vulpes,Life,31,16,21,16,21,105,45,"Temple of Lies, Blood Grove",Cana,Skyward Ear,"This creature's first 3 non-Ethereal, damaging Spell Gems each have a 50% chance to be Cast automatically at the start of battle."
Decaying Vulpes,Vulpes,Life,32,17,22,15,22,108,15,"Temple of Lies, Blood Grove",Corsac,Decaying Ear,"This creature's first 3 non-Ethereal, healing Spell Gems each have a 50% chance to be Cast automatically at the start of battle."
Lost Vulpes,Vulpes,Life,31,16,21,16,21,105,30,"Temple of Lies, Blood Grove",Lagopus,Lost Ear,"Your creatures' first 3 non-Ethereal, stat-manipulating Spell Gems each have a 20% chance to be Cast automatically at the start of battle. This trait does not stack."
Arcus Vulpes,Vulpes,Life,35,10,25,15,20,105,105,"Temple of Lies, Blood Grove",Metaphysics,Arcus Ear,Your creatures deal 75% more damage with spells that don't belong to their class. This trait does not stack.
Incandescent Vulpes,Vulpes,Life,31,16,21,16,21,105,90,"Temple of Lies, Blood Grove",Naturalization,Incandescent Ear,Your creatures take 4% less damage for each non-Ethereal Spell Gem they have. Maximum of 90% damage reduction. This trait does not stack.
Terra Vulpes,Vulpes,Life,33,18,23,13,18,105,1,"Temple of Lies, Blood Grove",Pallida,Terra Ear,"Your creatures' first 3 non-Ethereal, damaging Spell Gems each have a 20% chance to be Cast automatically at the start of battle. This trait does not stack."
Spirit Vulpes,Vulpes,Life,28,16,21,16,21,102,60,"Temple of Lies, Blood Grove",Velox,Spirit Ear,"This creature's first 3 non-Ethereal, stat-manipulating Spell Gems each have a 50% chance to be Cast automatically at the start of battle."
Cosmos Vulpes,Vulpes,Life,30,15,22,17,22,106,75,"Temple of Lies, Blood Grove",Zerda,Cosmos Ear,"Your creatures' first 3 non-Ethereal, healing Spell Gems each have a 20% chance to be Cast automatically at the start of battle. This trait does not stack."
Plated Warhog,Warhog,Nature,39,24,9,14,24,110,64,Genaros God Shop (Favor Rank 18),Steel Eater,Armored Tusk,"After this creature Attacks, it afflicts the target with Vulnerable and decreases their Defense by 15%."
Mystic Warhog,Warhog,Nature,43,23,8,13,23,110,64,Genaros God Shop (Favor Rank 11),Magic Eater,Runic Tusk,"After this creature Attacks, it afflicts the target with Silenced and decreases their Intelligence by 15%."
Oozing Warhog,Warhog,Nature,39,24,9,14,24,110,64,Genaros God Shop (Favor Rank 14),Life Eater,Corroded Tusk,"After this creature Attacks, it afflicts the target with Blighted and decreases their lowest stat by 30%."
Barbed Warhog,Warhog,Nature,39,24,9,14,24,110,64,Genaros God Shop (Favor Rank 5),Blade Eater,Bladed Tusk,"After this creature Attacks, it afflicts the target with Disarmed and decreases their Attack by 15%."
Accursed Warhog,Warhog,Nature,38,23,8,16,23,108,64,Genaros God Shop (Favor Rank 1),Spirit Eater,Baleful Tusk,"After this creature Attacks, it afflicts the target with Cursed and decreases their Speed by 15%."
Dire Warhog,Warhog,Nature,38,23,8,16,23,108,64,Genaros God Shop (Favor Rank 8),Hog Wild,Gold Tusk,"After your Warhog creatures afflict an enemy with a debuff, they gain a random buff. This trait does not stack."
Waspid Worker,Waspid,Nature,27,22,22,12,22,105,64,Reclusa God Shop (Favor Rank 18),Disposability,Worker Stinger,Your other creatures' buffs persist through death.
Waspid Guardian,Waspid,Nature,23,18,18,16,26,101,64,Reclusa God Shop (Favor Rank 1),Endless Swarm,Guardian Stinger,"After this creature Attacks, each of your dead Waspids have a 50% chance to be resurrected with 50% Health."
Waspid Soldier,Waspid,Nature,24,19,19,14,24,100,64,Reclusa God Shop (Favor Rank 14),Final Sting,Soldier Stinger,"This creature deals 300% more damage with attacks. After this creature Attacks, it is killed."
Waspid Slicer,Waspid,Nature,22,20,20,15,25,102,64,Reclusa God Shop (Favor Rank 11),Gore,Slicer Stinger,"After your Waspids attack, they afflict the target with Poisoned and Bleeding."
Waspid Hiveleader,Waspid,Nature,26,21,21,11,21,100,90,Reclusa God Shop (Favor Rank 25),Hive Mind,Hiveleader Stinger,"After this creature Attacks, your other Waspids attack the same target for 30% normal damage. This trait does not affect other creatures with the same trait."
Waspid Infiltrator,Waspid,Nature,26,20,20,15,25,106,64,Reclusa God Shop (Favor Rank 5),Infiltration,Infiltrator Stinger,Your Waspids have 20% more Speed for each Waspid fighting on your side. This trait does not stack.
Waspid Scout,Waspid,Nature,25,20,20,15,25,105,75,Reclusa God Shop (Favor Rank 8),Swarm,Scout Stinger,Your Waspids each have a 4% chance to start at the top of the Timeline for each Waspid fighting on your side. This trait does not stack.
Glade Watcher,Watcher,Sorcery,33,18,18,18,18,105,19,"Refuge of the Magi, Eternity's End",Affluence,Glade Tears,This creature deals 50% more damage for each non-Ethereal Sorcery Spell Gem it has greater than its target. Maximum of 300% bonus damage.
Coast Watcher,Watcher,Sorcery,26,19,19,19,19,102,19,"Refuge of the Magi, Eternity's End",Baffle,Coast Tears,This creature deals extra damage equal to the amount of Intelligence it has greater than its target.
Inflatable Watcher,Watcher,Sorcery,29,19,19,19,19,105,415,Sorcery Guild,"Boing, Boing, Boing",Inflatable Drink,"After this creature is Attacked, it Attacks random enemies 3 times for 50% normal damage."
Roost Watcher,Watcher,Sorcery,32,22,17,17,17,105,60,"Refuge of the Magi, Eternity's End",Gulper,Roost Tears,"This creature deals 50% more damage for each buff, debuff, and minion it has greater than its target."
Watcher Sentinel,Watcher,Sorcery,27,17,20,20,20,104,90,"Refuge of the Magi, Eternity's End",Outnumbered,Sentinel Tears,This creature deals 125% more damage for each additional living creature you have greater than your enemy.
Rift Watcher,Watcher,Sorcery,27,17,20,20,20,104,45,"Refuge of the Magi, Eternity's End",Prowess,Rift Tears,This creature deals 50% more damage for each Sorcery creature you have greater than the enemy.
Sky Watcher,Watcher,Sorcery,29,19,19,19,19,105,75,"Refuge of the Magi, Eternity's End",Subjugation,Sky Tears,This creature deals extra damage equal to the amount of Defense it has greater than its target.
Hell Watcher,Watcher,Sorcery,26,16,16,23,23,104,30,"Refuge of the Magi, Eternity's End",Sycophant,Hell Tears,This creature deals 125% more damage for each additional dead creature you have greater than the enemy.
Roofstalker Wight,Wight,Death,41,21,16,16,16,110,45,"Path of the Damned, Kingdom of Heretics",Afterlife,Roofstalker Rattle,"After this creature dies for the first time in battle, it resurrects with 50% Health, and 50% more Attack, Intelligence, Defense, and Speed."
Frostbite Wight,Wight,Death,41,21,18,18,18,116,90,"Path of the Damned, Kingdom of Heretics",Cold Like War,Frostbite Rattle,"After an enemy is resurrected, this creature Attacks it 2 times and afflicts it with Frozen."
Terror Wight,Wight,Death,41,21,16,16,16,110,13,"Path of the Damned, Kingdom of Heretics",Dark Embrace,Terror Rattle,"After your creatures die, this creature gains 25% of their Attack, Intelligence, Defense, and Speed."
Trepidation Wight,Wight,Death,37,22,17,17,17,110,75,"Path of the Damned, Kingdom of Heretics",Last Stand,Trepidation Rattle,"After this creature dies, it attacks random enemies 5 times."
Headless Wight,Wight,Death,38,18,18,18,18,110,415,Death Guild,No Head Necessary,Headless Pumpkin,"While this creature is dead, it has a 50% chance to attack enemies at the start of their turns."
Holy Wight,Wight,Life,31,16,21,21,16,105,415,Life Guild,Praise the Light,Holy Rattle,"After your creatures are resurrected, they Cast Holy Nova. This trait does not stack."
Reclusive Wight,Wight,Death,42,22,17,14,17,112,30,"Path of the Damned, Kingdom of Heretics",Resurrection Code,Reclusive Rattle,"After this creature dies, it has a 50% chance to resurrect all allies with 50% Health."
Dread Wight,Wight,Death,37,17,18,18,18,108,60,"Path of the Damned, Kingdom of Heretics",Undeath,Dread Rattle,"After this creature dies, it has a 50% chance to resurrect with 100% Health."
Gravebane Wight,Wight,Death,41,21,18,18,18,116,15,"Path of the Damned, Kingdom of Heretics",Woe,Gravebane Rattle,"After this creature dies, enemies take damage equal to 30% of its Maximum Health."
Laughing Wisp,Wisp,Life,36,16,16,16,26,110,52,Bastion of the Void (Ghosts),Ethereal,Laughing Phylactery,"This creature is immune to debuffs and takes 50% less damage. After this creature takes damage, it is sent to the bottom of the Timeline."
Abyssal Wisp,Wisp,Life,35,15,15,15,25,105,52,Bastion of the Void (Ghosts),Lyra,Abyssal Phylactery,"This creature Attacks and Casts spells 3 additional times. After this creature takes damage, it is sent to the bottom of the Timeline."
Dancing Wisp,Wisp,Life,36,16,16,16,26,110,52,Bastion of the Void (Ghosts),Overpowered,Dancing Phylactery,"This creature deals 100% more damage. After this creature takes damage, it is sent to the bottom of the Timeline."
Scheming Wisp,Wisp,Life,35,15,15,18,25,108,52,Bastion of the Void (Ghosts),Poof!,Scheming Phylactery,"This creature always deals critical damage and has an independent 90% chance to dodge attacks. After this creature takes damage, it is sent to the bottom of the Timeline."
Wisp Watcher,Wisp,Life,36,16,16,16,26,110,60,Bastion of the Void (Ghosts),Spasm,Watcher Phylactery,"At the start of this creature's turn, it Casts its first five non-Ethereal Spell Gems. After this creature takes damage, it is sent to the bottom of the Timeline."
Wisp Seer,Wisp,Life,37,17,17,15,25,111,75,Bastion of the Void (Ghosts),The Virtue of Patience,Seer Phylactery,"At the start of this creature's turn, your creatures gain 3 random buffs. After this creature takes damage, it is sent to the bottom of the Timeline."
Volcanic Wolpertinger,Wolpertinger,Nature,28,18,18,16,21,101,64,Amalgam Gardens (Braziers),Whimsical,Volcanic Carrot,Your creatures' Scourge spells deal 100% more damage. This trait does not stack.
Viridian Wolpertinger,Wolpertinger,Nature,27,20,20,15,20,102,64,Amalgam Gardens (Braziers),Bottom Feeder,Viridian Carrot,Your creatures' Scourge spells also afflict the target with a debuff that is based on the type of Scourge spell that is Cast. This trait does not stack.
Vernal Wolpertinger,Wolpertinger,Nature,31,21,21,15,20,108,415,Nature Guild,Camaraderie,Gummy Egg,"After this creature Defends, it gains a Barrier that absorbs damage equal to 100% of its Maximum Health. If this creature already has a Barrier, it gives it to a random ally instead."
Vicious Wolpertinger,Wolpertinger,Nature,33,23,18,13,18,105,64,Amalgam Gardens (Braziers),Colorblind,Vicious Carrot,"After this creature Attacks, it Casts a Scourge spell that matches the target's class."
Docile Wolpertinger,Wolpertinger,Nature,28,18,21,16,21,104,64,Amalgam Gardens (Braziers),Ditto,Docile Carrot,"After one of your creatures manually Casts a Scourge spell, this creature Casts the same Scourge spell."
Villous Wolpertinger,Wolpertinger,Nature,35,15,25,10,20,105,415,Nature Guild,Echoing Incantation,Villous Carrot,This creatures' single-target spells have a 35% chance to be Cast 1 additional time. This effect can occur repeatedly.
Vile Wolpertinger,Wolpertinger,Nature,29,19,19,16,21,104,64,Amalgam Gardens (Braziers),Fraud,Vile Carrot,Your creatures' Scourge spells no longer consume Charges and cannot be Sealed.
Volatile Wolpertinger,Wolpertinger,Nature,30,20,20,15,20,105,64,Amalgam Gardens (Braziers),Prey,Volatile Carrot,"At the start of battle, your creatures gain a Scourge spell that matches their class. This trait does not stack."
Vampiric Wolpertinger,Wolpertinger,Nature,29,19,19,16,19,102,64,Amalgam Gardens (Braziers),Soul Sucker,Vampiric Carrot,"After your creatures Cast a damaging spell, they recover Health equal to 30% of the damage dealt. This trait does not stack."
Wyvern Sonicscreecher,Wyvern,Chaos,36,16,21,16,21,110,43,Faraway Enclave (Eggs),Bounce,Sonicscreecher Head,"After an enemy Casts a single-target spell on one of your creatures, this creature has a 50% chance to Cast the spell on a random enemy. This trait does not stack."
Wyvern Toxicfang,Wyvern,Chaos,35,15,20,15,20,105,75,Faraway Enclave (Eggs),Currents,Toxicfang Head,"After an enemy gains stats, this creature afflicts it with a random debuff."
Wyvern Skystalker,Wyvern,Chaos,35,15,20,15,20,105,43,Faraway Enclave (Eggs),Deep Inhalation,Skystalker Head,"After an enemy Casts a spell on all your creatures, this creature has a 50% chance to Cast the spell on the enemy creatures as well. This trait does not stack."
Wyvern Daybreaker,Wyvern,Chaos,33,13,21,16,21,104,60,Faraway Enclave (Eggs),Fallen Star,Daybreaker Head,"When an enemy would gain stats, this creature has a 50% chance to gain them instead."
Wyvern Windrider,Wyvern,Chaos,37,16,21,16,21,111,43,Faraway Enclave (Eggs),Spell Stealer,Windrider Head,"After an enemy Casts a spell on all its allies, this creature has a 50% chance to Cast the same spell on your creatures as well. This trait does not stack."
Wyvern Airslayer,Wyvern,Chaos,35,15,20,15,20,105,45,Faraway Enclave (Eggs),Wings of Despair,Airslayer Head,"When an enemy would gain a buff, this creature has a 50% chance to gain it instead."
Frostbite Yeti,Yeti,Sorcery,33,18,16,21,16,104,45 (1 for Sorcerer),"Frostbite Caverns (Frozen Yetis), Sorcerer Starter",Brain Freeze,Frostbite Snowball,"After this creature is Attacked, the enemy is afflicted with Frozen."
Snowsting Yeti,Yeti,Sorcery,36,21,16,21,16,110,60,Frostbite Caverns (Frozen Yetis),Cold Snap,Snowsting Snowball,"When this creature damages a Frozen enemy, it deals 300% more damage and removes the debuff."
Rimefist Yeti,Yeti,Sorcery,33,18,16,21,16,104,75,Frostbite Caverns (Frozen Yetis),Frost Breath,Rimefist Snowball,"After this creature dodges or deals critical damage, each enemy has a 50% chance to be afflicted with Frozen."
Coldslam Yeti,Yeti,Sorcery,34,19,14,22,17,106,4,Frostbite Caverns (Frozen Yetis),Ice Nova,Coldslam Snowball,"After this creature Provokes, each enemy has a 50% chance to be afflicted with Frozen."
Icemane Yeti,Yeti,Sorcery,36,21,16,21,16,110,30,Frostbite Caverns (Frozen Yetis),Lingering Frost,Icemane Snowball,"After an enemy's Frozen debuff expires, this creature afflicts it with Snared."
Chillbreeze Yeti,Yeti,Sorcery,35,20,15,20,15,105,15,Frostbite Caverns (Frozen Yetis),Thermal Void,Chillbreeze Snowball,Enemies take 50% more damage while they are Frozen. This trait does not stack.
Ancient Yeti,Yeti,Sorcery,36,21,16,21,16,110,90,Frostbite Caverns (Frozen Yetis),Winter Has Come,Ancient Snowball,"At the start of battle, this creature afflicts 2 random enemies with Frozen."
Failed Experiment,Experiment,Sorcery,43,18,16,21,11,109,,Unknown,Multiply,Unknown Material,"After this creature is damaged by an attack or spell, it summons a copy of itself."
